-2073.8376,301.36328,118.74954,39.829887,17.80756,3.0296426,-15.961266,-2.933091,-18.345411,-14.760198,-19.099865,-0.88312435,-7.81611
-2139.5388,298.60278,193.23666,87.11682,35.256027,13.790058,-37.34249,-20.854069,-0.7734659,6.7466507,-27.924171,-11.481735,-6.5656767
-2075.7314,349.7658,193.06601,52.767822,4.405404,-6.408241,-6.413733,-19.264194,1.7778966,13.667035,-36.847713,-9.568067,-5.712185
-2060.3,327.92233,194.8464,82.12889,34.435047,20.578068,-35.267647,-38.41947,-4.5062437,15.857757,-42.749615,-3.886672,6.569333
-2024.3058,330.6385,208.21234,95.14992,24.301785,5.8648496,-36.71607,-32.098633,5.431237,11.223786,-41.367943,-8.2979,-5.4442844
-1996.6678,346.25244,204.23404,111.68329,42.1688,13.035472,-43.591133,-40.96746,-3.592204,10.1894245,-44.97748,1.0930285,-14.539081
-1943.7963,359.58755,206.94493,119.24994,29.338661,10.754557,-49.64446,-34.314854,4.679299,14.610123,-52.052376,-6.331251,-5.5426307
-1854.8206,397.83923,208.27133,100.99985,17.90248,-4.3402205,-54.467957,-19.926908,19.612106,7.821036,-53.024796,-14.327147,-19.819656
-1718.0624,402.39142,203.48018,93.34183,1.5630226,0.85896015,-50.70025,-25.510303,16.336187,28.230127,-54.303806,-10.531347,-22.020205
-1601.1472,386.23627,204.30353,111.63037,28.400852,-10.68471,-67.55032,-43.0764,1.4461002,38.413506,-43.051,-4.746418,-21.11513
-1346.9036,422.10007,110.333206,69.27812,-0.90214396,-6.515971,-56.68849,-10.71697,6.7886066,5.0442085,-30.099089,-22.151737,-33.585968
-1119.0469,418.19037,50.359146,37.18956,-23.077356,-35.098072,-50.404236,-7.4548955,23.580828,14.792753,-29.976881,-41.05918,-37.86962
-901.25574,371.3269,-13.689301,11.107307,-34.612656,-15.285484,-31.39878,-24.834332,-19.80708,-6.0559587,-22.96869,-18.764565,-1.3259058
-731.9106,312.85794,-44.712906,-10.1786175,-34.450726,-25.005226,-31.704842,-29.721155,-27.020082,-15.992881,-18.280235,1.084405,13.618193
-643.09894,267.37317,-82.59735,-28.052357,-22.748524,-8.070868,-36.20542,-38.81623,-21.732544,-11.825161,-21.716465,0.5529027,18.902443
-576.84906,221.41216,-97.06453,-36.121326,-46.116455,-38.72467,-47.908745,-50.92385,-55.236767,-9.636989,7.8983316,25.205097,33.86549
-523.78217,198.71828,-99.01276,-49.947906,-43.21412,-41.621113,-51.326603,-54.94997,-51.032303,-3.6606922,9.876912,30.204496,30.965828
-510.88522,200.13986,-112.46211,-50.87191,-49.53995,-44.87339,-59.807266,-60.628174,-44.223305,2.3959026,14.753817,35.844147,17.771309
-525.98364,197.24547,-108.11372,-47.577427,-51.149334,-42.94337,-66.70818,-55.150856,-38.626106,4.9636974,19.934364,34.378128,27.549364
-510.82404,179.20053,-103.76613,-51.502575,-59.154686,-49.02889,-61.58195,-49.276016,-44.145744,4.9982977,25.968063,30.68879,31.707026
-482.31793,159.82608,-118.476685,-52.9841,-54.199276,-46.436985,-68.20509,-52.72275,-48.94792,1.4358978,32.762714,38.450493,22.013933
-447.1287,112.815125,-137.38937,-67.913895,-56.441525,-61.510986,-77.65781,-72.07626,-66.90169,1.9704952,30.090532,42.848618,36.816895
-446.16092,148.31436,-128.36247,-48.83743,-43.580536,-48.69936,-61.85897,-45.440777,-58.554436,4.4958725,25.754225,37.344173,28.288782
-444.34296,141.85675,-149.241,-48.345654,-53.091553,-60.69111,-65.238716,-54.389072,-62.444458,6.820469,25.851124,40.00294,19.540077
-457.23883,189.12605,-127.035126,-50.57755,-49.79486,-47.520622,-38.371593,-37.402504,-37.79893,11.012161,15.674869,18.58495,9.599312
-478.61942,203.32971,-104.86084,-33.684067,-43.10801,-35.960136,-57.15746,-29.711763,-35.40635,-8.092649,25.216951,16.48369,-2.7697735
-462.21002,185.97421,-134.75041,-51.277523,-43.08875,-54.956112,-50.505062,-32.63542,-58.313747,6.690422,18.198269,25.03313,20.678883
-500.22,221.64221,-124.09681,-31.827843,-39.743706,-39.587105,-35.49122,-21.333591,-50.990913,-17.33912,19.559875,8.97904,20.194633
-497.60947,197.3052,-121.11568,-48.34539,-43.526237,-53.977627,-47.69937,-33.89138,-66.31834,-19.245308,12.320855,11.95968,27.785563
-533.2864,210.81575,-110.19635,-23.940174,-31.830492,-42.506138,-42.006668,-45.93399,-86.450226,-25.365227,12.64821,4.9903345,26.695795
-561.4598,206.32626,-92.595276,-19.362766,-14.341633,-45.628513,-52.645897,-48.653625,-79.38578,-25.499428,8.665704,9.587242,25.305159
-592.7984,228.7714,-101.94166,-15.944643,-22.135817,-42.97733,-62.808098,-51.678116,-75.11708,-26.490152,-3.6839812,16.949125,24.586988
-647.04004,226.76689,-89.06313,-26.345573,-36.47265,-55.838802,-59.320168,-56.42035,-90.62962,-46.487225,-11.288985,17.1265,36.6794
-672.1135,222.66187,-116.659004,-62.613518,-17.856415,-46.837963,-62.55517,-70.67157,-104.212105,-69.365234,-21.357056,20.217964,46.83422
-746.6705,237.72713,-85.362595,-29.703903,5.809813,-27.70531,-73.6268,-66.72496,-81.57512,-55.438942,-14.640282,18.294088,32.165356
-951.17004,311.52136,-75.71854,-36.52272,22.098785,18.26171,-58.544754,-44.131065,-73.738396,-54.712822,-28.589918,27.310919,36.72972
-1241.9424,354.52087,-33.73298,-44.74727,-8.291449,29.778992,-66.55909,-38.976746,-56.686142,-53.420254,-21.73636,58.407482,25.304253
-1578.0391,411.34836,-15.0394945,-85.140564,11.273076,-10.402686,-61.047165,-15.231094,-42.720196,-17.909794,-33.00435,57.59718,14.772053
-1734.7908,445.64587,-24.702255,-75.339386,25.021114,-8.36849,-53.02266,-37.511353,-29.70732,-23.857311,-12.731244,51.075207,31.613516
-1772.4302,421.14636,-44.099358,-76.02043,33.925114,-2.9364846,-65.39798,-24.200165,-26.000772,-60.150696,-22.550432,62.814774,14.783644
-1830.7916,404.59732,-8.190804,-71.07685,0.12256956,-27.152641,-81.97334,-54.34657,-39.000126,-32.409622,-18.42694,44.89292,28.37875
-1829.3386,422.67548,-9.997353,-89.4949,1.9421959,-46.883522,-89.785324,-42.248962,-37.510315,-24.66322,-9.470155,56.84531,20.205658
-1803.6853,437.43503,6.5125003,-74.93469,12.2824745,-35.746155,-99.46042,-57.828445,-22.897923,-11.625607,0.7871325,55.186314,26.964859
-1789.2098,433.74097,10.9651,-66.128944,25.815804,-22.602081,-76.93042,-32.165565,-19.365543,-24.212223,-9.900335,49.513325,19.374165
-1777.03,416.40677,13.4594,-104.72438,3.0042243,-2.780058,-62.840717,-34.38212,-16.0468,-18.544943,-7.0373597,50.51342,28.732183
-1819.6316,366.69757,22.006397,-89.99786,23.010517,30.633228,-57.168026,-41.632202,-23.430418,-16.324062,-12.765081,50.939655,29.067675
-1674.4446,252.16666,30.532476,-19.431183,-67.085526,35.42511,-98.754425,-59.329258,-13.22287,-41.72402,-4.356913,22.981167,24.085068
-1302.9049,-11.696743,96.9351,-24.763773,-135.1404,55.206085,-89.9463,-77.92588,-30.252857,-8.338378,-30.56987,19.700737,19.05225
-1138.7604,-71.217865,114.64965,13.009215,-83.888275,57.116558,-73.72833,-52.32292,-32.03698,-14.864153,-10.031329,35.391525,11.74908
-1296.1294,92.12683,99.41059,33.208862,-47.808315,57.11008,-50.938675,-37.4399,-16.97249,16.022778,3.1931152,45.055916,17.525904
-1020.7078,263.79883,-52.177826,35.315685,35.715965,60.66282,-25.356121,-38.40537,-41.68177,-50.56301,-3.2928112,60.271706,35.106316
-915.0373,304.59924,-43.884247,-1.3868351,-27.380436,42.0733,-38.159702,-66.81096,-42.53961,-61.609924,-2.1518846,52.786682,27.85247
-961.90845,355.48193,-75.284645,-23.229252,-8.235802,30.469473,-62.29775,-62.99218,-28.496677,-61.976868,0.0045437673,60.968994,29.361652
-837.62604,290.2042,-84.42035,-15.809305,-11.336577,-34.571686,-54.78662,-50.495903,-64.82852,-26.72194,14.7031555,46.056976,51.17601
-786.26733,241.08643,-81.20802,-11.667447,-26.40289,-60.264305,-67.25568,-59.566654,-59.923454,-22.579235,17.676498,43.663746,52.058838
-778.6158,237.47554,-91.26642,-27.014664,-29.422503,-71.75531,-66.22393,-59.53247,-66.69983,-27.508179,19.808376,51.368126,52.526997
-781.09375,219.11395,-90.00845,-35.525436,-32.53736,-78.26435,-77.90688,-68.4857,-59.739754,-16.505482,15.82719,42.49702,56.36875
-767.8491,209.75229,-82.09216,-40.063652,-32.225002,-79.48911,-65.67034,-62.217117,-63.22294,-17.467804,16.805893,47.019295,49.170387
-763.6697,208.30673,-89.52371,-37.311935,-42.3326,-69.420074,-69.42755,-65.11561,-69.18752,-17.980078,28.500772,40.36035,45.075035
-699.5178,181.57176,-103.02811,-56.281837,-50.084316,-55.250977,-61.88307,-77.51277,-83.58719,-13.743031,30.953184,52.996212,41.637863
-637.4265,153.97818,-128.87247,-63.07911,-37.804947,-47.98535,-75.35417,-81.68479,-84.78092,-30.135895,40.134083,57.797226,46.14016
-654.22876,183.62582,-116.12857,-54.41189,-25.675543,-44.91269,-70.470634,-71.55413,-67.403336,-22.625645,38.5219,48.208767,39.618286
-665.0446,202.59363,-115.025116,-43.828804,-22.391714,-47.44151,-67.59998,-60.73639,-51.735382,-17.280704,32.79291,49.535213,34.529205
-646.0708,202.61383,-122.86959,-42.86544,-29.372435,-50.03358,-65.61949,-58.478325,-43.817463,-12.475477,34.50246,48.427437,42.57394
-624.28937,192.46838,-114.47806,-48.394455,-37.547295,-50.295914,-70.331924,-60.716263,-39.321255,-13.184,37.474907,50.42713,35.8055
-612.9562,181.72577,-105.52225,-54.688213,-49.778862,-51.40293,-69.41649,-67.955475,-44.931873,-6.6155567,29.191813,51.688812,33.833363
-665.3494,203.9173,-80.13298,-40.793262,-53.86653,-63.88083,-62.956978,-57.758144,-47.351315,-1.4506721,21.881262,42.101425,35.07774
-696.4094,219.61041,-77.6128,-21.623333,-42.148964,-55.89424,-52.408627,-53.94196,-50.335533,-8.058397,16.49305,43.724625,33.637703
-729.4944,216.43137,-84.00617,-24.454018,-46.14382,-59.67807,-72.90848,-63.203247,-62.01573,-6.059326,26.648693,37.32169,40.420517
-750.2527,245.74045,-93.35437,-46.920925,-45.256382,-56.206543,-48.007233,-59.190582,-53.050774,6.207368,14.276201,24.409874,35.527367
-735.88293,237.42972,-106.93068,-56.635666,-41.453766,-49.67069,-58.088066,-69.979965,-65.328094,-9.809759,21.624779,33.48159,36.395798
-717.23706,232.29456,-94.22734,-66.96168,-54.250908,-41.973534,-58.9549,-69.6229,-61.813606,-11.800094,15.863499,31.598007,33.050682
-814.79956,285.4107,-82.828156,-72.22142,-55.639153,-46.268875,-49.436737,-43.955296,-38.567608,2.085202,-0.29032585,2.659074,31.627415
-976.9129,351.47125,-96.527885,-71.290634,-55.16265,-52.07957,-44.564865,-21.80606,-1.1632814,3.7912614,-40.404003,-4.339162,28.094486
-1090.1481,365.77875,-81.68584,-56.49186,-71.89342,-53.169975,-48.93873,6.2360134,7.9306164,12.118489,-69.3633,-5.250947,24.085474
-1214.2976,388.6599,-63.07602,-58.942177,-79.09377,-14.043087,-66.507576,37.90831,30.714027,-6.0136614,-89.75136,-12.465892,23.425255
-1166.9323,381.9001,-21.753391,-35.022564,-82.31848,-53.588142,-72.53784,-11.824398,15.862994,12.803889,-35.202934,-23.827042,3.5253077
-1099.2477,354.56122,7.5229826,-35.11348,-67.0706,-35.96499,-38.45409,-20.964119,-25.023422,1.7074499,-9.277777,-11.680974,-17.556126
-1302.5055,407.52106,80.18887,19.883184,-62.34149,-22.76057,-51.570793,-1.140419,1.2396364,10.5797205,-50.864952,-17.798721,-19.9971
-1301.8527,399.02362,84.066025,42.706734,-38.470367,-13.923439,-39.989304,-5.155053,-14.170026,-19.451357,-34.67317,-13.835249,-9.688689
-1443.6318,426.27347,78.72382,88.707016,36.196037,20.996826,-52.27262,-17.587898,-6.8505363,-14.305382,-73.48887,-15.789341,-2.9510422
-1435.3562,447.23993,78.38327,92.73777,45.689407,5.0994177,-51.680317,-32.18402,-6.8034935,-18.468601,-59.48321,8.827996,17.622072
-1434.439,441.1801,57.571716,105.17592,51.85839,11.560467,-48.72489,-12.040289,-12.328641,-28.859259,-63.832497,3.5649548,23.880924
-1469.7059,403.20563,55.48311,127.11431,61.235367,30.546963,-60.38806,-2.0454035,-5.6137867,-37.446526,-67.88876,-9.26862,7.413328
-1464.1621,406.99963,55.88436,118.637634,43.44011,-3.7625227,-87.21814,-1.7263374,-2.1168199,-8.291676,-59.987267,-12.322117,17.694544
-1519.678,380.7478,34.513855,118.44783,63.451927,0.7043447,-80.310104,-11.471497,-11.790689,-11.057129,-54.39352,-10.683102,10.365471
-1532.8314,367.48486,29.29187,99.79242,47.225677,-9.553987,-69.00443,-1.0883808,-23.209309,-16.100231,-57.547707,2.7583385,29.744312
-1530.3164,339.6305,40.949585,99.984955,46.863712,8.980822,-88.15574,-1.2948217,-30.968693,-1.3091614,-50.42361,-5.831088,25.03584
-1470.1799,362.76962,84.912025,84.57776,-16.65033,-7.3128657,-102.09158,-0.21084976,-12.558252,4.2281437,-55.130974,-10.225121,2.9566727
-1265.6212,375.1759,63.72576,10.161324,-38.066868,-18.021725,-62.86483,-0.7714119,-39.888554,-13.998537,-40.57295,-24.965803,-17.77663
-1083.4624,376.8196,6.248719,-15.879203,-44.969788,-32.663883,-64.587685,2.377757,-26.019585,-36.0194,-44.043766,-18.62236,-23.842403
-941.5463,354.45392,-36.66224,-37.3946,-28.590046,-47.78282,-53.39536,-29.150087,-41.185043,-44.185318,-33.48274,-15.019869,-17.152687
-824.1645,301.48645,-71.423416,-41.26193,-19.86815,-56.141006,-55.87696,-45.618183,-55.571182,-43.578094,-46.54216,-18.97155,0.7036495
-771.14545,290.88635,-104.11907,-55.392536,-14.54724,-56.171772,-37.400894,-35.836517,-46.42137,-43.93067,-47.41391,-26.091623,-2.4043407
-743.5962,253.83948,-105.03444,-40.028397,-30.350416,-72.94013,-47.960823,-26.865662,-45.960747,-48.067165,-32.30361,-7.9407845,15.798168
-755.57007,249.65884,-117.937325,-47.42976,-31.362848,-81.0425,-60.910248,-14.539978,-44.441628,-46.36669,-16.87066,11.454443,34.729507
-726.1127,233.02812,-135.18951,-55.793896,-26.157461,-67.913315,-78.36885,-19.212685,-47.12825,-35.65548,-1.4314519,22.968004,45.105453
-734.75037,239.31876,-143.6947,-54.90844,-18.21378,-65.056526,-72.55016,-45.46843,-48.336655,-25.661392,5.3410277,32.98045,43.246613
-737.354,234.46887,-134.96786,-54.61767,-10.148687,-66.75551,-69.783775,-44.78641,-45.31436,-24.716492,8.048335,29.388508,33.167152
-727.8137,232.12659,-140.8924,-46.941467,-23.17641,-60.889633,-45.520275,-47.94067,-39.677044,-22.882534,2.2371588,27.482754,37.704273
-728.71484,228.11722,-149.95325,-36.729286,-23.857424,-61.13787,-48.27597,-47.01037,-38.085423,-20.896725,3.8605993,26.790668,39.797535
-693.22217,192.41846,-135.02206,-31.847744,-31.693138,-54.37932,-56.375023,-60.128227,-39.39067,-21.292221,6.4270654,27.743286,48.242203
-678.07495,171.83653,-121.37509,-37.466286,-30.00884,-60.26409,-58.8307,-56.8468,-59.62317,-20.78838,19.308622,28.83303,47.82878
-668.8982,161.04407,-119.44118,-36.889153,-28.560501,-57.20204,-56.579056,-58.47406,-69.53593,-25.03675,23.41845,36.063923,49.119865
-661.4955,156.39287,-125.46544,-35.586098,-30.381477,-52.41528,-59.30613,-72.43103,-64.950485,-21.104382,27.131575,44.57017,39.078743
-653.84686,162.18951,-131.31723,-40.009758,-25.637928,-49.47799,-69.343346,-63.177567,-67.252014,-25.780003,32.87998,45.589,36.41542
-630.6503,157.9708,-135.60706,-45.792,-29.952747,-56.480022,-55.245285,-59.050247,-70.59735,-33.985767,27.214655,48.65504,38.922897
-636.1356,167.10443,-135.82759,-47.247337,-32.605427,-53.038933,-50.473217,-59.98864,-69.8754,-37.865746,17.185074,47.435066,40.972984
-657.0085,179.45113,-132.64592,-47.01937,-24.57111,-49.10535,-51.91334,-63.294975,-72.62138,-36.452564,11.030531,44.96519,50.60551
-653.2974,169.84077,-122.7973,-44.63457,-23.295067,-46.4282,-54.111282,-67.82945,-74.326385,-37.10682,15.347929,46.506256,52.84977
-650.5491,163.2946,-123.729294,-43.155174,-31.597473,-44.129047,-60.005383,-66.87822,-80.7164,-42.25666,19.860947,56.197388,46.84347
-648.7482,153.37656,-114.16926,-48.44142,-38.58536,-40.472126,-60.16867,-71.66221,-80.82349,-40.222713,24.821426,53.051746,49.229782
-694.33264,164.00366,-104.01115,-41.459415,-45.264378,-41.34702,-56.078346,-70.3156,-82.21412,-30.837643,25.786455,45.761204,48.163887
-727.99805,170.21411,-95.01108,-36.39601,-39.197952,-44.947792,-43.233814,-64.46464,-71.90194,-31.755209,16.632978,42.255898,56.163765
-745.5531,174.32016,-119.86977,-23.96344,-45.39927,-33.299923,-13.297759,-58.40247,-75.53426,-45.824398,22.509403,45.436527,51.681465
-815.97485,211.76923,-137.12408,-20.414627,-48.544914,-37.557625,-2.5491781,-46.599617,-78.68834,-36.01938,23.542088,34.81569,49.524033
-829.3596,225.69298,-155.21104,-20.646946,-40.753166,-45.157085,2.9821644,-42.46505,-74.15662,-29.742783,15.276073,38.76544,50.33459
-838.16675,222.17935,-133.63605,-7.7548413,-46.228973,-54.288445,-20.194674,-43.397434,-61.377815,-35.360577,14.695892,37.81677,42.117355
-814.2708,199.00266,-100.57841,-18.769358,-33.527332,-62.692474,-49.173103,-61.63501,-58.056694,-11.4826145,16.629726,22.195353,38.278687
-761.0846,184.22754,-105.81137,-30.073414,-24.837286,-62.38924,-58.647728,-74.71852,-65.08247,-10.044203,25.899698,35.21235,27.887491
-744.2567,215.46375,-129.43315,-39.11407,-23.972303,-59.27703,-53.76168,-70.86485,-59.085186,-12.843846,23.743565,37.710728,22.26112
-740.3323,227.96954,-133.09648,-43.587692,-12.366395,-67.217545,-56.50385,-57.286366,-59.2412,-15.876698,21.505915,31.537045,23.934078
-771.31036,246.50595,-126.108734,-49.780388,-2.609108,-67.60155,-58.19634,-46.98139,-56.762287,-8.283796,26.420126,27.371508,30.079967
-768.556,259.6129,-134.07983,-48.858093,-6.469904,-72.9397,-45.476738,-39.873592,-51.708904,-3.5482292,22.775309,27.00303,33.263798
-766.9908,253.80247,-132.89194,-38.000084,-22.432684,-73.030594,-46.786377,-53.820324,-45.240158,-0.117702484,17.682436,26.904078,31.061293
-796.1129,270.4594,-125.288956,-30.139874,-38.842426,-71.48396,-46.429596,-49.70867,-42.47361,1.952712,15.945291,22.56699,29.114668
-850.1889,288.99432,-113.262436,-12.699932,-42.01499,-77.71126,-56.253128,-38.064766,-35.127934,3.262838,11.408298,13.156343,30.048092
-916.54565,310.75604,-111.13691,-9.963436,-33.151165,-68.31172,-57.67933,-49.814163,-36.03296,7.1982183,4.5212374,12.525823,32.175987
-869.0245,262.059,-93.33663,-23.982555,-25.242355,-68.78085,-64.3039,-65.19669,-53.601852,-7.15623,28.21533,27.012413,32.41407
-841.10156,239.36525,-88.054,-52.135315,-29.510315,-69.16243,-69.35057,-70.49669,-64.7583,-7.755065,34.777462,38.466213,36.75326
-829.2428,229.76111,-81.59667,-60.83335,-33.452026,-78.94014,-65.71747,-72.148125,-69.91005,-3.6950836,35.21518,39.61519,40.749424
-824.1079,223.20703,-86.0111,-50.7951,-28.027494,-81.00287,-76.42958,-71.65947,-71.75731,-3.5936527,40.898994,35.85041,40.892963
-821.21765,217.9318,-83.61169,-37.23971,-17.627548,-93.99306,-78.26105,-66.85709,-62.7328,-3.948038,39.249016,36.879845,36.236332
-844.7453,235.00934,-95.77332,-18.95314,-30.84765,-92.98365,-78.04216,-62.72231,-60.66841,-0.11729622,34.006786,36.6326,36.029877
-815.50146,237.75409,-96.722946,-39.026382,-34.871975,-88.84584,-60.491753,-64.26805,-46.08493,5.528556,22.425575,22.099472,27.409836
-841.3972,264.25952,-106.38251,-37.821693,-40.16916,-87.043274,-53.78889,-56.80386,-36.634502,3.3511968,18.16955,13.100037,22.112698
-841.68,274.3586,-115.822235,-43.0499,-37.103428,-80.08148,-51.08,-41.527794,-29.743305,2.233368,12.523842,-2.282442,20.668087
-909.4286,306.45636,-112.612076,-42.072792,-47.64534,-66.675705,-53.22621,-11.595404,-16.474682,-14.592905,0.7564147,-6.7828507,28.248623
-1019.954,333.6767,-99.55542,-20.605442,-45.438633,-70.51383,-65.32945,18.383701,-0.31399155,-28.009935,-24.168753,5.307268,30.526892
-1112.2059,357.39188,-97.70145,-5.89534,-40.31142,-52.04136,-99.8578,30.461304,24.494938,-35.762737,-33.3499,-6.7554255,33.147938
-1210.4324,387.7022,-95.93056,15.186989,-34.078598,-67.172005,-109.508835,34.0801,26.065853,-25.104307,-53.174633,18.283518,33.122715
-1161.4006,358.15582,-73.076805,-2.531599,-34.92704,-82.754715,-100.55001,19.693344,23.600697,-29.11283,-38.05239,13.604811,33.96114
-1218.31,384.80573,-79.61486,-0.7109575,-39.304237,-94.57195,-115.21355,22.849329,28.901033,-30.050941,-39.98782,20.821358,41.190292
-1232.2391,373.79218,-56.86834,1.9534683,-43.574326,-101.57117,-108.57872,9.597147,43.714897,-38.593285,-45.126404,26.26829,41.49253
-1195.0,380.5821,-58.67402,8.752397,-48.7771,-101.16542,-100.30928,10.718872,14.214987,-33.602768,-42.926117,7.873255,35.026215
-1328.3057,444.81616,-54.87671,4.351509,-23.527588,-101.62834,-107.7077,26.090631,27.57503,-24.048716,-80.69485,22.334524,40.133553
-1433.212,477.40033,-30.562525,-16.758726,-10.805009,-95.81291,-105.65666,28.216558,32.392838,-29.537079,-77.18696,27.621101,33.19777
-1488.8163,480.28436,-38.275467,-15.445771,5.4924765,-115.0247,-84.27518,36.734818,40.670376,-13.784114,-67.46253,10.8669,21.361393
-1416.7275,472.74152,-22.60925,-10.373119,-35.127968,-86.24449,-80.01242,-0.6867447,18.099613,-26.601093,-44.49062,13.370552,28.249203
-1516.3948,490.50647,-21.358667,-11.715021,-22.077564,-102.733665,-90.971855,34.36146,38.397102,-11.430769,-63.885742,9.424049,23.238586
-1389.3346,430.78534,-25.01907,25.026989,-43.00797,-106.79179,-104.438095,17.542679,32.466457,-9.470548,-57.07658,-6.607501,17.497738
-1275.0566,402.5503,-26.867434,23.261112,-64.44273,-113.880646,-90.68099,1.9125404,41.718624,-32.594025,-44.124943,-2.0980291,18.531857
-1213.5059,375.11487,-35.81109,40.559998,-85.70981,-105.893394,-65.132576,-6.021596,20.012682,-16.32167,-70.278244,22.459938,19.39363
-1137.832,339.90613,-52.26307,43.878426,-81.99585,-96.65515,-57.69481,-15.601794,32.877365,-27.301453,-59.533154,24.121014,19.842962
-1232.4279,380.36246,-86.70499,53.74633,-60.062363,-111.9999,-66.079025,12.956636,74.89106,-7.4182167,-114.403336,28.78207,21.572823
-1366.593,412.97406,-82.31857,31.3272,-19.334608,-105.93386,-77.7943,53.793045,55.338455,17.61612,-138.96597,22.855541,11.847971
-1529.0575,392.84845,-29.264988,43.299004,-20.61373,-75.543274,-88.31644,37.42813,53.147343,9.237354,-96.93064,16.101185,14.173397
-1435.4766,219.53339,48.52384,110.26366,-109.394714,-34.174232,-97.439575,26.286201,8.038188,-5.549403,-33.788902,9.790318,16.919647
-1296.0791,48.382233,73.27461,136.28622,-131.23138,-2.7672572,-100.857376,13.995534,-6.840307,-5.688883,-14.058815,17.94063,-11.292349
-1191.6628,-38.258987,54.028152,143.00385,-144.62732,10.430141,-95.63803,19.752687,-15.795082,-9.714137,-7.6536813,35.566082,-15.59095
-1106.4304,-70.811554,89.76255,144.52206,-149.18518,14.12863,-95.540794,33.75959,-22.025602,-25.366236,4.023992,63.057617,-6.87336
-1109.4043,-137.82777,92.42943,151.41565,-138.80164,52.958725,-73.19667,38.01484,-6.527239,-10.570652,8.527161,49.64354,-19.46475
-1135.5664,-137.43053,113.564896,158.89282,-161.38629,35.9078,-74.91489,14.183846,-26.440788,-33.13047,-7.4165964,45.594444,-19.080292
-1168.6931,-142.94798,138.3309,147.69647,-154.8027,37.017612,-98.8734,26.220112,-21.390553,-32.01596,-8.727948,21.679,-19.661602
-1174.7106,-142.7275,133.49152,154.26343,-142.20271,31.601124,-112.48662,17.304502,-4.168049,-37.599358,2.832074,27.364021,-6.434024
-1219.4833,-127.506996,137.0445,133.8266,-152.25766,21.83968,-101.86555,14.376708,-2.4034386,-25.09234,1.7754734,21.308626,-11.947553
-1229.4418,-127.866684,132.68811,118.387085,-143.25677,29.709906,-110.81195,-10.8107605,-32.83857,-42.873184,12.626373,21.678337,-5.3992653
-1203.9169,-158.85251,104.466156,119.32507,-151.78665,25.550201,-102.87604,-3.9866104,-7.015239,-12.078341,8.834056,19.400164,-9.149022
-1183.214,-172.21815,90.90428,141.96777,-154.81375,43.43239,-81.14579,-13.903261,-27.086353,-31.171295,23.982693,19.164646,-2.678379
-1161.22,-141.62201,81.98389,119.28386,-128.56467,50.542973,-82.0585,-1.2123079,-47.65968,-2.4812794,18.740204,17.338066,-3.848236
-1278.8743,-59.336643,63.59349,126.091965,-90.15669,60.00798,-69.88804,8.032742,-16.574596,7.195337,-1.5312253,20.663145,-5.187709
-1418.5784,36.908516,31.670574,114.237206,-92.44762,39.194572,-52.69937,45.03273,-9.953384,6.3810396,-11.676884,15.606181,2.1215088
-1559.5968,236.13216,48.71964,105.39436,-94.05188,22.204212,-48.594563,38.17096,33.827126,-8.601809,-15.939617,-8.26734,6.8328457
-1156.2533,334.95285,-48.598343,27.648462,-42.377174,-31.5833,-48.387962,3.2208252,39.806213,-1.6799822,-60.892353,-8.171476,13.469114
-1095.3749,341.02863,-80.76117,5.748452,-41.23535,-66.31221,-84.83883,19.29596,44.514454,-7.9826303,-51.669968,-16.459738,24.749004
-933.278,311.61115,-103.269775,-28.017893,-44.015873,-85.04639,-51.850933,2.9488974,-5.449378,-2.5792866,-7.5356393,-15.894911,7.634326
-832.1212,282.93042,-113.33652,-40.10401,-42.823627,-87.39839,-56.101383,-8.320495,-17.630173,4.972291,-3.1949685,-13.31256,6.554103
-794.94476,270.08344,-107.33504,-32.601902,-50.824135,-102.61312,-46.68558,-14.617438,-29.76975,11.166217,1.7518806,-32.935486,6.96644
-794.1012,274.30725,-110.716225,-31.030169,-52.976357,-108.23256,-50.83313,-12.987717,-29.479347,18.64339,-1.4659847,-36.06902,1.3507624
-741.26086,247.68375,-102.510185,-55.633774,-51.196487,-99.710236,-42.453705,-26.244123,-36.860764,17.359848,8.720731,-28.646435,11.74115
-687.66614,225.19424,-102.73889,-67.62991,-57.329376,-91.273544,-38.477016,-35.34893,-42.837048,19.009315,15.948127,-24.142792,14.680996
-708.5603,244.90228,-109.4191,-77.66148,-60.868706,-69.77023,-37.37679,-48.96921,-59.31222,10.660478,29.102972,-9.755467,12.81493
-705.5861,230.01099,-112.883255,-91.25122,-63.553444,-65.06631,-32.357304,-55.12947,-68.82255,-0.16887212,25.187868,7.272521,15.903755
-744.6615,265.92365,-125.81214,-88.445786,-66.5228,-79.94764,-44.37356,-30.713062,-30.037582,17.491951,10.252002,-8.363284,-3.3170204
-733.45056,266.14346,-120.29849,-85.47615,-57.63657,-71.77275,-39.16926,-51.406277,-33.15995,28.47903,12.672842,-11.453338,14.013296
-762.69556,288.719,-124.69197,-91.523026,-67.78143,-67.01682,-40.86148,-46.58443,-32.31354,17.575916,10.711326,-7.403733,8.527965
-716.59296,266.80157,-120.96644,-85.22348,-61.556976,-67.54805,-42.503708,-52.048965,-47.56778,3.8630528,10.768009,-2.6334605,7.264799
-830.62823,320.9097,-116.85718,-58.112297,-70.6253,-88.01161,-50.21245,-8.717798,-8.835577,-12.991925,-12.762627,-6.843913,1.4252067
-823.2333,311.99503,-123.42268,-64.68731,-58.276367,-91.987465,-64.7228,-23.734896,-17.373077,-6.7777553,-3.7530503,7.5777125,15.504028
-969.24774,375.267,-95.89988,-23.343826,-37.942757,-109.5503,-70.267365,-10.31689,27.198227,-24.180605,-40.790962,1.5227585,17.451313
-859.16565,329.02002,-86.99911,-46.925545,-38.503452,-90.97587,-65.78008,-28.846405,-29.52827,-18.627462,8.767757,14.997187,-5.4139137
-866.5685,332.30753,-84.42592,-53.339127,-38.907394,-101.66594,-66.43231,-32.363834,-20.039217,-16.774563,2.9699488,9.373936,-5.4333477
-873.1619,327.08966,-96.465935,-54.932175,-33.93854,-112.5072,-72.075806,-18.30259,-16.567837,-24.4248,-0.13183753,6.1937475,-5.0988836
-800.2001,315.82535,-103.7961,-77.88167,-32.748264,-94.98158,-55.436157,-30.785072,-39.563454,-16.859076,5.2817674,7.8827415,-2.7196865
-755.4309,299.54495,-108.28674,-71.02666,-38.21779,-91.03525,-46.56667,-34.07143,-59.61063,-25.166943,9.35678,3.754136,7.4867287
-735.2236,284.66046,-107.558365,-70.59227,-40.61551,-83.056656,-34.91613,-36.96801,-78.193375,-27.297806,18.033604,6.8083277,15.825853
-798.32385,273.693,-82.877335,-49.298565,-53.867416,-71.21476,-26.604317,-43.886555,-105.90363,-50.069008,13.998387,23.668236,25.106544
-840.4753,273.078,-80.327484,-35.687435,-43.4538,-71.41222,-47.281097,-51.311825,-99.7416,-59.04265,7.320605,11.8970585,15.394325
-912.62573,300.70123,-74.485,-25.468885,-36.300457,-91.8443,-64.95351,-36.242474,-69.502716,-54.706654,-2.2156048,12.468021,-1.3430519
-978.65546,352.87323,-66.30868,-23.083967,-27.099464,-81.20301,-67.17169,-29.049534,-47.75012,-40.67723,-5.825538,6.8128967,-14.548481
-1174.7051,383.35056,-41.921494,52.215897,-7.1495805,-124.89841,-113.11559,-2.7801208,2.9439774,-18.66299,-49.196228,-2.1285324,-22.402138
-1263.2504,391.03668,-39.252945,50.669224,8.877589,-72.08794,-124.52482,-24.39254,-17.611462,-45.25177,-54.33953,16.415989,-20.596947
-1334.9294,398.15027,-7.83288,74.89853,2.9613261,-69.14392,-119.52461,-7.928666,-0.04363346,-40.17103,-45.92012,-7.0354366,-10.185058
-1465.5652,396.865,53.24192,100.55999,-2.2398543,-81.62239,-127.6128,-2.4852767,32.581596,-25.811403,-64.77026,-16.87007,10.843702
-1570.7971,433.6958,65.96989,104.652954,-2.5766969,-65.32383,-118.01257,-17.01408,48.528145,-21.716976,-90.08156,-12.599003,13.658686
-1503.1885,405.41373,39.84131,79.694496,3.6811585,-37.18421,-90.62883,-37.97764,-11.366797,-28.56903,-49.005035,2.1559343,-1.8464785
-1600.6335,398.60678,92.38104,104.27295,-23.230762,-50.969646,-97.12681,-9.4373,22.177889,3.977625,-84.249596,-22.520979,12.916929
-1597.8855,388.28693,93.95973,107.87,-14.884408,-39.670586,-89.91864,-13.121071,14.834864,16.271297,-70.10046,-2.4702768,17.251413
-1538.4019,374.26508,76.4594,93.68184,15.634009,-10.023979,-59.17238,-38.92738,-26.14442,-3.4154327,-55.435528,1.2821057,18.519424
-1587.7446,389.76788,104.670685,108.19354,-19.06491,-28.676907,-83.3132,-3.6569457,10.105751,3.451065,-71.71123,-13.173298,15.400852
-1498.7268,385.35376,71.170235,72.746765,-2.9752493,-4.7845535,-38.261818,-10.9873295,-29.5354,-20.081242,-61.276226,-10.05471,-5.3589287
-1569.4869,375.27985,83.33307,88.58075,-10.100733,-8.411913,-59.430737,-15.415438,-13.726016,4.1701183,-65.51424,-23.844221,-7.756173
-1627.1189,362.04663,102.07449,106.34619,-20.717514,-44.559326,-79.18694,-15.585789,5.057125,9.300915,-76.57699,-20.711445,9.961024
-1641.2733,373.20044,94.64665,100.81862,-24.547935,-42.68641,-86.16499,-10.95388,-3.0169027,24.24715,-65.487434,-22.299084,6.625108
-1624.3857,373.60812,98.67552,116.10654,-25.79142,-45.194008,-99.89733,-30.933388,7.1259823,19.30618,-60.293087,-25.317173,13.471664
-1540.9733,361.32697,75.468704,94.02983,4.434388,-25.164322,-70.913635,-29.331436,-18.89898,-6.963774,-52.550713,-12.659573,18.138557
-1535.1486,372.8241,89.714386,102.07721,0.9057801,-25.662987,-70.15106,-23.959797,-10.982965,3.3820791,-46.12086,-3.6692405,16.710894
-1460.8142,378.13843,76.32087,83.30934,15.225029,15.387638,-39.592636,-42.707928,-33.97067,-41.755386,-42.60408,9.941294,3.9223948
-1425.0012,390.17535,66.87486,79.62478,11.577068,19.882906,-35.128754,-27.494219,-33.38199,-35.060806,-39.896267,2.4826088,11.44727
-1538.8336,411.66278,90.44704,122.05105,12.239279,2.465126,-63.599106,-16.359919,-4.701516,11.218223,-48.09663,2.8292456,14.886912
-1526.416,393.3415,108.65145,113.249794,39.527252,-0.67480826,-51.58953,-33.717705,-11.504649,4.077917,-28.756329,2.6973448,4.248335
-1476.2799,400.2263,84.92442,92.67842,9.65884,19.615524,-33.03226,-14.362202,-24.314884,-11.071949,-20.749823,12.957855,-1.4910831
-1488.9207,391.7586,81.33006,110.788635,12.538407,21.797304,-35.20202,-30.651802,-30.620655,-26.987095,-25.841377,17.273037,12.241787
-1514.3696,402.00018,69.673996,113.285416,13.223831,21.456114,-47.174538,-21.562185,-42.482292,-31.897799,-46.67163,-12.807943,17.576447
-1586.7288,377.766,101.81558,123.26342,38.243793,3.9171338,-73.84706,-60.745274,-45.55692,-6.4814024,-56.40811,-22.279243,18.449215
-1536.4976,391.38083,52.942413,109.5286,4.95494,0.65122676,-69.7901,-50.167473,-42.720337,-26.146187,-46.120945,-16.289684,8.782724
-1651.4246,365.08698,73.35113,122.3847,9.675623,1.8059199,-87.49767,-39.318153,-4.031456,15.304703,-62.241062,-24.038666,17.523926
-1665.279,357.67102,53.83191,118.990524,9.921427,10.204224,-76.51688,-29.398205,7.5257993,24.433578,-63.731552,-23.435242,14.828606
-1677.939,353.13568,62.133095,126.86539,9.315637,-0.9990902,-72.32783,-39.31186,3.9830787,27.28556,-67.03033,-19.506413,6.484556
-1703.0583,358.44244,51.596886,134.6343,19.891415,-5.423256,-72.584045,-48.98303,-3.8032992,10.29514,-64.97404,-16.11127,3.7358472
-1702.959,360.36548,46.312393,128.45163,22.148285,-19.049767,-75.60475,-52.917072,-13.203136,-1.7366621,-58.657772,-8.822647,13.168236
-1629.7761,362.50827,58.834213,123.0247,-8.024755,-20.423126,-84.294754,-52.885044,-14.456972,14.638426,-68.94626,-14.355391,10.20565
-1589.6886,361.49246,77.80349,124.84989,2.0727267,-30.783215,-90.21426,-59.732307,-7.808367,0.1920948,-66.341125,-9.520051,6.4987392
-1558.2915,378.2824,64.5684,123.2436,12.760899,-12.321307,-72.52892,-60.08363,-33.07388,-17.781738,-63.12621,-10.723699,11.094844
-1481.3925,380.86093,54.348648,99.16033,-0.6775048,-7.8838215,-44.954006,-29.744213,-53.564125,-39.76748,-68.51083,-12.286434,3.7028713
-1477.9761,372.7303,78.404755,91.190605,-4.5706844,-18.322865,-32.39211,-26.825832,-41.369827,-34.366444,-76.979256,-9.648659,2.1475391
-1469.8557,361.1958,66.017075,94.87271,6.92379,-5.1462917,-53.645638,-28.61951,-37.416046,-23.760284,-61.711746,-4.512039,2.6359043
-1537.2893,352.41586,70.57495,112.577385,11.733112,-7.64451,-73.85288,-35.413803,-6.6631346,-8.787149,-51.277203,-17.669392,12.894536
-1658.1306,366.26276,78.00291,100.279236,-0.08703272,-10.200504,-77.727165,-23.328712,27.948479,27.45483,-59.884743,-21.91772,-1.1923103
-1733.6992,388.79913,48.52602,43.027664,-0.029814243,2.3107033,-33.284206,-14.414341,33.095337,42.018383,-54.655483,-12.141206,15.294551
-1859.6431,381.2031,87.15202,62.737473,42.802155,19.40443,-28.82968,-17.631683,42.261772,33.10052,-31.324152,-13.094764,-6.3159733
-2007.139,385.8739,142.93752,57.77687,54.128567,45.081657,-18.329449,-7.6528397,45.53157,35.41388,-43.904835,-27.289085,-25.296448
-2061.852,387.78802,163.3425,58.775608,63.529232,4.7962174,-32.7286,-22.974857,27.038809,32.22796,-39.885593,-29.229404,-4.662033
-2127.4517,415.8297,174.98586,38.82795,71.161766,14.348362,-48.777367,-32.46784,8.230006,-7.4019613,-38.630077,-4.161132,15.8430395
-2121.4531,403.76044,174.23431,60.814552,59.253487,-11.9460945,-44.89905,-26.12352,8.375013,-6.2279034,-29.024586,-7.5901413,4.547716
-2162.4373,403.44736,176.7143,18.493408,58.34173,13.735418,-37.138924,-11.291977,11.699418,-3.019833,-32.621696,-18.467485,-4.5124903
-2178.8628,387.42206,173.92758,25.517298,54.660496,13.517321,-33.468513,0.25646162,27.140131,-3.4418762,-35.49803,-6.1167746,6.999838
-2152.8293,408.5968,168.21802,30.599861,70.61922,25.783745,-23.174435,-3.839891,10.814572,0.73414254,-18.789759,-6.6760817,9.078044
-1882.4801,342.18024,85.63451,39.3636,71.0511,104.18751,15.016537,-15.862982,-20.44506,0.47182703,-0.45388547,-10.134161,-8.468377
-1559.6338,384.99054,-14.614662,17.507893,115.45783,164.93825,-3.0709457,-74.60955,-41.302387,-10.286888,-15.277459,-12.789032,-18.076283
-1508.5896,383.5305,-67.52493,65.01662,136.43396,165.08554,-38.855217,-113.02785,-35.855843,-0.18537521,3.210066,8.339305,-22.23243
-1455.6411,358.7753,-101.59895,81.49872,162.27328,160.12932,-29.306055,-110.94986,-35.396095,-19.001934,-1.3775028,8.8638315,-34.27128
-1423.5961,335.84296,-122.65108,99.03265,162.05424,128.44705,-16.253464,-106.97145,-33.123734,-13.265675,-17.775234,14.916115,-41.471573
-1424.082,336.10648,-125.6019,105.947014,158.25043,108.8557,-18.715698,-117.82908,-11.209519,-9.505093,-14.912399,18.858997,-43.183178
-1395.8232,311.26074,-128.64781,115.550674,161.6305,108.87172,-13.787133,-103.56874,-13.570875,-11.009827,-24.688034,16.272331,-56.60589
-1400.2094,327.19324,-147.51726,118.01333,177.61351,107.90433,-22.736385,-114.46825,-23.066368,-19.831394,-11.993886,25.85176,-55.70582
-1354.6495,311.87546,-157.05798,120.94829,172.53876,116.31824,-32.83951,-113.11116,-31.578281,-21.452847,-23.835905,23.389618,-52.62672
-1303.5044,296.99713,-167.71513,121.7435,171.08368,97.28212,-28.098433,-114.71659,-39.317303,-23.368683,-31.003807,17.554424,-50.08591
-1240.439,291.94537,-170.49387,115.769516,175.43161,107.00986,-35.471878,-110.971695,-64.47673,-19.355915,-29.86599,19.18118,-49.768486
-1232.137,303.87225,-168.12933,122.51947,178.8365,117.9863,-50.44104,-113.131836,-86.98646,-14.82587,-30.49266,20.999496,-49.66317
-1217.2745,311.72644,-146.02771,113.27474,170.75075,107.46082,-50.58851,-114.92871,-86.44321,-30.837778,-30.153376,9.995008,-48.707672
-1182.215,299.8321,-139.6365,125.59877,160.51147,108.36678,-59.603767,-133.1747,-89.20531,-36.49626,-27.489851,10.11673,-47.753525
-1149.3926,307.07654,-126.32536,123.99699,166.48056,100.728035,-58.315475,-124.78989,-92.85275,-38.57615,-26.575686,2.4740772,-38.277588
-1142.5538,300.2227,-110.02405,128.54486,161.55159,106.84901,-54.48542,-113.06218,-102.3134,-40.095448,-30.675514,-6.9633026,-25.704266
-1088.2216,263.76575,-63.877396,94.42622,159.5213,99.28985,-46.64676,-104.51151,-81.9809,-65.16172,-25.120028,-16.580383,-28.485014
-1069.9781,271.7279,-60.25105,78.047455,141.88065,96.42712,-44.23844,-95.316605,-65.4652,-61.372547,-34.822678,-23.588207,-29.058203
-1146.0247,303.6928,-70.861084,86.88553,138.90042,99.664154,-44.620754,-87.59362,-62.092865,-66.037125,-58.042442,-17.084454,-41.11084
-1139.0338,310.7129,-55.082085,88.25717,91.34021,82.44718,-48.715088,-81.091705,-47.92811,-53.258972,-57.310856,-43.11328,-53.64807
-1156.2686,325.50024,-58.68482,90.41344,66.80824,91.87846,-66.16768,-111.8701,-48.38556,-60.513535,-49.836376,-11.805832,-44.59854
-1261.4905,361.71295,-73.40718,107.809814,44.489067,102.711975,-80.117035,-119.6291,-34.91599,-71.34529,-61.44302,-4.1170654,-28.789616
-1298.4098,357.23724,-64.064575,104.045364,31.146738,93.91408,-92.22005,-105.78713,-17.246603,-82.54169,-68.33359,9.849018,-29.865133
-1358.1632,356.07986,-65.336365,102.82734,9.651173,85.28194,-89.3754,-88.05536,-1.3139606,-69.92832,-71.42733,8.571711,-16.307693
-1398.1033,335.35358,-71.6715,83.74364,5.867606,69.07531,-81.27315,-62.60295,14.209084,-57.042206,-61.695545,7.5692387,-9.847225
-1472.2195,326.53427,-69.25009,84.71363,-14.446421,55.838673,-75.9305,-35.990505,30.389822,-37.03448,-54.330757,-6.118004,-2.1779346
-1506.0466,333.84387,-63.25164,70.2446,-21.807896,53.46132,-74.898224,-28.503117,31.565159,-46.08211,-61.282948,-0.15541458,-4.602581
-1544.573,335.6173,-50.019524,59.24129,-1.3700113,29.01569,-81.84269,-11.821259,24.964657,-39.897526,-75.78666,-9.330375,-8.672771
-1565.0938,327.62933,-54.3179,55.79492,4.427508,13.518132,-85.15828,6.4867105,28.920898,-47.75678,-76.61973,-14.497456,-2.0345068
-1577.5952,318.3239,-61.9077,34.369476,14.266765,8.006442,-68.90355,16.95636,29.045391,-27.659138,-73.79981,-7.074298,5.8628883
-1660.3477,344.32526,-76.13718,29.472063,36.124306,4.7722454,-53.97946,12.776854,41.745148,-32.548798,-73.792915,-1.2536325,1.8073597
-1658.7754,354.4129,-71.80312,30.619534,64.71494,5.415207,-72.62463,23.883678,50.61818,-70.62671,-99.24672,3.4704704,-26.094732
-1573.8318,311.1942,-89.016495,97.58969,19.303173,-12.168546,-37.858543,12.895001,62.82679,-70.07541,-127.65586,7.446827,-41.975853
-1484.156,258.97937,-97.80328,119.51176,19.540167,5.005398,-39.206547,10.209213,82.642,-45.931633,-129.00478,21.24961,-40.084145
-1496.0659,180.341,-79.28012,143.83392,-51.22368,14.617987,-20.881641,-12.402613,87.91991,-9.553647,-104.75103,31.6016,-31.394085
-1480.5789,101.354065,-12.927834,191.82219,-80.05033,49.015045,-12.085197,-20.584415,58.556,1.6947994,-93.23165,42.792274,-44.673546
-1370.0282,6.771681,34.749493,257.41785,-75.85588,70.07007,-13.211437,-49.647823,41.613197,-18.10634,-94.196106,37.260986,-56.675148
-1258.4009,-64.85994,43.380093,283.59857,-47.359337,69.25624,-23.480015,-43.009872,21.797607,-12.610725,-105.58352,34.641228,-33.273575
-1272.2633,-94.20338,34.676834,287.05115,-49.320976,76.38897,-16.55532,-45.299706,6.093195,-18.06163,-74.31765,19.083107,-47.70855
-1250.887,-132.66052,-6.5147295,261.18768,-43.50029,102.70529,-29.359734,-27.32356,36.76342,-38.806435,-76.76751,33.4311,-58.863358
-1250.8086,-169.98218,14.284149,275.33655,-65.77624,99.314995,-13.9013605,-6.538352,38.5709,-39.286015,-72.71567,40.53522,-34.852234
-1237.0833,-157.98528,6.9377213,281.47174,-68.23427,97.06598,-9.953718,-24.808266,33.537487,-35.108253,-71.02751,56.20617,-40.63892
-1258.1057,-177.20251,27.62257,295.34833,-68.295166,104.18237,-9.027098,-56.666046,21.536943,-21.283606,-73.15901,42.764473,-38.05686
-1241.5182,-166.42737,15.784839,296.2564,-93.42663,94.415985,-5.8591514,-30.62187,34.611053,-28.730728,-60.683746,55.51387,-35.79631
-1277.3401,-174.67668,-9.897446,275.06122,-76.11623,115.06937,-1.1637945,-22.239788,31.70526,-21.307838,-61.349873,56.0001,-15.406481
-1308.6812,-188.36412,-14.584553,260.63788,-83.22581,92.97551,16.97734,-6.568615,51.95317,7.9351387,-60.047516,42.732613,-19.627413
-1284.5347,-184.92126,4.190138,296.36523,-79.75516,106.51261,11.06446,8.883406,23.653751,-6.3819084,-59.87012,30.125496,-14.8414955
-1297.18,-170.43326,21.26859,297.1123,-82.97365,98.675446,11.974464,-23.682306,4.4862294,-23.598524,-78.76705,26.091845,-16.69469
-1277.1206,-165.77191,1.413609,324.5213,-79.31902,98.57094,-10.390627,-22.463627,-6.350198,-16.713657,-57.325043,25.722961,-25.217384
-1260.9111,-171.38899,-12.494999,311.8142,-65.77333,124.434,-13.987714,-10.354321,13.135824,-21.52271,-55.610264,56.911537,-6.3037415
-1282.465,-195.32422,-24.93531,308.10492,-79.49494,121.14978,23.050106,19.208157,5.7751665,-1.0779743,-69.03238,61.843414,-23.460674
-1295.0862,-195.88353,-58.547462,294.93262,-96.345726,108.247116,4.34089,45.730633,45.78423,13.885365,-56.280514,66.35895,-22.886547
-1325.2217,-195.55954,-44.48526,294.55585,-77.54433,110.08667,-6.3822083,27.0123,29.111195,0.5999985,-33.494133,72.01983,-23.184437
-1287.2311,-227.48335,-76.057304,281.83154,-65.022064,116.4816,-2.1551685,33.240276,10.943777,-19.117628,-84.83184,49.227135,-38.548546
-1312.6525,-203.86554,-53.71974,292.79877,-76.09439,107.13734,-1.1782031,32.18781,10.571431,-6.602133,-70.40025,60.84385,-37.449524
-1328.6155,-202.45163,-46.464607,296.67944,-76.67493,116.95828,-0.47345448,32.722054,16.391068,4.174156,-69.118866,74.900536,-39.80772
-1370.8535,-163.0418,-35.137398,270.59277,-93.7816,120.23978,5.4647293,41.775486,12.894602,20.328903,-59.124012,75.49247,-10.976282
-1493.3033,-174.50613,-50.31993,280.11456,-62.738396,134.77786,8.725204,60.105934,39.72335,5.8487434,-73.12803,56.86162,-23.126568
-1517.9796,-151.93588,-58.939655,270.22968,-86.36784,92.0948,12.2191925,46.676544,43.866356,36.09922,-27.24489,69.942535,4.568182
-1541.2875,-126.42006,-71.29761,254.80298,-69.45878,113.077545,13.60134,42.108925,21.072113,23.281727,-16.514004,60.732105,12.071879
-1563.624,-120.96088,-88.32109,245.22598,-45.596855,105.56264,15.862503,57.054108,33.43557,13.141964,-29.165243,71.26514,9.372938
-1623.7272,-152.25922,-82.80246,255.92166,-53.824684,103.665115,12.054131,45.888565,48.963966,-3.7242546,-42.379536,65.112076,-7.984314
-1583.9033,-163.91193,-125.961655,232.66492,-48.080193,75.75885,-25.010078,45.623215,51.69896,12.359274,-18.92875,73.131805,-13.270506
-1591.6074,-178.58598,-116.28027,229.13217,-75.169495,103.70633,4.808405,57.74914,40.45664,-3.8216476,-24.380276,74.487816,1.1436195
-1487.6685,-181.37762,-121.84014,236.12886,-53.341736,96.145874,-11.454975,50.61376,55.876514,-3.6287842,-22.302095,79.4198,-0.47763443
-1326.131,-132.34181,-118.41702,221.58727,-76.476685,91.00203,6.5760098,50.92015,50.14324,3.2261581,-32.508778,62.27616,-20.589363
-1389.1357,-115.312904,-146.40646,242.13199,-60.75225,69.0529,16.030949,53.66031,65.96467,-11.11668,1.5950255,81.564255,-26.87014
-1601.8513,-28.04692,-109.75263,177.56996,-36.011738,49.723118,-3.3847141,28.382236,50.96279,10.268444,0.35104886,49.863056,-1.832159
-1646.7451,241.81763,-13.062168,150.37549,-45.67595,-24.402428,-74.8333,0.41710562,63.135445,11.924917,-20.496054,22.287928,-3.4098663
-1493.9912,348.5797,-14.971958,92.16558,-30.873669,-41.060383,-134.54619,-34.47427,68.38425,27.421408,-38.3274,21.465391,-14.714718
-1438.364,392.63083,-23.097767,27.137436,-10.223732,-55.636772,-188.24973,-33.662464,92.13638,62.25696,-61.92836,18.264835,-6.982807
-1317.1058,385.4056,-54.970253,25.686459,-12.514143,-99.48787,-158.66885,-46.186954,83.88002,31.87089,-32.12134,5.9497967,1.4356079
-1223.4692,376.89346,-64.71218,-2.2062345,-15.97946,-108.3712,-151.31007,-39.90066,55.02672,17.152664,-22.307707,4.757481,4.829134
-1202.981,366.09955,-66.4874,0.37281084,-14.481565,-125.9485,-157.06343,-43.992138,53.580853,31.938257,-29.30676,-10.368799,12.07835
-1116.861,374.80743,-79.947044,-39.621758,-29.484962,-103.2596,-122.090775,-38.123177,21.004932,-8.097367,-8.877292,13.864936,5.046508
-966.068,326.7038,-78.24688,-61.875053,-23.40518,-115.76712,-88.31665,-34.863655,-6.577657,-11.77142,10.19259,10.167566,1.8592839
-890.1057,295.5548,-98.661804,-61.37274,-27.887426,-120.10033,-96.47459,-25.921011,-12.793334,-1.4371109,21.433332,3.1892214,-4.412656
-854.9034,287.95654,-104.62825,-63.620075,-26.648045,-117.52289,-91.71187,-22.894953,-17.188477,1.5704427,25.266632,0.7487271,-6.665451
-829.195,288.97894,-99.69547,-83.50291,-26.398493,-100.00254,-76.29248,-33.403095,-29.93631,5.0195045,24.530296,1.7751932,-2.500702
-790.749,273.5555,-102.24835,-76.0918,-24.612345,-101.279175,-72.78136,-29.230381,-44.29448,-8.497644,31.83018,5.3488274,-4.928076
-797.7667,277.39038,-108.37005,-75.51634,-36.88432,-110.4301,-83.001785,-17.232311,-25.470707,4.7314706,26.27359,-5.351114,-4.128957
-823.94653,283.49176,-107.49486,-72.09427,-32.838707,-117.51774,-83.90343,-14.094671,-22.660084,0.7924442,23.71743,4.9389606,-8.812752
-792.8208,256.39032,-93.117714,-68.29167,-43.02738,-110.93729,-80.23029,-28.2651,-42.158867,-9.013632,22.08453,7.418281,4.678438
-975.0835,346.52814,-111.21327,-72.788055,-31.458822,-106.83942,-109.701126,-17.417107,19.038181,22.8371,-11.10858,-3.2904434,8.0294485
-879.66626,303.1452,-112.78375,-49.742844,-32.717728,-122.58085,-107.00786,-36.709156,-10.730869,-2.8454947,-3.7051275,-3.6103997,13.864765
-1009.3897,347.9567,-91.62131,-50.98536,-31.06687,-120.48787,-141.24947,-44.87298,47.140106,17.821966,-32.772427,-18.399584,7.706114
-996.6753,346.28455,-97.86491,-46.270905,-37.650826,-121.4604,-121.121826,-39.4301,18.59898,22.793854,-10.399492,-19.853119,-18.117073
-961.7726,351.01624,-95.46396,-52.80806,-36.11846,-99.49609,-101.13925,-50.86081,-17.228357,1.0519928,2.3242645,3.7472138,6.633106
-817.20215,282.90744,-88.50667,-57.19351,-47.23098,-100.69629,-83.32536,-52.2991,-50.66062,-17.345106,24.232166,14.287882,2.8204517
-875.24207,315.7463,-86.5959,-51.29688,-46.462738,-107.4986,-107.13663,-53.335464,-20.067432,9.581367,-4.784158,-13.626391,3.881483
-951.19965,326.90094,-52.003075,-30.178036,-28.275002,-130.23268,-126.33423,-45.174088,9.471076,9.176462,-26.677275,-14.594038,2.569579
-1071.9651,368.79065,-43.493515,8.454117,-35.31842,-128.972,-147.40175,-53.0482,31.202698,15.6831255,-46.97336,-13.730409,8.889278
-1014.5421,352.19806,-46.628162,4.4116645,-26.61474,-118.870346,-132.05539,-63.131035,15.183475,1.6109462,-30.076876,-3.4301238,11.728215
-983.0698,347.38452,-46.778645,6.2112284,-39.00582,-124.359146,-134.4906,-48.628468,23.356564,10.548913,-36.27215,-11.243403,5.3698807
-1072.2202,354.75726,-35.8627,53.163376,-42.852875,-144.29573,-150.52069,-43.367393,43.041134,25.46082,-69.435745,-9.247899,25.1095
-1082.6833,369.15643,-39.982685,62.01117,-46.597572,-147.6081,-145.51459,-37.21534,51.443275,28.166195,-84.886505,-7.377055,21.404144
-1056.7595,362.22504,-57.420547,52.894905,-39.1049,-129.85736,-129.65387,-46.41262,42.451912,13.499785,-64.75398,3.1737623,-1.3126698
-1031.03,334.70807,-39.715733,44.41299,-39.856213,-139.62753,-116.272644,-35.578236,31.462315,1.6086757,-55.52344,-6.9259253,8.260986
-1080.8896,339.40356,-26.495361,45.763756,-22.873112,-140.953,-127.91791,-26.845789,30.524515,-4.0969024,-59.040913,-6.405647,6.0659275
-1094.0691,340.7431,-35.855957,33.772232,-32.222847,-113.140366,-101.10161,-20.22216,11.535861,-34.38797,-56.065403,9.908808,16.959244
-1188.8276,361.4549,-43.75859,34.064785,-23.265806,-79.64256,-93.52722,-26.27607,-5.103589,-39.215363,-49.274998,8.103458,17.767227
-1453.7622,387.73782,-10.6018715,85.16475,-10.544643,-113.21858,-117.82391,-10.287436,52.613472,13.736294,-98.94515,-11.465183,-8.874012
-1784.8921,417.32092,-3.1821718,29.567976,23.777954,-103.56498,-111.44737,6.31131,64.28041,2.5274258,-90.40021,11.325808,13.504749
-1903.966,448.96924,53.88229,24.721718,52.746704,-92.341705,-101.05971,-0.57386684,70.25429,5.04811,-71.46445,8.730016,9.982891
-1997.5901,421.93042,66.48924,39.450737,55.15842,-66.17007,-84.244095,-13.323284,73.95345,27.935291,-60.298386,3.8185759,9.835136
-2007.3052,427.3399,88.50032,37.81816,47.58059,-83.784615,-98.30194,7.980337,69.82638,9.314766,-45.39962,18.052183,15.877523
-2004.2493,445.6928,100.08399,35.485073,44.081024,-78.036804,-97.00141,8.165051,70.90367,1.7617073,-55.566135,15.488853,28.058289
-2037.593,436.1798,97.992935,32.356712,38.33938,-70.456085,-83.59246,20.779093,108.386795,38.90841,-65.12807,-14.238153,11.149677
-2020.1829,425.3979,109.1066,34.629684,33.299023,-57.791363,-86.646736,-3.456741,86.73323,29.752947,-63.405865,3.1718426,35.636047
-2006.8784,431.2666,113.2005,35.60314,41.37155,-68.650314,-92.98065,21.332088,86.537735,19.030392,-50.201576,-9.891535,-0.4708519
-2040.27,412.65875,104.23982,10.653183,49.12343,-51.64479,-83.2591,33.713173,103.92177,35.45983,-43.974293,-18.909782,-17.14693
-2054.3994,417.81873,106.09566,6.3834405,43.202858,-60.168602,-106.23546,17.525043,105.12967,31.645687,-56.543705,-29.996197,-17.947037
-2058.2512,419.2992,107.85516,-2.6877909,42.71631,-76.9781,-123.020294,16.68232,97.85886,26.25318,-53.21165,-13.824564,9.031551
-2068.4268,414.30237,114.68749,20.76896,51.999794,-57.301346,-90.304405,43.590908,119.985115,31.477386,-51.007805,-6.757744,6.640114
-1665.9094,336.89072,-4.1408267,49.180046,-2.6530619,11.615585,-5.049521,-2.3094246,33.625835,0.2647915,-28.225943,-18.392557,-14.711132
-1531.7703,342.1305,-3.5581336,36.551765,-29.76326,-34.38113,-70.837074,32.569588,18.542385,-30.67272,-94.46542,-18.37018,5.535424
-1419.7782,321.16302,-18.133074,12.150356,-49.56458,-32.458385,-81.90193,50.971256,4.1953754,-36.436752,-106.702255,-5.518095,30.752588
-1393.838,316.04138,-31.418537,19.254566,-81.98638,-22.104836,-84.640274,73.31203,-15.786475,-46.01059,-108.21843,-6.946913,37.007095
-1321.9204,292.98306,-49.592667,36.502525,-85.17976,-34.133312,-98.04416,73.06581,-14.417006,-44.46176,-102.948845,7.4208813,36.118492
-1363.2627,290.8282,-43.26925,31.607597,-62.925835,-54.12018,-121.04668,57.813225,-24.748692,-46.35978,-95.01211,12.95606,11.903091
-1401.7758,340.7838,-70.44944,63.25674,-66.5377,-61.10608,-85.33047,32.464523,12.368521,-55.665836,-80.24119,11.199726,21.154497
-1499.7065,352.94162,8.787541,1.2042502,-80.34955,-58.04532,-100.60812,17.674122,6.329838,-51.316917,-82.30953,19.582275,26.208958
-1553.7246,296.88995,-16.207354,38.136612,-60.471725,-60.382286,-113.25966,37.699127,15.83446,-71.57277,-69.01566,3.5418892,12.679883
-1455.1083,309.42383,-64.76217,-5.848181,-66.365875,-30.442951,-79.787926,56.52625,36.848442,-17.313343,-77.20556,9.270009,19.676134
-1710.8317,320.27216,22.878725,-16.30014,-19.083748,-28.323803,-84.98719,40.10683,6.074438,6.1364536,-77.787315,-2.74656,15.628265
-1743.6167,338.0419,70.65987,-34.540478,-16.228977,-26.615074,-108.10115,26.16784,9.012793,35.333336,-74.703316,-5.990885,-1.0790424
-1865.1521,312.08673,42.265305,31.168785,-20.246685,-18.513275,-70.75422,-3.4920397,-12.253447,4.5121164,-11.6897135,-4.4853315,16.733597
-1880.5883,243.72627,51.30912,23.381124,-36.34616,1.879756,-89.484634,-29.081524,-7.296251,-34.79784,-35.592567,4.773185,17.732111
-1757.4619,274.14926,15.051643,-32.93356,-16.096912,53.49679,-56.35622,-38.9833,-22.612099,-9.21344,-33.85882,5.767176,32.67951
-1910.4606,309.05188,-23.577501,8.882297,27.803999,11.554709,-58.661522,-30.860912,11.420029,-1.4126515,-32.946865,-12.798031,0.9713402
-2124.195,305.40796,80.94067,28.297176,-8.107877,-10.983471,-37.8024,-16.04206,16.797052,-7.9590464,-8.85985,18.645882,20.064714
