-2020.8386,283.0901,26.505426,51.242203,68.52114,34.647343,10.483318,-14.618933,-7.1747036,16.316658,-29.2718,-21.326767,-12.569714
-1994.9172,317.5385,75.9367,79.3134,115.98432,66.02539,-6.172208,-37.45556,-28.06187,24.219337,-29.300867,-18.636795,-18.328266
-1914.5742,290.19232,58.402298,111.709885,138.40364,78.87058,-4.3830333,-56.189316,-32.30179,62.73677,-19.307426,-26.44255,-14.91722
-1846.4883,345.97833,43.512253,105.17714,141.2352,84.62696,2.0166245,-46.29653,-32.94402,38.84234,-28.50586,-16.852127,-13.15987
-1799.9233,348.8489,42.82314,112.35011,137.69376,95.8864,7.272781,-46.386612,-32.41533,26.921381,-22.650614,-8.931166,-10.737642
-1772.3784,348.3058,66.91215,133.31621,136.37294,90.412025,-3.1079118,-54.51985,-35.77948,34.559612,-24.210854,-8.42279,-14.348486
-1724.2257,339.50412,69.50041,140.79468,140.78331,90.84482,3.7259276,-50.404007,-19.859182,25.688332,-36.444237,-5.769413,-18.117094
-1662.6512,340.37494,72.72834,136.22006,127.05505,89.53723,5.202382,-35.927402,-11.817314,22.448637,-38.639797,-13.474394,3.568458
-1629.502,381.75037,54.206512,105.25347,113.35154,97.009476,10.143045,-13.8132515,-7.8156095,26.460224,-49.188072,-20.304852,-8.805965
-1620.1893,381.54626,69.71927,106.259125,87.87131,101.76477,17.142925,-14.709347,-5.721173,28.329254,-33.353767,-24.896507,-5.628135
-1606.7993,364.37674,64.4138,130.82861,90.17302,93.10112,11.745952,2.4926763,-14.103773,31.805946,-39.148235,-19.327965,-9.1659565
-1568.9519,375.90405,56.015312,113.56285,79.70915,96.838196,25.988579,-17.020834,-1.9587924,42.350224,-28.886744,-32.298115,-7.60579
-1563.5815,373.75723,47.38703,112.0803,92.89095,106.61584,8.4135895,-3.3561525,-7.5567584,36.37516,-33.748886,-25.973663,-6.1186643
-1535.6758,355.30426,67.8415,113.52874,68.43663,112.74732,14.479288,-6.3062725,-23.09983,42.751907,-31.189728,-22.260557,-7.082305
-1462.9163,356.71228,48.05292,99.646255,69.8461,115.32289,-4.605703,1.4745276,-19.291779,19.616257,-17.289867,-25.970516,0.22528076
-1179.2465,317.11505,21.06203,84.59824,29.365929,72.66003,-8.140349,8.345302,-33.389256,-31.896788,-32.427402,6.9131413,-3.3347511
-884.3574,279.84384,-64.61243,45.222256,21.418499,85.161415,-76.1672,-36.44619,-11.495249,-46.748196,-15.299205,36.923756,-6.387226
-736.478,231.26614,-83.578,16.475208,18.605417,78.93706,-79.58165,-43.39066,-6.8468466,-50.147266,22.350111,66.544785,3.8241653
-657.44836,209.12244,-101.5109,28.734352,-1.7677073,64.844345,-74.43565,-40.423386,-25.86047,-32.71547,30.359177,68.145325,4.4774885
-591.9468,178.27582,-106.16263,8.304262,-3.3119135,47.935127,-65.975464,-33.28335,-22.732452,-32.685646,54.551895,54.16867,2.7060423
-565.7367,169.02385,-113.806496,-0.37762737,-7.94221,33.80515,-66.10715,-14.232689,-24.950577,-21.889038,56.73455,48.887077,-1.1934195
-545.4426,148.5485,-111.408615,-10.039386,-5.0856853,21.692116,-69.06299,-17.438805,-33.120045,-13.524704,65.4632,50.063103,4.0290937
-539.81287,159.87778,-131.60526,-14.699193,-4.9174857,-0.78835773,-62.78115,-16.2361,-34.33662,-3.9324741,54.115818,47.846596,8.432045
-542.3196,153.73218,-106.79421,-21.070557,-9.761389,-9.114101,-59.28061,-13.68955,-31.791254,-6.7626,39.382095,60.372646,5.69689
-492.75543,143.55276,-129.92383,-12.552156,-11.296643,-10.179388,-38.91314,-27.478819,-27.566074,-1.0641937,39.879074,41.29318,2.0382805
-495.5249,138.23807,-128.43915,-12.163016,-11.444671,-23.747326,-43.562347,-26.171112,-21.859493,3.6298943,44.36205,44.909397,-0.22529697
-483.47186,140.95126,-108.53648,-7.682122,-3.9341104,-20.697758,-53.183872,-15.73213,-17.272139,16.082417,35.591927,45.67117,-12.797476
-494.5694,164.84564,-111.6082,-8.199427,-4.5369234,-35.84642,-54.579346,-22.343174,-23.743229,20.558968,25.279978,43.622704,-9.579537
-505.2747,160.05655,-95.208984,-6.881461,-12.616625,-45.112984,-51.005844,-20.351002,-17.54549,25.456709,20.265944,50.705177,-1.3477335
-555.57947,189.95712,-99.690956,-11.550345,-30.022514,-39.189972,-72.2094,-17.297989,-12.7105055,15.680164,30.91471,37.669937,8.434312
-561.61633,195.09319,-102.73298,-20.33427,-33.91711,-41.138588,-74.937195,-17.6822,-20.89321,11.946846,24.136766,32.68918,11.319891
-552.63184,177.77502,-100.54759,-28.981632,-49.186295,-41.17814,-79.216896,-22.592941,-17.477325,7.540084,32.598354,32.856304,8.2599
-553.4296,179.83588,-97.15433,-30.256535,-44.798683,-44.522957,-78.81653,-19.27407,-23.395714,13.203516,33.629517,33.219383,9.30914
-551.214,179.91632,-98.22899,-39.488068,-44.057705,-38.978767,-67.59358,-27.81467,-27.213573,9.703229,23.254766,34.61167,7.846142
-557.6388,177.69241,-106.12836,-35.23612,-48.558037,-41.21173,-68.023285,-28.884579,-29.690067,12.190519,15.192287,36.766632,1.3715706
-579.10474,192.64883,-116.63187,-28.650023,-49.747543,-41.121548,-58.01512,-36.46733,-29.410793,10.911934,17.714136,27.063965,2.1875963
-588.4414,197.06058,-118.73252,-29.768831,-41.421326,-47.82316,-58.759315,-36.54571,-31.26466,13.689847,14.948331,32.98052,2.7149305
-572.89294,188.97168,-115.24318,-22.453966,-32.116238,-45.275837,-47.827732,-41.515198,-35.30549,10.305209,12.1328,30.371662,3.6270857
-589.697,191.00876,-119.16434,-23.8948,-32.06597,-34.30263,-55.39663,-38.332695,-47.258442,13.318673,-1.349476,29.74858,-4.7903786
-620.3135,210.15323,-127.99231,-28.478083,-44.746742,-30.320498,-62.39579,-28.451382,-52.212006,17.339947,-2.0894816,32.349487,0.007856369
-617.4222,204.43565,-119.90487,-30.30817,-43.48356,-34.28087,-60.803955,-25.873852,-46.74212,16.22527,3.9419198,31.259762,-0.1741581
-593.81854,188.47446,-114.8065,-27.40175,-45.34343,-30.621626,-60.381752,-28.002453,-40.478127,12.951809,10.916414,35.91286,-0.25284576
-598.70984,191.86456,-107.739815,-37.78756,-31.268877,-32.683777,-63.121563,-19.956343,-43.850174,11.157355,17.847033,29.43341,13.684872
-605.15704,191.1626,-118.393875,-29.351582,-42.800095,-33.722607,-59.347576,-29.195545,-39.314663,9.686134,13.815089,40.957233,6.9753494
-599.4307,183.05545,-123.525604,-28.452765,-41.78494,-33.616577,-55.89795,-30.461395,-36.66692,9.121847,19.016659,43.73977,12.194954
-626.5966,187.20203,-101.75961,-36.11306,-41.42283,-16.861275,-66.22135,-26.0025,-32.1355,0.51968765,31.772497,39.107536,20.9716
-640.8264,198.49222,-96.074615,-42.860428,-29.071037,-13.688829,-69.82582,-19.919455,-36.183475,-1.1970749,33.18213,34.50019,26.996437
-648.71643,203.87732,-99.38076,-34.32581,-36.557953,-1.4742832,-67.62808,-27.67882,-32.783592,-8.413635,27.51979,34.894215,24.413599
-649.5246,207.39362,-109.287895,-29.425707,-34.805965,-3.3062382,-60.956593,-27.889374,-48.203354,-1.2334824,11.387663,40.742996,18.135916
-637.77057,200.29297,-110.49635,-31.843517,-31.97611,-10.19225,-53.18827,-29.92795,-54.46927,-0.54851913,8.602662,39.775326,19.58532
-620.9933,191.20685,-121.03528,-19.75122,-33.315002,-25.909481,-43.90905,-37.360954,-57.947006,6.7046776,-2.227204,51.045948,16.72393
-619.0977,189.95435,-131.88321,-12.069914,-34.522163,-32.136597,-43.70999,-41.03785,-53.345554,1.2736092,0.86328614,53.77934,17.153103
-606.6803,172.01802,-134.17088,-9.907093,-46.48723,-36.189625,-49.942802,-45.936768,-48.98156,-7.282213,0.27128544,54.916885,15.553438
-602.8236,158.65848,-128.30867,-17.972725,-48.36561,-35.067245,-47.163776,-47.714096,-49.781776,-6.6639977,0.23571214,58.55022,16.463415
-590.0912,142.16827,-123.64044,-18.876804,-43.021446,-39.251766,-38.32538,-53.282536,-43.42777,-12.579397,12.482714,52.183533,22.554653
-586.75574,138.49448,-130.63655,-19.674797,-35.325333,-46.120956,-24.347305,-63.13298,-38.76925,-15.521481,18.286364,52.84847,22.703882
-589.56775,132.90933,-134.21454,-18.899364,-36.740532,-43.955162,-20.232729,-65.79475,-40.83196,-22.278717,24.01328,56.54657,27.244625
-604.69934,140.21567,-142.04662,-14.727503,-40.507175,-42.47607,-21.839207,-68.64098,-42.77915,-21.354881,24.4877,54.55275,30.955112
-594.0493,134.64162,-148.46057,-8.920366,-43.79268,-42.804207,-20.93695,-70.714806,-38.291477,-25.932768,28.748852,50.689728,30.304478
-595.38727,138.56078,-148.40225,-3.7011642,-46.680786,-39.971905,-18.139389,-74.626144,-34.131813,-31.759192,32.914402,45.671898,27.320118
-591.02795,147.59158,-153.94547,0.35431767,-42.97158,-29.988836,-17.46418,-73.89784,-36.228394,-28.254421,29.39857,44.207005,26.18072
-587.08325,154.9851,-160.7922,1.7192888,-46.06796,-22.778824,-18.133371,-71.25292,-37.89839,-30.849304,25.06935,43.895203,23.446438
-583.0458,158.63068,-161.0239,-2.4953346,-45.627983,-28.096436,-14.482655,-70.4404,-37.915203,-31.18713,20.492128,44.533344,20.980095
-588.09686,167.56871,-163.28943,3.742653,-49.91562,-27.552555,-15.382942,-64.4892,-35.36148,-31.43135,22.143614,43.654655,24.378242
-565.14294,154.14807,-151.92056,2.5371156,-47.212433,-29.84375,-13.087463,-65.14104,-25.720036,-36.516434,26.668476,39.634567,28.441956
-546.86914,143.67514,-139.56317,-3.0537248,-48.351532,-31.194378,-12.502075,-61.671406,-22.87724,-37.232346,27.166212,38.533554,28.174068
-561.80725,159.3006,-158.07935,6.6189404,-54.66983,-24.92957,-24.818419,-56.873238,-28.994053,-36.199726,26.2699,39.123394,29.56709
-549.75336,150.30704,-145.61975,-6.3101764,-42.28765,-37.212692,-18.661278,-58.561123,-30.490566,-38.26116,24.654104,40.15519,26.948204
-565.33765,164.32953,-147.06793,-3.6092968,-41.062134,-37.451603,-15.969797,-61.809753,-28.86158,-38.839798,21.774149,38.84349,26.068497
-568.12305,165.04036,-145.43425,2.0106764,-40.350574,-28.311832,-21.124691,-65.40278,-29.79647,-35.04197,20.233772,35.903572,26.29018
-552.89307,151.00467,-140.055,-1.5378399,-30.479736,-33.0199,-15.160181,-74.912476,-23.692778,-41.713154,18.580742,35.366856,23.218237
-561.8696,158.38931,-147.70656,2.9253397,-32.477432,-28.652035,-21.967525,-72.224976,-23.975975,-39.17749,14.83098,34.758224,23.42115
-592.9,172.09618,-146.40091,1.675117,-20.989426,-33.53311,-19.582039,-71.70763,-26.321148,-32.959183,5.9021015,42.726456,15.683353
-605.45074,173.08395,-143.28676,2.32564,-10.850022,-34.723133,-20.77659,-72.53488,-24.458397,-32.0181,1.4631146,41.420223,11.130871
-603.77527,166.76242,-143.07248,3.075303,-8.243762,-34.3762,-20.42078,-74.30172,-24.024937,-35.475224,1.428828,37.536823,12.342715
-617.2961,172.71964,-152.23001,13.870627,-14.35804,-30.113052,-19.87463,-75.91093,-25.853588,-39.771194,2.9944897,34.642326,13.703777
-590.3838,159.75558,-158.48843,18.584257,-18.089684,-22.137531,-25.257107,-78.152954,-22.270416,-47.61361,10.071956,21.842949,23.920158
-602.3136,171.26605,-165.99304,21.873035,-19.316284,-24.067879,-23.379692,-79.31383,-24.899168,-48.012203,11.450662,24.3707,25.377665
-618.1398,180.10022,-170.89069,23.971577,-20.892132,-32.262764,-30.38111,-77.60283,-23.20942,-41.72778,7.938365,26.232609,19.952728
-615.14325,170.05054,-161.85762,17.95851,-12.540338,-42.70228,-33.211433,-73.91228,-23.374752,-33.69323,2.7876909,32.491417,15.656529
-618.49695,168.3219,-166.45981,20.591112,-18.841255,-41.608315,-40.139812,-65.45784,-24.604855,-27.743496,3.356297,37.497646,13.376568
-642.06067,171.87802,-163.91135,15.030394,-15.976709,-49.623955,-42.15664,-56.515167,-28.117264,-15.477488,-3.364759,42.343254,13.461479
-670.5691,182.69589,-172.99779,18.879126,-24.606325,-46.343224,-36.153694,-56.893448,-24.45993,-12.543083,-6.8870726,45.184258,12.990368
-662.42773,164.01266,-158.51123,5.4213905,-16.075224,-45.22387,-25.068481,-61.57637,-17.73227,-17.5396,-5.4816017,40.61829,16.816467
-693.3215,179.94626,-174.40247,13.253214,-19.097717,-40.627518,-24.78908,-63.277206,-19.801266,-16.751812,-10.867945,44.67126,11.281518
-694.89343,180.02708,-168.33218,5.2570925,-15.427283,-44.881874,-13.837709,-67.369804,-19.71408,-17.889824,-9.874552,38.514755,10.885202
-688.4334,184.0475,-168.84048,2.1213865,-9.819864,-53.902275,-7.0024757,-63.624664,-17.459171,-20.244453,-13.324575,32.800194,13.075206
-663.60626,178.60577,-177.97891,9.152687,-18.540854,-50.244415,-11.604414,-61.471832,-11.495167,-33.80074,-9.037958,23.127575,18.647762
-664.6872,181.54675,-175.01767,12.708372,-21.645828,-49.235962,-17.079762,-59.27884,-15.015824,-31.787079,-14.843515,23.491142,10.875005
-647.1937,170.61487,-164.03444,0.66662884,-12.510726,-51.38524,-10.579828,-65.94819,-17.649567,-37.421608,-15.642876,24.246452,8.409716
-641.14526,174.39584,-163.16693,3.3932385,-18.341785,-49.6503,-15.644424,-62.95714,-16.040262,-38.972256,-19.171598,22.348942,4.5019093
-637.80676,175.70718,-153.4226,-5.393998,-14.701273,-56.50505,-10.903748,-56.494568,-23.39532,-32.09075,-25.744783,19.973564,4.2886314
-636.16315,168.55902,-141.70448,-11.168705,-20.042078,-64.362015,-5.221323,-53.200794,-28.777306,-25.003613,-33.435493,16.559193,-1.4631157
-620.4554,151.1972,-133.62337,-6.3402286,-25.574108,-69.032326,2.9529076,-53.18407,-21.946495,-31.161171,-31.386597,10.592847,5.7681227
-622.98425,156.66583,-141.82635,-1.7615705,-31.499683,-70.11656,8.630217,-41.918747,-20.96915,-32.621433,-37.59835,6.786495,9.581137
-603.2443,143.32062,-134.93831,-16.903393,-28.243746,-71.175896,18.011986,-35.38814,-19.79541,-32.741364,-44.08866,-1.0685835,7.018285
-619.52966,156.4747,-143.38432,-16.67647,-28.478493,-72.01787,15.409512,-19.551645,-15.68382,-28.26616,-56.79631,-5.002899,1.8395395
-621.03,157.05475,-145.6298,-18.880434,-29.420692,-71.64881,11.556727,-8.953,-11.394521,-25.38896,-65.78961,-10.768061,1.1172724
-624.1986,161.42499,-156.1944,-11.430371,-32.94186,-71.63111,8.946051,-4.1526947,-1.9894421,-22.551464,-71.165085,-13.7673645,1.741194
-618.6776,153.6784,-159.02303,-8.2500925,-39.036983,-69.94879,0.69822264,4.4258423,7.436619,-21.598192,-73.056076,-19.79978,4.1170673
-606.7816,141.87543,-151.88002,-18.715141,-45.311935,-66.35321,-7.191447,15.497105,4.3131976,-8.779314,-76.904434,-17.49652,3.465942
-632.2458,157.5245,-146.16664,-29.642237,-54.107944,-53.081417,-13.538265,17.584293,-4.8759813,-0.24056911,-59.77643,-14.837227,0.205271
-632.0733,152.88602,-133.57578,-38.946312,-67.354385,-40.546265,-20.083347,12.994172,-8.233208,6.4696584,-49.01012,-9.4946785,-6.424947
-611.9302,144.11565,-122.13531,-60.245525,-62.279724,-47.12094,-14.320753,14.100203,-14.215225,12.509817,-43.44588,-11.383659,-5.018952
-628.8655,173.35977,-128.64645,-67.07988,-66.59677,-44.753143,-19.318502,15.870351,-14.844233,19.276993,-31.460384,-13.283859,-7.8520794
-631.9276,191.60019,-130.69788,-74.392334,-66.77084,-43.343254,-31.681936,8.545856,-3.245017,23.330372,-14.214769,-20.636662,-1.3559338
-685.66895,225.37805,-132.29735,-74.470856,-69.56464,-39.44184,-40.7503,0.27419758,0.31881166,25.885677,-4.5076957,-24.172009,2.3215642
-776.674,266.06763,-118.536606,-65.316315,-70.16788,-40.16996,-39.71026,-4.1477346,4.61786,25.299675,-0.2707013,-25.626236,-12.701476
-886.0519,292.3385,-98.5607,-42.79873,-55.447407,-52.131413,-52.650894,6.896003,15.051727,21.547443,-13.261392,-34.877037,-14.80353
-1173.0322,344.5304,-62.66727,-31.157734,-22.305042,-48.927162,-95.88059,35.52707,57.42521,3.21381,-57.05867,-30.492188,18.529388
-1239.6202,353.4002,-59.32701,12.16147,-12.705315,-42.882996,-94.925896,15.098793,64.20015,13.040412,-58.62504,-33.674255,12.461681
-1165.9741,322.3482,-42.63417,-2.7834058,-9.758169,-38.543137,-82.036285,2.0075645,41.749084,1.1986542,-45.463127,-25.878468,18.244223
-1078.1064,318.05603,-57.001972,3.6639462,-26.75734,-41.93769,-66.0271,-20.361027,6.0278215,-2.4323153,-10.0207405,-15.493538,-8.807292
-959.5209,303.22577,-54.604393,-14.720444,-39.275055,-42.447014,-63.49553,-23.622139,-6.0923862,-3.5382743,2.7554376,-2.4065204,-6.370634
-859.8376,290.43127,-73.57098,-27.48284,-42.09719,-39.380047,-70.642,-33.747326,-20.64542,5.7060146,9.192967,6.128829,-2.086875
-800.48596,268.7165,-83.06659,-37.352325,-36.994247,-37.680336,-78.66885,-35.870777,-25.834473,-0.7150755,20.066359,12.96884,-3.8457127
-734.6264,239.17664,-92.47952,-30.488396,-34.461006,-40.560947,-76.22109,-35.00592,-36.57612,3.3317723,19.484173,12.39492,2.596775
-692.5686,221.84496,-117.97227,-41.516792,-36.2152,-49.634853,-71.22508,-40.455067,-36.03188,11.087089,17.478197,22.503391,-0.04499054
-640.00824,191.93985,-114.11232,-44.145103,-29.869963,-42.87881,-78.51468,-36.263023,-45.83328,11.845213,24.904125,22.071619,-11.274906
-610.07074,174.32985,-113.10825,-43.962433,-38.631336,-42.529007,-78.180115,-27.853954,-51.0971,18.37135,31.506737,17.566814,-13.699486
-579.2832,156.76768,-113.601974,-40.396107,-33.263145,-48.243866,-76.973656,-21.926014,-48.228268,26.653524,37.81756,6.3513584,-15.279003
-538.69635,144.72858,-120.275314,-38.194256,-28.0929,-51.56662,-80.61332,-14.835507,-42.007637,36.5364,34.769875,-4.2785587,-18.582157
-525.1701,144.62186,-122.8008,-38.509407,-31.163328,-50.021183,-79.779205,-13.747835,-25.331484,34.82055,38.046074,-13.602312,-21.811094
-505.12906,133.219,-123.40142,-41.950306,-34.030445,-57.46983,-70.57272,-17.198467,-18.96938,32.684437,31.35429,-11.542412,-21.65268
-518.77765,130.68488,-134.16568,-30.116215,-39.065445,-55.629215,-71.000275,-25.106571,-25.053524,21.989086,35.503567,-2.7245579,-12.682949
-521.3877,118.87862,-123.405685,-37.580853,-32.493107,-56.034958,-66.235504,-31.153015,-22.06367,11.499952,37.660168,0.63772917,-10.576941
-537.0526,135.0785,-114.230255,-45.92373,-26.908829,-46.66751,-62.465385,-25.811209,-17.185696,10.002033,31.757149,-0.37669706,-19.028625
-570.8192,158.41492,-106.396904,-51.540096,-36.192665,-34.3604,-65.6801,-16.252197,-10.3908615,16.19233,26.955015,-5.327635,-26.295406
-608.8856,175.81647,-97.02806,-63.529564,-46.373417,-30.407465,-61.930027,-12.838352,-6.156523,20.005629,20.902964,-13.728716,-20.741695
-657.37225,197.20541,-89.66388,-81.76158,-62.601067,-27.805445,-65.45346,0.14626598,4.131789,15.696211,23.296263,-14.9203205,-21.165543
-721.70776,221.07175,-84.5016,-87.91415,-68.63819,-21.831417,-72.29862,-0.45763302,15.177122,17.966177,25.497345,-12.089146,-28.13569
-781.5786,247.04507,-68.47329,-72.966354,-67.42153,-19.506386,-66.81795,-13.479361,19.437334,14.739964,23.428528,-10.814116,-25.718672
-872.6599,289.88644,-57.03208,-41.841824,-81.45572,-11.890987,-52.4218,-29.973312,19.810556,23.260128,8.138822,-5.150573,-33.112366
-925.2368,308.63446,-23.080496,-29.676556,-78.088844,-20.831165,-30.013004,-36.82474,13.645897,35.833565,-10.560885,-15.024027,-32.676796
-1002.7944,326.2345,-1.2376559,-3.2272987,-62.075043,-26.56064,-37.638077,-6.9920588,-10.783719,28.646307,-26.026247,-26.348642,-31.074276
-1033.237,319.76813,8.674271,18.97735,-65.553276,8.371218,-60.00405,9.081797,-1.1478062,9.965338,-43.15316,-34.0036,-33.065514
-1037.5599,312.01282,24.065063,4.3186336,-64.320244,22.416405,-60.61415,5.574337,2.5499325,2.5147686,-46.22279,-26.765902,-46.941933
-1021.34753,306.66095,4.9520106,28.055218,-74.190094,11.006912,-79.54899,3.78763,23.216805,1.311717,-40.902176,-23.520931,-42.50309
-1081.4377,285.03705,24.125702,58.784092,-76.183365,11.706825,-99.307205,10.8204365,50.801857,-9.219094,-59.700825,-12.932054,-12.971741
-1143.6553,289.92194,2.4158616,55.928616,-66.499275,14.077903,-80.04475,34.493675,46.604595,-10.89646,-63.37547,-23.169123,-25.870487
-1217.3755,308.02203,-44.50271,85.54669,-48.78969,19.416862,-66.91719,14.350379,49.238712,-22.148846,-72.18106,-26.248669,-8.130161
-1293.3787,294.4206,-17.506868,87.60664,-18.02754,13.05501,-91.35282,-5.7429895,67.242004,-18.279982,-85.20544,-0.5100136,-6.6504936
-1316.4069,301.10413,-23.931639,49.460968,2.8836021,-2.2475967,-87.812546,2.602357,79.71089,-11.096698,-69.84737,-4.101512,-21.43528
-1324.6516,304.20825,-53.212753,52.054916,10.085354,-1.183757,-85.39766,11.702681,80.96452,-5.5000954,-67.17983,-7.3003654,-20.01482
-1344.3765,323.05408,-68.4685,34.552925,22.902367,16.201992,-85.27544,11.214421,66.15987,-21.915619,-61.817543,9.127396,-1.6403847
-1322.339,315.95697,-66.55596,31.284317,36.09548,0.5671334,-69.45079,5.804077,52.044224,-26.73824,-69.52902,6.2701616,14.550495
-1313.4819,285.48822,-41.05049,50.621735,50.41532,-7.3613443,-72.70379,7.778639,56.066822,-35.306526,-85.13032,-1.3682003,22.42381
-1357.773,302.3705,-38.50882,66.45119,66.1521,-3.8300333,-79.94921,13.649422,50.501904,-32.854774,-81.3078,-12.348732,17.38625
-1393.5184,336.1449,-43.450214,68.275276,81.197426,-14.462099,-82.11405,9.662378,53.874176,-20.542698,-78.980774,-20.110176,14.5948925
-1420.8572,353.10284,-43.579216,73.13637,84.5021,-17.585674,-80.66846,20.559032,48.074944,-20.970726,-69.313934,-16.371536,18.140587
-1423.4785,350.17773,-34.170578,74.284294,83.30585,-19.424736,-83.31911,19.391073,56.8795,-19.861288,-67.649376,-7.814173,16.561127
-1427.2336,356.28003,-45.200623,80.73894,73.7894,-13.737195,-78.397156,19.903236,54.042152,-26.38525,-67.10116,-10.738854,17.754402
-1400.7802,331.7749,-41.724648,77.62524,75.03812,-14.134975,-70.43252,27.299583,41.482258,-33.15261,-70.706375,-14.967013,12.082042
-1415.419,323.72986,-39.639786,71.91879,80.91458,-6.2769966,-61.126957,21.601868,37.315147,-38.633186,-76.45161,-19.041822,5.9199142
-1447.0706,323.85388,-37.625954,74.85152,79.6331,1.5507233,-62.06817,7.346364,26.632645,-34.530327,-72.954895,-8.098563,6.5122566
-1461.6417,322.13696,-38.513897,72.72977,74.68355,17.380806,-59.145485,-5.2847815,10.015952,-41.103294,-71.61695,3.7649727,27.893364
-1443.7174,311.578,-24.46519,55.41518,66.36418,7.6362896,-44.04064,-13.205566,12.106442,-34.306458,-62.481934,1.6560173,35.86265
-1468.2067,337.27423,-47.491146,69.65558,64.281555,7.7173376,-53.039158,-4.589305,11.332683,-29.847614,-70.77535,-0.94158745,38.149807
-1465.7332,325.6092,-37.31981,55.93638,81.366974,10.746188,-49.673164,-16.413513,12.941908,-27.433838,-68.54531,-2.9411325,33.500565
-1490.659,346.85272,-62.316765,72.36925,78.11818,14.401218,-59.981003,-11.065699,15.198795,-31.357847,-75.02132,-2.026308,31.351078
-1461.2716,326.3608,-52.914658,64.01619,84.07817,4.8055816,-56.989662,-12.762913,16.894943,-38.34774,-70.46289,-2.708952,30.741325
-1497.9854,338.56815,-54.911095,70.6451,82.413086,10.628818,-50.536407,-11.536329,10.197168,-35.05713,-72.99091,-6.0353374,21.858671
-1495.1735,317.2598,-37.535194,70.50713,77.95615,9.057805,-42.093674,2.1301355,22.077118,-40.272152,-82.4855,-18.136063,11.344719
-1504.583,330.1667,-40.47828,79.65786,64.0634,13.336607,-43.680748,10.808596,17.553122,-43.6783,-81.65088,-16.371042,7.613571
-1499.273,329.19653,-27.883686,74.78264,66.81556,1.6795883,-42.347103,14.959539,21.195375,-50.34126,-82.27196,-12.308712,10.867025
-1465.5299,315.638,-20.691029,73.21066,68.08584,4.980664,-51.689323,10.663008,15.853376,-49.064354,-78.22153,-7.373808,18.913095
-1448.0157,305.19592,-14.559348,67.712326,77.38359,3.3442202,-49.876274,8.492857,13.656867,-48.033028,-71.99293,-5.6033535,16.999294
-1461.826,319.89484,-30.359873,77.15469,78.446075,4.725627,-55.23385,17.660192,16.281147,-44.386944,-73.28242,-7.9363594,8.940476
-1443.2474,297.3476,-26.236738,70.464554,90.74777,15.375838,-45.803482,15.370035,17.262444,-56.68729,-78.97917,-9.2323265,11.772788
-1431.3514,295.287,-37.6806,76.80107,86.7561,16.290333,-46.06366,12.824312,21.286213,-47.277813,-82.83466,-13.308338,12.888953
-1438.584,290.58582,-31.952065,76.203476,88.65465,15.994152,-50.572227,2.2933917,21.518806,-45.049397,-75.10103,-11.483768,17.55577
-1442.2711,288.14377,-40.009586,76.77344,89.35348,26.192501,-49.685356,-3.219678,10.191712,-51.098434,-79.3635,-3.039709,31.848186
-1480.7266,315.8637,-47.315083,73.8646,81.24977,27.185638,-43.40026,-8.662335,8.122517,-52.68219,-75.07583,-3.5152187,36.757896
-1486.1304,312.46576,-43.443916,72.68434,85.809296,24.094843,-46.125862,-7.671413,10.272431,-40.709663,-76.37339,-5.8846455,33.63631
-1504.7712,329.0238,-55.974,71.36891,93.47071,19.170921,-49.177494,-1.0332217,14.613714,-39.182846,-76.1352,-9.106471,32.435028
-1517.3062,323.0298,-47.433502,72.11883,97.55124,17.679827,-52.561916,0.6266041,16.303404,-39.410545,-74.31009,-13.852728,28.919191
-1506.0371,327.82285,-60.389317,76.91974,94.6853,15.618828,-59.805855,0.8242948,21.489605,-36.054092,-79.09457,-14.096163,33.365376
-1490.584,325.8211,-53.095016,64.80207,91.11025,16.73199,-58.739037,-4.628498,14.550435,-34.86279,-80.00516,-6.150791,34.0213
-1444.4731,295.52075,-45.54389,68.0647,94.363174,16.319553,-61.268414,-8.860028,18.96534,-51.785213,-82.88587,-1.3230286,34.226254
-1431.1133,301.75082,-58.68775,77.99134,85.82387,23.012411,-77.48237,11.578491,14.654778,-52.87988,-90.678795,-4.1920395,29.563038
-1432.1488,313.82654,-53.85277,72.16081,82.06284,16.726524,-75.32292,16.714827,21.996977,-54.20217,-88.23686,-14.430265,18.343561
-1426.436,308.76944,-40.474037,65.17578,91.934044,10.169596,-69.36301,11.587501,25.820087,-52.445934,-84.42656,-22.347721,15.656817
-1434.8098,314.9978,-45.794197,75.16843,94.52873,18.011097,-76.70119,17.97711,16.374329,-48.719288,-83.3754,-22.661686,19.154606
-1454.2766,312.53864,-42.719986,81.11496,100.01539,29.216042,-72.66124,17.690372,15.205209,-53.774586,-82.865295,-24.270237,21.173073
-1461.9469,299.11115,-38.198483,92.00926,98.55368,35.132164,-69.98384,22.039188,30.427393,-40.60219,-79.829895,-21.23468,7.683077
-1485.8944,312.41895,-16.585417,102.10647,87.060646,27.582493,-77.066086,2.6166532,34.689877,-21.346563,-73.37901,-13.076681,8.80528
-1528.2112,349.4548,-18.1289,88.47915,86.37934,22.437395,-77.375145,5.8971214,14.300573,-27.676683,-44.212753,-22.751642,0.41627502
-1663.3867,372.731,25.940062,71.252304,72.79947,22.101524,-64.55926,-2.1736445,7.792424,-9.629758,-48.445866,-30.409397,-5.9407787
-1910.5979,352.3153,60.007095,38.750343,71.631325,58.759914,-53.342583,-19.430458,47.360733,-6.9672546,-54.55585,-25.956425,-11.488142
-1998.441,326.65994,70.63401,34.988796,51.621246,57.361385,-51.034126,-45.733524,35.49539,-3.4658337,-65.5293,-33.759155,-0.29767036
-1833.8723,219.14017,43.27053,38.897507,-20.277557,39.03714,-3.2699065,-20.773127,-17.9642,-17.155544,-28.410034,-13.674527,8.67229
-1626.2401,136.86276,3.9300423,13.399488,-30.091864,33.337093,-5.84054,-15.659121,-17.635067,-15.655373,-22.148857,-8.12595,-0.50534534
-1525.0452,277.28857,45.316933,24.881725,-14.320847,31.336168,-15.50699,-17.460688,-29.269375,5.6093674,-27.611605,23.770348,43.134586
-961.38885,268.04773,-72.69603,-0.8706846,5.225711,-22.44459,-53.447254,-35.82496,-56.608086,-19.072035,-3.8873737,14.866507,44.398415
-827.83826,217.11774,-105.897095,-0.059841156,-2.413795,-30.16502,-69.14995,-46.646458,-66.93533,-14.701752,-7.3455334,28.440659,47.653076
-796.7039,204.95099,-87.66688,-10.378018,-20.829193,-34.90661,-71.955505,-53.790962,-54.708138,-27.419186,3.610814,23.748524,47.013725
-842.2688,233.66425,-58.928886,-21.068834,-31.795362,-23.189983,-64.29405,-49.78254,-49.038246,-28.562588,-1.6850471,32.498978,51.978386
-853.6981,244.92911,-74.53659,-10.872699,-47.20272,1.5386105,-52.177963,-36.394756,-43.707367,-43.758728,7.1894646,39.870438,53.807907
-899.88824,263.34818,-78.94926,0.7496929,-61.50762,2.369256,-45.19203,-31.173092,-41.17291,-40.050663,3.4397075,47.133724,53.298443
-922.10846,259.12506,-67.60347,6.266839,-68.05844,2.7409391,-26.900043,-29.914036,-47.41546,-34.923454,2.1805673,51.01339,55.28225
-952.0993,256.82254,-72.52028,6.583943,-72.16863,6.423256,-15.363558,-25.68353,-43.92391,-32.30668,-4.4230843,52.033722,62.960964
-929.472,231.8211,-43.016,-0.5037832,-77.68783,11.583281,-42.284306,-15.739113,-43.37921,-33.577625,-9.069979,54.394344,59.14203
-916.55756,227.89944,-31.670267,10.253005,-90.67874,2.6553326,-52.13168,-14.388114,-44.65628,-29.372038,-7.942051,57.89782,55.60456
-907.4574,231.33173,-44.621918,18.23789,-94.72914,6.820057,-59.540253,-15.158772,-42.38371,-27.74364,-2.5147939,57.637043,48.980404
-911.5475,239.11855,-47.82351,25.20417,-96.830246,-7.9139185,-54.32724,-21.569397,-41.750366,-34.52516,8.343211,57.644257,37.970116
-910.2837,238.00516,-41.696373,36.053146,-91.29794,-31.837484,-55.87168,-9.97151,-51.78176,-42.23893,15.496965,57.94874,38.830887
-894.7708,231.76054,-35.064224,31.582373,-81.982895,-37.980316,-57.203312,-22.340998,-51.434093,-35.538826,16.375135,50.990585,33.94618
-881.4515,223.34215,-31.756046,35.69137,-85.20624,-39.639267,-50.415543,-27.55933,-49.8642,-39.043713,13.05936,53.35216,30.824306
-884.9335,219.49588,-25.846447,33.37262,-92.861374,-31.959927,-46.710777,-33.003246,-49.706326,-35.834396,14.122753,53.93335,27.593662
-905.9749,242.20906,-33.29074,31.990646,-102.03162,-27.927986,-38.555393,-24.975098,-44.41646,-33.191414,2.9797025,56.883125,26.6688
-872.9636,229.85034,-39.462944,26.019426,-103.69544,-20.106192,-30.664623,-32.91149,-38.983,-29.575878,8.11551,54.73247,22.179302
-896.0891,256.88968,-63.619873,22.894897,-95.81711,-18.00677,-15.047574,-31.74068,-34.606705,-30.863102,13.626416,57.78065,27.240389
-920.57196,264.11035,-56.243637,2.1994581,-92.7146,-7.2337666,-9.9664545,-26.965485,-20.677834,-23.296396,17.523993,55.154938,21.169006
-971.71313,280.8725,-45.14068,-3.2617922,-104.14722,-12.511322,-8.386299,-9.759247,-25.793596,-28.278511,22.090277,56.688774,17.253153
-999.4297,292.59473,-46.710663,-6.306259,-98.24172,-3.2576523,-11.43532,-16.989555,-16.624092,-28.200129,25.476376,56.215027,15.395279
-982.86847,285.31403,-45.17935,-14.118905,-99.32686,15.51425,-14.622959,-12.0511055,-21.076061,-26.94001,31.253723,54.057655,18.625229
-1006.4006,289.8925,-42.182156,-18.29271,-88.1039,1.3333931,-11.37678,-8.371873,-24.033377,-23.732262,25.75642,53.783066,20.528101
-988.82886,279.8896,-50.80596,-12.134493,-85.819954,13.605406,-15.26709,-11.488501,-25.324827,-30.463951,20.56832,59.02726,17.358545
-1014.21094,284.23065,-36.371384,-9.07908,-76.48591,1.9716625,-21.246994,-13.063985,-31.030346,-45.703194,21.420061,58.328987,16.690304
-1018.4762,288.31018,-46.353695,11.1153555,-61.347145,5.7659473,-42.809044,-24.093296,-28.411982,-42.21008,9.805962,55.821728,14.127642
-1009.0155,287.5634,-50.65632,7.547929,-39.423286,5.602207,-52.039894,-29.457073,-46.671196,-24.216885,-3.418413,34.746532,29.216385
-1092.6597,323.9231,-42.20844,-11.53331,-8.13931,17.734684,-68.26042,-19.544456,-56.388096,-27.872698,-22.140665,24.000341,44.21609
-1226.3069,294.8305,-10.782442,61.048138,18.833282,29.198708,-31.746138,-5.1210203,-62.802574,-37.774715,-39.403957,23.507381,41.652718
-1216.0486,288.46802,-13.491532,70.1702,8.498722,51.169975,-16.693867,-1.2270775,-60.71724,-51.87465,-54.223907,1.1816769,19.127108
-1218.069,293.91946,6.186443,61.319077,2.0603704,46.47193,-19.965086,-3.3524418,-57.628742,-57.64738,-50.62738,18.223156,18.436207
-1279.7637,310.31122,18.451159,79.06792,10.126027,31.210163,-40.671932,0.09762573,-46.62428,-49.914913,-47.89706,17.576603,6.5834846
-1307.9346,335.17557,1.9414673,82.65199,11.688412,32.45146,-35.68428,-8.13509,-43.08284,-48.43344,-47.423325,6.599779,-0.041591644
-1284.2188,318.97137,-9.790266,74.86939,35.31466,45.2197,-25.752113,-28.537914,-50.24691,-45.18659,-41.445675,0.73244476,4.296297
-1332.3586,358.9846,-17.346565,55.58765,25.450756,41.700268,-14.975395,-20.039276,-34.77015,-38.969555,-46.409782,-12.024165,-3.9576445
-1207.0674,304.0914,-21.893246,34.378586,11.979287,57.129845,-22.372551,-20.94789,-72.00615,-50.78517,-31.479727,28.799055,32.096363
-956.2748,279.37405,-71.96217,3.1012945,-20.129063,12.784721,-40.379364,-52.591255,-54.022438,-35.855476,-13.273579,25.014221,42.791
-829.6154,228.57599,-94.286804,-22.160889,-28.16929,-16.302305,-54.513977,-62.171204,-66.88269,-30.364004,-6.1838,38.321724,57.89494
-784.6947,207.81908,-72.53107,-15.379991,-54.69315,-20.146461,-73.94847,-63.17308,-39.867504,0.22415924,0.5680141,33.790276,37.49481
-754.32495,218.34525,-80.06523,-14.698455,-55.591347,-13.754702,-70.61457,-59.56308,-22.977169,4.944005,10.059153,32.4556,30.222515
-688.9563,187.85422,-85.15071,-40.837715,-44.18164,-24.982647,-70.11472,-47.275997,-8.994118,11.920448,20.6151,29.10875,24.830105
-660.0971,187.45935,-98.56387,-49.011375,-46.615746,-23.09919,-66.27655,-27.806684,-6.8847227,15.188049,21.6004,27.223892,21.527405
-622.6095,176.2687,-103.484245,-61.172085,-50.492382,-22.29685,-64.74141,-24.094494,2.5546012,20.02958,27.626831,17.681488,17.03209
-613.8535,174.23622,-114.1826,-70.69624,-51.4793,-31.108944,-67.06125,-31.7738,0.48275232,17.936749,35.552925,26.793167,10.800917
-582.2088,155.3328,-115.705864,-61.263927,-49.415703,-31.64158,-63.79972,-27.72976,-10.269131,24.933249,48.25455,21.763048,8.591627
-547.30005,135.39459,-120.69176,-52.4635,-53.55968,-47.1589,-40.199738,-33.26152,-2.6274905,42.360588,33.481377,21.889078,6.1952386
-539.8241,133.95728,-129.45668,-49.50988,-54.39884,-52.56498,-41.47236,-25.132694,-17.70388,43.601906,32.118343,24.804743,10.726367
-517.08905,136.49915,-130.6969,-39.15645,-57.183334,-60.941456,-27.762285,-21.43721,-16.01066,47.62654,26.898434,22.579834,7.0538945
-502.54565,130.66905,-130.68182,-48.69818,-59.645527,-66.73768,-35.970337,-16.757505,-20.71904,51.463108,25.789936,13.951374,7.2195635
-501.3895,134.74713,-139.625,-42.763397,-65.897575,-73.1853,-22.233397,-12.037371,4.7586827,41.442215,19.740416,8.486166,13.123989
-483.70837,122.232864,-146.77151,-43.719368,-72.400276,-77.88522,-24.829405,-10.894152,13.247707,39.099335,18.274843,2.3862896,15.9659
-506.73663,138.56174,-146.39725,-58.506996,-71.25374,-68.86391,-33.577656,-11.687412,-1.9789841,33.909447,11.486716,-1.9382048,8.2695465
-550.68286,156.54056,-134.80048,-61.927284,-72.66065,-65.66518,-40.284172,-12.825859,-4.619626,36.13971,5.997224,-5.3113546,0.06054735
-531.31433,151.15082,-131.18314,-58.120857,-67.66663,-65.09744,-38.29267,-7.153364,4.586726,22.231277,2.894804,-17.980446,3.3136132
-596.72363,182.51337,-125.1387,-64.88672,-61.013336,-52.331223,-64.77192,-6.527235,4.932352,21.939842,5.0946474,-28.793613,4.368146
-709.7958,226.35199,-101.73549,-66.99385,-66.004524,-40.304317,-73.25011,-35.23739,6.1165047,9.318529,-2.7375085,-7.4283257,-6.9977894
-790.87524,250.2919,-95.71835,-58.785873,-70.51178,-52.174873,-71.65279,-35.17964,-7.266706,16.641644,-1.0840412,-11.856213,-13.474464
-849.6619,264.12613,-78.44235,-49.65989,-68.39557,-50.866684,-65.790565,-38.45517,-17.950302,16.136822,2.5542855,-16.76324,-6.294675
-973.5677,293.8186,-47.767307,-39.283363,-82.65823,-48.804775,-53.75596,-35.880714,-17.71089,12.401688,2.069973,-9.33354,-13.693659
-1292.1305,375.646,-29.044395,-30.58043,-76.36371,-58.185646,-57.209038,-7.266327,-3.1583104,-3.716148,-14.401053,-9.746151,-11.643576
-1571.171,386.85577,1.5327108,5.4786577,-81.51894,-46.44794,-69.538414,16.840754,30.76344,7.346278,-35.7962,-5.472024,19.055183
-1612.637,363.21875,-8.700083,1.6279984,-66.82378,-39.40947,-47.896744,11.373526,27.677685,-13.770557,-26.093088,5.9019012,5.831154
-1658.0469,340.09796,-12.889978,9.339325,-68.641624,-37.1031,-30.10801,18.769863,9.232246,-15.619541,-41.73063,-16.025246,21.081352
-1770.5662,393.26855,13.187045,-2.8002243,-39.378685,-60.89583,-15.478462,40.00492,-3.9929585,-5.6632175,-54.21914,-0.8596413,17.45731
-1849.0319,416.461,55.280254,-53.34427,0.7265489,-34.06464,-37.596222,32.641777,-0.647275,-0.66946554,-41.0589,12.552288,15.224733
-1874.391,413.60266,70.40799,-45.573624,-34.376007,-29.36253,-26.022507,22.314861,2.666358,24.122414,-19.626154,4.163395,30.412285
-1924.7996,434.0686,60.885033,-45.263496,-16.482971,-31.597708,-13.620264,24.07776,30.062325,24.03346,-35.100586,0.66605186,33.42941
-1931.5776,464.33923,52.39677,-59.27642,6.904358,-26.567104,-46.557144,33.09855,38.758194,10.602076,-30.201464,8.4657955,41.33924
-1918.463,453.71887,63.261337,-68.22232,3.0331745,-30.285984,-33.47696,34.88685,41.547386,2.642561,-37.93192,21.500088,45.58602
-1938.7385,436.98944,75.62529,-60.1176,2.2470746,-13.034484,-40.567123,29.40976,33.235886,18.643167,-19.049648,5.705286,23.0345
-1972.3733,453.45844,84.32262,-53.26669,6.9292927,-14.405235,-41.257492,27.346895,30.448215,-1.3892655,-25.733906,0.6030051,9.098744
-1971.9203,454.93903,90.23572,-67.96045,-10.933483,-32.182503,-30.564056,39.354347,32.84294,-4.5814257,-43.850105,6.2086153,21.6343
-2001.0697,435.20105,75.90588,-89.41251,-13.307727,-38.568047,-40.190548,34.93811,27.941748,-5.7234917,-60.181576,-16.497187,23.35377
-2044.827,424.25296,84.98093,-97.676926,-14.787174,-19.152737,-33.344444,36.575447,31.473106,2.9454398,-49.924355,-11.109512,11.358584
-2079.9644,417.34686,93.218506,-84.392334,0.9657068,-2.5781016,-15.634202,41.64169,48.15117,2.99761,-41.373386,3.410183,15.188499
-2105.4666,416.6869,94.678085,-73.43029,-5.1363354,-19.868725,-19.478176,59.941032,46.1684,-16.429972,-48.367393,-10.87417,19.468777
-2123.3408,421.193,102.47124,-73.059555,-10.360507,-23.83227,-27.654303,27.700771,38.257835,3.560143,-25.70653,7.5903134,32.524666
-2115.121,346.93045,92.43605,-15.55724,15.568138,25.930847,30.228945,35.275513,25.969452,3.9295611,-15.072123,-1.9276443,2.827241
-2389.2092,355.63217,227.00575,45.71566,54.17702,37.428814,4.7696724,11.710425,18.590706,13.154199,8.097316,4.560176,-7.1441965
-2340.762,362.10867,214.6262,46.770473,55.207893,18.475,-12.393275,34.64539,41.60943,15.221706,-2.3982272,4.8488154,-15.32773
-2278.8794,341.6214,201.20984,86.90547,34.681072,18.858398,32.758453,31.81403,29.198236,5.457203,-9.281378,0.6471832,-13.257227
-1412.1179,272.4845,53.22281,57.76684,-27.189714,20.59616,9.858177,-16.865868,26.550346,-16.847214,-55.877823,-18.81985,-20.57066
-1223.729,331.62134,34.612503,58.480766,-36.166557,-2.0783648,-23.699148,0.77421093,9.521661,-16.271717,-31.917223,4.847214,-3.9356089
-1038.2383,330.51935,-10.303119,10.944029,-33.26866,-21.672634,-10.537291,-13.321328,-38.86329,-11.359903,-19.735725,1.8240418,9.22057
-917.17834,296.19403,-35.62876,-18.50529,-64.27922,-17.200048,-40.21181,-55.435646,-34.730026,-13.005045,-14.538804,18.56404,6.384225
-832.8734,253.54309,-35.179016,-35.44299,-58.993206,-20.45679,-45.365776,-57.657295,-34.524017,-7.049,-17.577848,24.874434,41.006264
-820.05273,255.5899,-55.792496,-29.127758,-57.973984,-10.416497,-46.7397,-68.428635,-32.633827,-7.5546675,-27.44457,33.632256,49.126106
-787.71,234.13922,-40.67556,-29.4448,-48.652115,-10.587205,-36.894234,-78.80903,-39.82161,-2.093153,-21.269796,28.109592,47.39325
-771.3207,230.0708,-45.446102,-29.737247,-49.03178,-6.0566144,-38.460567,-78.04521,-36.54251,-6.931733,-27.254261,30.283417,46.741188
-768.49817,234.82834,-59.524857,-26.994162,-53.50574,0.99644184,-46.829914,-75.6288,-33.503075,-13.372483,-30.46706,36.42924,39.938713
-733.3695,220.80783,-76.20073,-31.11245,-50.2416,-4.732481,-54.939808,-63.604088,-27.876457,-36.085114,-36.924587,45.355118,33.516403
-717.92633,213.98828,-91.53938,-36.873753,-53.086792,-6.0377927,-63.020523,-60.845123,-22.970654,-50.186543,-34.69096,46.638905,28.1898
-698.95404,206.09048,-89.53572,-49.20272,-42.452797,-10.134442,-66.681656,-52.053375,-21.088284,-57.285233,-24.854502,41.26922,25.040184
-693.3002,199.92712,-92.9666,-51.3261,-38.378914,-10.169408,-70.3935,-48.669235,-22.413033,-64.724525,-18.764332,40.156235,25.633385
-694.78186,198.39871,-102.14985,-44.679348,-31.311367,-6.224764,-75.39336,-46.88914,-27.326786,-69.35031,-12.029599,42.71666,23.506443
-698.6207,194.6576,-95.47386,-43.90847,-19.49653,0.26456165,-74.5013,-52.352337,-29.1637,-69.99662,-7.6604586,46.439804,22.040386
-712.03467,201.70328,-94.56268,-44.819584,-15.019531,4.263439,-76.00803,-53.744934,-30.501337,-68.53409,-3.4582021,49.30946,17.858759
-727.2313,211.28168,-94.59914,-48.485703,-14.436744,6.5935984,-78.76047,-48.46941,-32.37874,-70.167046,-1.787988,45.55816,14.988291
-718.6903,202.07239,-89.70693,-56.87182,-12.237074,2.7287545,-79.043915,-46.793144,-31.61913,-75.68353,1.7574737,35.820335,15.469471
-728.4876,203.00827,-83.06189,-60.771034,-14.258888,3.9743123,-78.54524,-47.357353,-32.267323,-77.17576,-8.258793,35.509773,17.565884
-738.068,203.55228,-77.61394,-62.373634,-17.847507,5.000044,-76.20376,-49.658962,-32.713394,-75.34835,-18.861227,36.690376,21.616547
-747.5535,205.17896,-73.59126,-62.479164,-20.02055,4.001813,-70.87341,-54.230938,-32.620125,-72.05268,-21.200476,34.61007,24.37681
-775.0926,217.1041,-71.859604,-55.954216,-23.528461,7.782772,-65.11592,-60.60427,-36.603004,-61.066933,-21.573408,32.754715,30.895742
-820.25183,236.76155,-66.167885,-44.784706,-26.261324,8.983873,-49.76365,-68.400955,-45.750244,-36.593914,-15.354331,30.87685,29.553871
-857.6062,247.13708,-63.965675,-25.09411,-31.630707,7.551261,-36.432068,-75.27376,-55.4806,-14.333292,1.6701231,27.649427,20.463432
-847.3585,229.48079,-49.737312,-17.16179,-39.68193,7.404681,-25.574472,-80.474365,-54.621624,9.380312,12.401563,22.383392,13.952335
-819.3838,210.92676,-52.915497,-26.829296,-36.78885,14.073314,-30.25478,-85.01341,-49.750847,15.634199,0.26259694,26.869745,19.734835
-817.26514,209.05951,-57.42353,-30.583511,-40.882416,29.316916,-34.7964,-93.66741,-45.842293,12.312262,-16.054224,28.070227,34.739754
-822.2397,217.02576,-63.33603,-24.018406,-43.517006,31.080814,-34.208847,-100.90871,-44.856194,9.221232,-22.862406,27.01336,42.32511
-817.6892,219.56772,-63.66688,-21.453705,-39.439167,19.784218,-31.946121,-99.81923,-51.2761,5.5660925,-20.407745,26.432003,43.111977
-817.75415,225.23044,-66.58028,-15.984318,-44.10874,11.441168,-29.039698,-99.6526,-58.50524,3.7473068,-23.9168,22.688822,51.52056
-826.80005,243.82634,-79.12839,-24.351376,-45.087814,3.3968806,-34.44778,-89.81432,-59.314598,-7.463086,-25.767042,24.511734,50.143776
-800.10925,239.60449,-92.47978,-40.66478,-40.910164,-3.5946085,-49.40301,-75.35319,-46.271477,-25.782536,-21.380733,36.607334,38.985207
-780.99744,238.29459,-109.55098,-35.185814,-37.31698,0.05565262,-55.233932,-66.55466,-41.87876,-42.617977,-22.461967,50.14847,34.91413
-773.05035,232.36499,-105.516525,-29.850037,-29.054962,14.386862,-60.564957,-64.05991,-45.8877,-58.865208,-27.016655,60.513798,31.486462
-731.3273,216.67206,-98.53233,-37.802834,-27.183987,10.972758,-62.290527,-60.019146,-40.999382,-62.804565,-21.657124,51.197556,26.534227
-726.20435,217.45023,-101.20653,-41.931496,-30.375317,7.995741,-68.29953,-49.595245,-43.45867,-66.82791,-21.982607,44.885468,21.799675
-716.219,209.72192,-101.50818,-44.71077,-31.611801,4.356088,-73.82889,-42.063583,-44.62059,-72.73103,-17.873198,38.124924,18.252691
-715.0625,204.82083,-95.215805,-47.762417,-33.731705,-0.82229066,-70.018555,-43.794373,-44.048027,-73.53288,-18.627174,32.592026,17.480366
-725.93896,208.90807,-88.68183,-48.8098,-37.958588,-2.621314,-64.973206,-46.83584,-42.446213,-66.037094,-22.36115,30.57526,17.419449
-749.9463,222.12704,-89.81418,-42.201538,-38.52738,1.0268302,-64.92932,-48.370674,-39.504333,-57.868923,-19.013819,32.015522,15.346827
-793.3922,238.74295,-83.46785,-38.594334,-28.95203,-0.4190631,-59.925163,-50.449013,-44.080605,-47.297104,-12.02154,27.88047,20.801313
-831.85925,253.44214,-82.93388,-29.295864,-28.169546,-6.2967644,-53.861855,-49.18818,-49.068504,-31.800983,6.4772444,21.667023,15.457237
-879.5095,273.63223,-82.45615,-19.289318,-34.640476,-16.250027,-47.138184,-46.378685,-50.0038,-18.658833,15.782089,22.964611,-1.199379
-891.39594,275.56866,-80.0103,-5.3695326,-40.720108,-30.728022,-39.28772,-47.352512,-48.231384,1.6731172,19.764496,17.211744,-8.080917
-887.12775,271.27338,-68.2984,-4.8690214,-51.210426,-28.379288,-34.178627,-51.790783,-48.034668,8.8904085,14.337433,14.058864,-5.0977116
-851.6991,255.8058,-65.55856,-10.945112,-54.220688,-22.316902,-36.93643,-56.779102,-49.353127,7.6506796,3.9315102,14.905141,3.8008404
-810.9038,239.0965,-65.608025,-19.637457,-49.21895,-21.862228,-42.045925,-63.526413,-44.616615,3.3240633,1.6893903,16.955883,2.3885918
-813.9174,243.28113,-67.70389,-23.170982,-45.95784,-20.729132,-45.97307,-64.63662,-47.05626,2.5040455,-2.489646,20.970022,5.081299
-809.28235,245.49026,-74.96613,-22.242102,-45.00438,-23.657787,-48.469257,-63.43571,-45.507248,4.010812,0.43304503,21.131817,1.4318409
-831.92786,261.53055,-82.69915,-17.636969,-46.87437,-21.142513,-53.91511,-60.512306,-42.704582,3.027441,3.6081364,19.65143,-0.78396606
-832.07605,261.04013,-79.356476,-27.971653,-39.23327,-23.215385,-55.551483,-55.515354,-39.98974,1.359539,9.275825,16.509706,-2.904829
-820.96155,253.3132,-80.24364,-38.800873,-34.95084,-21.997644,-57.333683,-54.706764,-35.402985,-3.6697216,8.672154,17.048384,-0.1949749
-830.6276,260.89133,-93.4814,-40.716316,-35.5332,-17.47241,-56.060585,-51.881252,-34.771503,-14.817367,4.0991507,21.246529,3.5086899
-805.1574,249.55698,-97.04552,-49.981895,-25.916788,-18.325005,-59.00377,-45.06384,-31.249157,-31.184448,4.734706,21.56633,5.1870813
-785.74,243.69986,-99.696365,-52.433704,-20.97957,-17.400982,-60.234074,-42.499767,-30.143911,-40.86721,5.3895373,21.11148,4.7497044
-769.7334,240.89285,-101.93183,-47.646873,-19.406723,-14.572678,-59.85413,-41.131287,-31.09908,-42.706825,8.537922,19.324055,3.4817934
-770.8925,240.76208,-96.47856,-48.68444,-25.384241,-7.0877547,-60.6376,-44.08236,-33.295994,-38.59053,4.8892837,19.848755,3.6381044
-772.5841,245.84308,-99.99913,-44.12317,-28.337063,-5.1501365,-62.555912,-42.18862,-36.229893,-35.32022,7.2614293,14.960243,5.5623016
-768.5661,241.37837,-95.172134,-47.401047,-28.653448,-9.349903,-58.772633,-42.744606,-37.819637,-28.26416,8.217675,11.76453,6.8167686
-779.6736,249.46272,-98.62715,-44.560707,-36.33812,-8.89562,-56.9077,-44.554024,-37.78211,-20.640718,8.328247,9.463274,7.4045763
-795.7333,253.28806,-89.73159,-46.655685,-40.62801,-10.920502,-51.145267,-47.194405,-37.96622,-13.150775,7.637393,9.319695,7.667099
-828.23535,268.41858,-89.454666,-40.406723,-48.532524,-12.109547,-46.311653,-51.89161,-39.064533,-3.0017858,11.910114,13.1477165,2.921917
-864.49426,273.0813,-73.6926,-39.70701,-54.05258,-21.059649,-38.306824,-55.752743,-43.316326,7.6206293,17.177744,13.16454,1.0688133
-907.7708,286.6306,-65.77547,-34.569855,-65.1059,-21.847137,-34.34752,-57.983093,-52.078163,8.090733,23.184925,10.259075,5.0875244
-879.2517,270.69202,-67.74733,-37.671963,-62.945503,-21.141888,-29.060877,-73.32262,-54.877487,13.899193,12.074747,17.877665,17.056877
-859.9681,262.0943,-64.081856,-42.853607,-61.745796,-12.530409,-29.176231,-78.98343,-55.30356,12.307617,5.0916533,26.405998,20.140724
-891.18933,272.1261,-69.30061,-36.682846,-64.83898,-11.547081,-28.976353,-78.09949,-68.355316,1.8594532,10.26813,22.361374,24.548662
-933.375,285.63748,-68.55624,-22.738712,-65.823875,-17.480824,-24.628584,-68.641205,-79.117165,-8.725364,15.551461,20.878841,22.720314
-961.96533,294.62064,-67.0264,-21.831924,-61.215576,-23.707186,-24.352125,-61.761333,-81.909454,-13.479348,24.133654,18.495441,16.81086
-984.1113,299.88022,-61.564213,-22.132736,-59.16536,-25.69368,-22.822395,-59.1781,-82.00664,-13.128222,28.848598,18.107838,4.7408257
-994.2153,301.83533,-59.477036,-22.946194,-57.708153,-26.370575,-29.973269,-52.88217,-75.18127,-12.9188795,30.244232,14.309018,-2.098793
-996.02905,300.76874,-53.36759,-26.033318,-59.582947,-32.240036,-32.114304,-50.91492,-64.24747,-7.515787,31.204355,9.00458,-15.051167
-1002.6329,308.71472,-52.98105,-30.93879,-63.281006,-31.089134,-40.876053,-48.41388,-51.228317,4.0323267,29.523354,4.5750074,-24.6481
-998.93854,306.8957,-54.232544,-37.415077,-60.64077,-39.359676,-46.37346,-47.73472,-41.452045,9.951568,32.95172,0.21079159,-26.051426
-992.50555,305.68604,-64.62048,-39.487167,-68.538635,-45.320263,-51.772568,-43.974915,-38.234543,20.65308,36.071774,-4.235405,-25.390594
-993.3296,306.05402,-71.879395,-42.405983,-68.44142,-52.222527,-61.911346,-38.687492,-31.259222,19.606445,35.463745,-7.2771454,-23.488375
-978.85333,296.21838,-76.43082,-43.888416,-74.39794,-51.405083,-68.110886,-40.991295,-22.827929,23.75264,35.029736,-10.849663,-24.162935
-977.598,288.76886,-84.78217,-41.59532,-68.87995,-56.75992,-75.63155,-42.52559,-9.422147,26.270042,27.11654,-12.974144,-23.8779
-1031.6313,291.85052,-84.672714,-25.766907,-64.54752,-75.133736,-84.93335,-37.809822,4.8703995,33.79705,11.922503,-18.284811,-26.06622
-1249.081,323.1374,-52.57807,15.486213,-47.034004,-123.68144,-110.79146,-15.277088,38.611923,26.895578,-39.50904,-9.644617,-10.980398
-1700.9003,423.21887,20.665173,63.011097,-54.319515,-143.25342,-116.319435,-18.960304,60.79122,18.026024,-50.467533,-28.782562,9.9698715
-1370.7129,304.86072,-33.687027,-22.902891,-55.546402,-73.28319,-74.07118,-35.57264,-17.39044,-1.2274666,-0.4208366,3.7639732,-12.014883
-1547.552,363.28854,-24.581833,-16.829031,-56.94564,-88.132126,-84.40816,-22.896156,12.390091,8.21088,-11.575645,2.5437102,-3.324862
-1525.242,358.61603,-9.186523,-27.806889,-95.089966,-112.747696,-122.75192,-6.4187164,40.317818,6.244947,-2.239334,-2.8216977,-21.146315
-2009.7257,440.9933,74.790054,-3.603702,-61.28705,-149.75482,-94.172745,15.996044,60.083862,25.945724,-27.536701,-25.042572,-15.788271
-2026.3195,411.9771,39.828274,17.489979,-23.26475,-128.68947,-104.77731,-34.03576,21.236631,10.002818,-41.14864,-5.283086,12.824282
-1985.2355,401.9755,52.9394,64.209,-10.436602,-127.28034,-88.81793,-43.26484,38.702625,15.775799,-62.15931,-4.626343,14.422252
-2183.6514,401.623,101.99609,4.408242,-17.307594,-105.06755,-85.744125,-17.3108,36.589836,10.681622,-35.431923,-1.5883441,13.299584
-2189.2983,391.25836,119.11018,4.1870537,-12.986053,-115.5169,-101.79808,-16.906197,43.27099,13.852484,-35.00235,-4.0447164,16.121437
-2185.9595,388.31665,123.016884,6.0919056,-24.361502,-100.16045,-89.2954,-13.774748,25.693554,19.670456,-23.914982,-8.629601,14.207138
-2206.9695,396.10645,137.1167,2.6790428,-15.949829,-113.00055,-108.24462,-16.190422,31.453663,10.666447,-24.854496,-4.178815,21.451546
-2230.2864,367.60452,120.116196,-1.2972898,0.2656188,-95.739624,-115.736664,-10.934236,32.7711,2.1025448,-24.850803,-2.6395016,24.347103
-2255.0151,379.5077,127.379974,-13.24819,-11.434359,-97.757454,-104.37548,-7.2262425,34.912903,-2.5186656,-33.412746,0.95015365,18.282425
-2421.0474,316.13187,51.46662,-19.745382,-7.6805773,-54.750412,-33.695477,12.278811,39.423233,5.427575,-19.4216,0.88710713,-0.12366295
