-1882.992,212.88643,114.29797,15.220377,51.34324,32.952137,32.741737,15.803654,8.913343,33.72695,18.799894,6.5256653,1.2443018
-1909.8662,124.36635,90.44237,5.753022,40.854935,27.118866,25.755007,19.160917,21.33916,53.484123,19.652985,29.341316,43.546383
-1852.9932,146.4495,120.62173,12.3038,16.914082,-2.3874931,27.806553,23.105322,20.691513,47.60275,9.692842,19.06754,23.370998
-1874.3674,105.03525,135.9917,70.2955,35.517555,14.756245,49.042984,24.454582,30.910027,69.10408,16.771517,27.775372,30.550003
-1543.8469,30.447483,-18.10801,163.70073,8.153474,-31.850468,87.74253,36.585777,-6.3226695,-11.216354,-11.791908,47.15451,2.077726
-1317.4907,-99.59828,-118.33966,237.42894,-41.636475,-62.75256,60.75138,48.235138,1.3693833,-12.798233,2.681845,74.30615,12.3814945
-1108.7168,-163.302,-175.65186,247.00566,-4.0933504,-49.790184,27.436827,57.46975,0.2184763,-36.83629,-1.5065482,107.17006,21.80082
-1106.3529,-214.13116,-165.71695,241.72137,9.242386,-65.55357,19.270811,74.10634,11.84597,-15.39106,-5.3338475,80.62818,28.31926
-1067.6653,-201.28731,-152.49695,256.25342,26.12847,-68.01185,35.721195,82.06726,4.4079876,-9.857216,-7.5793066,88.05549,25.14629
-983.494,-176.22183,-162.21014,236.69225,25.810045,-101.74008,40.831337,86.275055,-13.455671,-17.122658,-25.914822,93.93695,37.191864
-974.8397,-182.00085,-145.28835,241.20782,26.96539,-80.58707,36.00865,87.07823,-1.7942162,1.9485092,-17.76831,90.8448,54.02663
-981.0592,-166.92413,-152.0009,264.94934,29.582405,-83.99429,32.7285,104.73118,32.960793,13.437664,-12.170491,89.254654,40.7892
-1069.874,-144.33636,-127.63239,264.5326,11.91797,-61.89822,26.937906,69.79552,12.166979,4.9409523,-5.1347914,89.14134,36.540344
-1182.9453,-133.7886,-112.26188,234.74207,-14.770721,-49.6211,34.10789,55.823547,1.1791601,0.8631058,-16.270601,70.90832,16.052849
-1302.6693,-97.26759,-83.13344,222.94946,-40.528164,-58.588284,35.428696,43.631676,-12.628816,-8.89687,-1.1277633,64.71695,16.275124
-1391.3013,-56.461327,-81.43082,195.24825,-43.904114,-50.140724,58.254715,42.903942,4.5146494,19.239412,-21.316322,65.32887,21.177345
-1637.3926,42.8926,1.3339479,143.29002,-13.297253,-53.45251,43.507893,32.374847,7.8715763,22.68111,-11.12772,74.33685,43.447388
-1573.5471,248.79633,58.952988,23.419672,14.434092,-70.723206,-65.45174,0.1584394,32.530758,45.35795,-34.93082,12.991575,13.166805
-1430.363,342.73444,42.930447,-3.3073268,28.591751,-114.92569,-110.209724,24.46968,58.565292,29.900429,-32.415516,4.801445,17.712648
-1397.6852,390.08356,29.553974,-26.69061,19.504559,-127.476425,-114.2814,35.37859,61.494812,33.178734,-23.050032,5.24613,18.323786
-1334.6079,412.46912,21.351204,-28.203403,7.511553,-143.00507,-137.7185,39.30578,67.73744,25.358711,-9.444541,0.89834976,-1.6636543
-1306.35,441.14252,17.071756,-43.68898,1.675704,-155.0041,-141.68979,36.90007,64.97319,32.403526,-7.2083545,-9.461266,-3.2792587
-1276.044,438.6939,21.369879,-33.92133,-11.063559,-155.62946,-137.99773,21.755398,76.02788,36.538635,-20.754898,-9.235136,9.484646
-1266.1304,435.32037,11.742506,-31.8497,-10.332871,-160.80626,-144.67003,17.147287,72.23955,42.06498,-28.00615,-6.963709,15.167156
-1254.7544,431.5193,12.664196,-35.3678,-11.4964,-155.90317,-140.54782,8.991167,65.39775,34.59855,-27.871386,-6.0668135,21.797962
-1267.2577,419.39883,25.271526,-22.506361,-6.10697,-160.60178,-144.27536,8.284842,72.5336,31.595278,-22.890442,-7.6841297,24.58614
-1260.5696,433.9008,16.880814,-31.981926,-0.73949623,-155.62367,-149.2232,16.746735,73.02192,33.186077,-21.863699,-10.138302,22.105003
-1244.8818,432.61957,12.044939,-27.551435,-6.8288927,-150.93478,-144.30685,12.910995,76.11776,36.657814,-24.092861,-12.6887455,23.533478
-1234.1052,444.91843,14.80317,-29.087255,5.5214214,-152.72916,-141.56764,24.93861,78.319565,41.582405,-25.321228,-16.198252,14.639957
-1196.1609,442.76764,7.5983043,-35.246094,7.665023,-134.45029,-136.40118,20.695915,73.60425,37.873672,-32.163013,-18.016088,13.556595
-1153.2485,444.2321,-4.185249,-42.169178,37.10369,-116.33507,-122.291725,12.306721,69.24536,43.223957,-38.817635,-14.28302,14.94994
-1128.4816,427.50955,-17.181953,-43.1077,54.481804,-91.3441,-121.29122,18.349167,58.02297,1.0414009,-23.169685,-28.149736,22.156384
-1126.6392,408.67737,-32.872555,-37.08697,48.392445,-60.019028,-100.479385,2.2672272,48.45077,-15.725276,-33.23681,-25.920914,18.733181
-1167.4438,394.87628,-38.905594,-40.19467,90.00378,-46.704136,-101.115265,11.441584,36.37848,-51.948837,-24.471466,-3.625328,15.639785
-1280.5005,365.19977,-66.28021,-36.314053,112.87804,18.267773,-72.95335,-9.559174,17.537739,-25.444986,-53.141205,-5.4763126,21.219303
-1397.936,339.76025,-64.15189,-19.74907,158.99379,48.49018,-46.41928,6.0026464,25.042442,-14.32116,-68.33199,-35.715263,2.0574512
-1385.6124,336.22018,-64.98889,-5.670867,167.65459,41.35952,-60.81445,4.404564,23.631649,-20.078497,-58.07984,-26.026224,-0.11746311
-1348.5985,333.46356,-73.41493,12.359542,184.6063,51.276176,-68.98971,10.320002,10.485189,-31.488508,-55.53423,-23.68894,5.652903
-1282.3726,348.49777,-86.982544,19.95056,190.72722,31.149609,-71.37098,13.179353,7.542332,-44.13015,-59.472507,-20.829332,2.931109
-1211.1595,364.85724,-101.66375,25.571442,183.49512,31.118889,-73.36378,15.356575,-1.1941316,-57.513042,-55.918934,-16.632244,-4.3815336
-988.51794,380.643,-115.074066,-3.4429274,116.80324,10.270424,-78.89488,32.41172,-56.29438,-73.49856,-28.60388,26.250061,11.498953
-824.29675,391.73856,-125.46538,-5.442256,71.13046,-25.46094,-101.75922,31.902023,-67.04321,-76.15239,4.921448,48.170742,12.914867
-684.7052,358.18066,-136.26334,5.7893353,8.075916,-22.138798,-75.897484,20.883778,-37.383934,-86.699844,31.075882,40.936707,13.412064
-554.4087,337.07867,-148.68338,-7.3504324,-4.6644363,-24.659685,-77.94927,4.550453,-34.847088,-78.20016,29.179295,43.747498,7.310463
-491.46436,341.92874,-166.81282,5.0581894,-23.166397,-31.901989,-82.021675,10.137618,-35.754852,-62.279594,18.547848,44.96875,10.36275
-459.60107,341.20663,-170.2499,11.491644,-36.981842,-44.33442,-72.28635,5.6929026,-38.815628,-40.65876,5.341999,44.204292,9.442873
-463.9808,345.76508,-159.9049,5.7586527,-32.282856,-57.079895,-64.64371,7.3514614,-38.256966,-34.333366,0.020741643,46.7351,0.33374786
-445.6595,349.47644,-164.33441,-7.1781473,-32.789764,-52.096695,-49.881424,8.623193,-33.916683,-36.998703,-0.35539302,42.015472,10.730298
-437.7756,341.9952,-163.80774,-1.2006559,-48.9159,-32.281948,-48.339706,10.888088,-36.03842,-41.84076,-7.5964184,52.75128,5.5892744
-446.54285,337.6798,-154.79794,1.6649599,-48.01913,-33.16554,-55.415337,8.931917,-36.15106,-30.747211,-7.231814,38.711628,6.4675303
-483.279,340.06042,-128.3032,-23.802387,-22.744568,-44.26747,-59.955177,24.159101,-42.797497,-37.30879,-11.46247,48.622356,-8.885754
-475.35635,331.14465,-125.97811,-12.874113,-30.729816,-37.136192,-64.13411,24.704454,-39.01586,-35.422287,-5.9712887,35.43966,-0.294878
-526.8992,352.9859,-126.42244,-5.048584,-29.94393,-48.55841,-58.166412,12.5735655,-14.388342,-40.673397,-9.729111,36.7355,-15.3003025
-538.64954,341.82364,-115.91595,-5.826551,-28.10933,-47.570263,-68.34252,39.611816,-31.10361,-51.07686,-6.1451197,28.391571,-14.937159
-549.98157,340.77338,-108.00403,-10.118629,-35.621002,-52.829018,-45.5534,22.690952,-21.134552,-65.406235,-10.135189,34.157196,-13.96413
-580.4484,362.38434,-113.51886,-13.132965,-39.764347,-41.727085,-62.193783,28.662014,-24.39478,-66.383965,-1.1243093,21.445152,-18.920727
-568.99255,350.6142,-111.94492,-7.7973332,-46.25856,-43.202724,-61.935204,29.194086,-24.482632,-62.737213,-12.603494,25.362448,-17.562954
-558.5261,342.07324,-109.671585,0.46039295,-56.202393,-46.525795,-45.947803,25.811537,-26.92179,-51.267467,-28.016037,34.882633,-15.17882
-563.5457,335.7516,-103.11536,-14.147349,-40.86458,-52.44463,-44.038277,23.711254,-20.383263,-53.418236,-25.621582,33.62806,-14.419186
-584.5394,346.0833,-115.773224,9.237971,-52.827408,-46.06551,-54.989906,32.021935,-21.389204,-57.409695,-15.412286,30.524342,-10.51759
-629.5625,366.7312,-119.43979,6.1957536,-44.179863,-37.23751,-76.23147,52.092484,-28.133564,-60.38893,-7.725314,30.374933,-12.761707
-610.5609,357.59854,-122.91443,12.024189,-49.173935,-39.99033,-61.609062,39.21306,-23.218924,-60.563427,-8.604501,23.251698,-4.5417385
-618.90515,352.49365,-106.94333,-0.1734066,-38.59389,-45.068886,-67.636215,50.406616,-29.778803,-54.585716,-12.506034,26.113716,-7.253813
-648.6217,364.83264,-118.392975,10.620774,-46.398643,-43.409855,-71.52705,46.815575,-19.014261,-63.657635,-11.274049,25.734814,-11.048658
-640.0826,346.09338,-105.586044,4.9256716,-44.104355,-43.89898,-78.17964,46.589745,-20.238293,-58.130577,-21.453522,35.11862,-18.300468
-654.59424,343.77408,-101.03722,6.371544,-44.17125,-45.95868,-89.10871,51.921623,-14.547348,-60.67214,-14.110182,29.726818,-23.316093
-673.3396,343.94525,-104.18335,4.604944,-49.25733,-48.454353,-93.331154,58.9568,-22.772655,-48.852333,-20.455194,27.26948,-18.484386
-684.9918,344.46008,-114.35424,18.806255,-63.7473,-54.355034,-81.72947,44.755302,-10.7274,-50.537724,-14.763061,20.44617,-8.488352
-692.81647,333.31787,-106.815186,11.104425,-66.21754,-51.989388,-89.72968,41.97937,5.1421814,-53.463024,-10.94412,25.659725,-10.25798
-715.7972,336.8269,-107.625305,-1.1047897,-63.77952,-50.088524,-100.03287,42.139732,-3.336593,-47.26087,-1.0046083,26.157753,-8.00013
-741.34155,344.65594,-107.757256,-8.9114485,-66.38565,-41.621643,-113.90816,42.654503,3.9985845,-45.907413,1.2498314,28.097935,-7.7185993
-713.08765,326.6319,-119.65209,4.106638,-72.465485,-45.44005,-102.61316,40.9272,0.56116533,-42.72606,-0.98131347,29.910133,-3.0762196
-727.2747,335.3365,-128.58328,4.1777973,-58.77501,-45.110268,-101.32451,43.227837,2.7079425,-59.99791,18.103456,23.714178,-2.1514163
-738.0696,346.90338,-142.48514,8.848493,-52.694855,-52.082596,-98.83917,47.028687,-5.3284445,-62.32713,13.506705,27.505375,-1.7904546
-717.5759,334.6493,-136.21423,9.722431,-46.385864,-53.737003,-90.15188,41.054543,-8.3415365,-50.752148,-5.109833,46.9473,-2.76826
-737.5093,338.52148,-142.94876,27.96468,-52.21774,-38.30901,-95.9722,36.382305,-3.6835523,-65.03146,0.77224624,43.163452,4.9585423
-768.7613,342.59717,-157.366,42.121437,-43.425377,-46.68872,-89.516754,29.822723,-4.3599825,-73.80223,-10.265283,48.954758,4.361004
-811.093,328.8641,-130.01738,41.963272,-21.16321,-42.729248,-95.57351,44.458214,-31.621536,-74.20881,-12.024403,49.829628,-0.053334236
-855.9908,322.22806,-125.38068,76.30376,-14.166296,-40.56853,-87.88466,16.212955,-16.045544,-102.55069,-6.911667,43.92839,-4.5828
-947.19434,318.60962,-97.352585,86.76363,11.630964,-38.15274,-92.122284,21.42222,-34.80474,-107.10148,-10.254579,29.070381,-8.395355
-1290.553,284.10376,-51.159256,87.39994,57.838264,-54.941494,-69.3535,22.131626,-18.878586,-77.31475,-11.243646,21.606848,-23.465748
-1537.947,208.01181,-47.67305,68.47839,137.12277,16.433058,-32.359947,-6.226804,-17.757568,-9.081545,-1.4194081,0.18128061,-28.48695
-1323.2778,203.10812,-106.620735,162.4844,192.53906,25.947258,-85.17097,-30.082945,-33.04219,-4.159176,-18.323177,-27.854908,-57.818565
-1287.883,186.51273,-113.41961,179.47095,223.80829,24.181889,-95.57786,-29.41414,-37.71824,0.06059456,-27.257381,-47.072563,-50.392906
-1282.2731,172.19757,-103.49785,184.34634,225.65598,38.151638,-117.13889,-0.24496913,-53.217934,4.3965054,-14.806696,-45.178566,-40.35325
-1242.0623,164.75937,-109.83544,189.78586,219.40439,38.96005,-132.70346,11.148338,-39.502327,11.579258,-8.2286215,-51.020718,-46.017616
-1251.1672,175.06633,-110.219246,193.48254,230.43753,26.79323,-131.23862,17.623404,-30.678173,16.62948,-7.929888,-56.427437,-46.63329
-1267.2247,156.84726,-103.958374,214.90831,235.38953,34.76429,-125.404526,18.177298,-37.106777,9.258419,-17.264124,-58.896122,-35.958225
-1257.5903,164.0184,-101.17784,207.83781,222.59381,41.28955,-123.07317,22.077312,-25.049553,-6.9016476,-17.489578,-52.452637,-34.359024
-1282.6515,173.73468,-98.203125,199.84033,242.59084,37.774723,-126.70452,15.649288,-18.49858,-1.8912792,-1.0672665,-42.769577,-40.819717
-1322.5,186.05374,-106.92537,182.24553,258.6681,43.74269,-111.70321,10.393312,-15.926456,-5.061819,-11.997426,-46.105072,-39.85363
-1338.0117,195.14316,-103.290436,153.75928,255.02132,57.970364,-108.04551,20.479132,-9.755655,-10.7493515,-5.5147557,-45.847786,-47.01387
-1333.2195,171.80669,-83.26117,145.20721,243.89606,80.76072,-126.34093,26.97647,-14.15261,5.508663,-1.2539253,-44.746777,-43.69729
-1371.6221,162.62646,-85.308716,112.60527,213.62015,110.3674,-100.745995,26.091259,16.410408,4.924801,-14.521963,-36.490467,-30.243286
-1496.6927,163.3441,-23.55509,143.1148,167.82959,66.63822,-69.649445,3.715168,12.214252,38.299934,9.310363,-23.089645,-14.576546
-1481.4866,133.5563,-58.803185,142.17007,139.75497,60.89116,-45.51323,17.50834,28.785934,48.702744,12.34565,-18.897795,12.250568
-1456.6813,115.271416,-68.13992,129.3669,130.60963,80.1017,-22.202873,34.043503,47.600155,44.289307,13.2474785,11.695448,18.663319
-1441.8376,127.9928,-61.106483,144.07594,132.84573,75.19553,-26.842228,34.653687,56.35875,49.39701,7.077758,9.487017,18.082458
-1418.365,124.16727,-30.609161,170.32806,162.1834,109.23384,-22.199333,48.552227,40.764336,29.030907,7.0393233,-5.616825,16.958956
-1489.5635,110.16103,-56.20668,130.31883,122.81472,60.243404,-35.249825,42.47882,36.04913,41.34303,13.729117,-0.8028259,11.77499
-1519.8269,73.141914,-68.2121,105.867516,118.35872,55.41961,-63.580746,59.29662,29.153198,63.801964,32.91306,1.9461517,26.022835
-1430.5625,87.33966,-25.945911,137.99765,134.4562,77.772995,-71.542786,72.54445,-18.726086,48.623886,30.226538,-34.112305,-2.0634642
-1356.1345,102.03854,-4.7128615,118.43227,154.78325,111.67911,-117.59076,67.03942,-23.579578,65.01912,32.038116,-29.461613,5.790309
-1265.0547,106.67618,-5.236873,141.7219,175.27673,112.577545,-150.78845,68.417114,-31.598007,39.827072,24.96615,-45.365616,8.939545
-1209.5135,130.02545,-39.05312,127.90814,214.93585,157.17877,-166.05515,30.589565,-42.924034,36.862137,33.540886,-32.443924,-7.349352
-1114.4181,149.14781,-78.02495,103.41885,224.1803,165.8766,-151.8515,41.89135,-40.76893,18.95058,15.050319,-34.9779,-18.128746
-1062.2844,165.73674,-92.21561,111.31022,246.22534,166.1787,-169.84357,38.837997,-42.859737,8.13072,15.237477,-19.28716,-23.526463
-997.2466,171.4497,-122.730225,161.8906,231.12816,152.56909,-129.62419,11.9059305,-39.81722,-1.9898763,4.561109,-12.360359,-43.507915
-945.36847,195.31612,-132.95616,157.91068,234.67029,144.14294,-112.24036,11.123245,-37.874733,-3.1636286,-12.3596,-20.224087,-45.023033
-815.65845,187.27911,-140.77383,144.55965,229.42664,147.93677,-125.98933,23.972816,-53.401928,-3.7017279,-3.926206,-20.217857,-46.980335
-799.0189,215.62871,-175.89185,162.69217,242.35675,153.82278,-119.014206,-2.16152,-48.664005,-33.081047,4.268274,-13.740408,-49.947315
-759.5027,208.02402,-147.80728,136.7988,246.20789,154.21672,-135.23601,17.54766,-64.203926,-29.297398,-13.152428,-4.074815,-49.74021
-721.0698,216.80869,-160.0578,163.01782,225.64874,137.72092,-112.91446,13.6063,-73.69785,-29.91872,-13.541103,1.0378027,-47.93318
-744.4885,244.96307,-169.53441,154.92598,238.09958,144.68588,-107.29996,-8.218206,-67.795334,-33.16711,-19.955864,8.985702,-42.173985
-766.6292,241.38818,-143.40219,123.26248,252.31587,160.40408,-126.97958,4.994499,-93.81828,-43.69075,5.333865,7.399193,-39.75209
-752.50946,245.36884,-131.3411,96.56644,222.37646,186.71178,-145.39435,-13.693348,-75.79455,-47.37348,31.181509,13.936758,-47.983925
-812.6832,238.93628,-138.6755,71.9751,240.17374,126.95793,-82.75062,-48.952744,-33.567978,-51.711334,33.849304,33.791565,-26.285704
-854.557,239.00903,-122.92866,44.153065,233.43602,141.0675,-83.18727,-54.649048,-23.102074,-61.023094,36.26778,36.18892,-26.5485
-916.05914,251.09885,-100.23503,7.3797855,212.26758,152.16382,-67.839645,-48.44168,-18.770746,-62.410164,25.781607,41.172432,-7.260177
-1113.2678,280.07336,-75.47227,-2.5121613,194.71048,124.219696,-19.163605,-38.147224,-2.124621,-58.919342,-11.330389,48.98285,10.387941
-1306.0168,287.34747,-54.544796,61.544453,182.46002,99.207214,-14.294726,24.37715,11.85191,-31.511562,-29.445318,26.811855,1.330749
-1349.0972,259.0948,-53.13334,92.13887,197.93115,81.4379,-11.030332,30.979511,26.82993,-25.447636,-42.117462,19.772228,1.4462004
-1372.0424,273.5875,-50.096092,70.545105,187.8454,83.281746,-30.547539,40.673668,22.781471,-14.3889065,-36.329094,6.752823,1.4411421
-1418.9972,270.20596,-39.564316,74.96055,191.43394,67.347626,-28.52397,36.52983,24.241737,-28.422066,-41.688297,21.010284,8.723962
-1445.8079,252.47266,-42.75571,71.436,188.35303,69.59707,-29.921413,30.324505,24.286005,-18.716412,-40.972088,11.4025,3.8315487
-1514.5392,229.39569,-15.053049,83.096306,156.5789,66.262146,-13.3707,15.314462,20.485268,-2.9741955,-39.466312,14.657377,3.664832
-1572.3695,217.47311,5.5462713,82.526855,136.53906,52.998257,-11.157848,26.265472,4.578741,-7.731644,-34.814625,4.530092,-6.7581844
-1620.2075,232.33176,11.002168,70.889755,140.95154,34.257626,-22.394049,25.307247,9.044882,-13.917614,-19.571285,9.920174,-7.394216
-1650.2618,207.05359,32.104156,77.95931,130.10147,36.33132,0.06721926,44.117386,-0.7270336,-15.211928,-20.720745,-1.8481913,-18.390284
-1691.4623,191.24873,31.169521,91.82262,140.16815,42.32135,5.417,43.564575,6.1526394,-4.84713,-16.260975,4.4818926,-15.752703
-1664.0349,214.29735,26.786526,78.24492,142.4353,23.39885,-2.3109746,41.488167,2.1900716,-4.7859993,-9.286969,-1.2630394,-17.90575
-1704.9626,203.0357,41.683357,86.905975,143.98715,32.706715,7.7298813,47.985855,-1.2815866,-14.936403,-15.6701145,7.112541,-18.291965
-1708.6066,188.84642,46.61382,107.72424,141.99657,18.51622,0.46653414,54.33588,9.593521,-11.418171,-27.88429,-1.2815766,-19.570784
-1728.5198,199.02518,58.07326,95.67787,143.86717,19.206123,-3.676313,55.12108,6.4115067,-8.579191,-27.82267,-8.304369,-25.211601
-1678.26,205.80641,38.08861,90.17155,142.86238,17.251394,-14.995351,46.327114,8.922793,4.8547072,-15.930931,0.15225697,-25.768433
-1677.7268,203.80565,32.95275,79.69292,138.20915,22.719969,-4.727687,52.70996,5.7140255,-10.784845,-10.61409,4.9753747,-23.653097
-1679.929,210.67447,40.280506,90.11748,142.46411,19.964775,-0.99341583,37.895424,-25.418354,-20.823738,3.2256787,10.561918,-13.637089
-1686.209,213.94626,45.890316,79.79877,137.45483,16.890705,-0.77962303,55.014263,-12.74741,-16.704365,11.250418,3.3666782,-18.994339
-1666.5967,225.81538,41.408226,84.14293,138.73068,10.077999,-0.36528504,57.35021,-24.75135,-24.197432,6.016773,7.572832,-10.627736
-1689.2056,227.32239,48.693157,73.05572,131.85988,26.302303,8.345218,52.467434,-30.020985,-21.929482,6.0138617,12.960683,-6.583618
-1582.8042,223.20697,19.76873,78.81208,118.333725,35.920624,1.9387994,44.139313,-11.849724,-20.31755,-19.47241,16.359154,0.06729412
-1578.0117,229.63818,30.471632,73.83404,107.196945,26.032745,15.975862,47.49713,-18.986877,-26.715155,-18.566149,25.469965,-4.287227
-1532.1052,130.35086,1.5751481,183.48065,92.33739,-35.82534,32.827744,86.35628,-37.047176,-63.96482,12.975661,48.60736,-25.396614
-1376.4602,5.319783,-83.42461,260.48938,69.44441,-67.96463,53.6917,109.23214,-57.4841,-47.08658,29.217705,27.394754,-23.864283
-1212.0042,-124.106735,-127.338356,302.01224,23.068386,-72.8498,9.660793,108.40932,-31.701948,-50.98664,33.48899,55.132774,2.5828724
-1069.2623,-294.7678,-153.73973,327.877,3.9248714,-88.030945,-24.910545,127.37874,-33.549442,-46.792458,37.52848,43.92756,1.8502741
-916.9606,-324.56406,-141.60927,312.46863,-33.610023,-71.31152,-12.337727,117.09306,-41.20997,-28.489737,29.700039,41.02192,-1.6297283
-923.6546,-351.42816,-137.9589,266.8369,-39.447876,-57.290016,10.042782,110.88593,-12.178581,-11.835646,24.194279,52.838364,29.911423
-898.3532,-316.09763,-111.39637,234.8157,-26.397394,-31.605059,-4.8042946,74.028915,-16.468597,-29.670729,19.135424,57.070885,20.070415
-948.74426,-334.5852,-136.39105,214.24812,-28.639572,-39.249386,1.7474003,79.005356,-9.2625885,-27.637327,20.252369,46.819427,25.24121
-955.0004,-308.48087,-139.9244,209.52621,-17.86874,-35.748867,-6.9794736,52.126564,-31.649986,-33.039062,21.937954,31.542192,25.871174
-972.9165,-288.80237,-148.52393,208.70448,-44.798714,-32.105705,-0.7306328,53.691864,-9.378928,-18.70716,33.411926,22.528038,-1.5431461
-1072.8243,-191.48212,-155.40146,172.30313,-44.777885,-44.951973,12.37595,41.330315,-32.730995,-39.11193,23.49135,30.602692,1.2574482
-1149.1122,80.176956,-84.99856,198.72145,-2.7927313,-25.658375,18.114069,31.281544,-35.940643,-61.59656,-24.789366,14.645222,17.31279
-1102.7617,296.28638,-65.985306,92.70098,9.804839,-54.262085,-54.692062,68.18988,-58.003006,-106.230286,-28.335062,11.48938,36.838577
-984.73834,354.82507,-81.11817,34.83085,2.4311278,-62.065323,-84.158615,87.64406,-54.41158,-104.38177,-30.61361,2.0297318,25.113064
-919.61316,382.97943,-95.89584,12.081223,-21.671446,-53.636475,-116.05687,103.99459,-45.76325,-103.126625,-21.372908,1.6425552,32.77238
-830.1914,389.5303,-111.16268,2.500513,-16.047146,-68.06899,-140.55821,109.963806,-54.070316,-90.51199,-9.276494,2.0072937,38.471455
-778.7792,398.89047,-136.4871,4.079791,-24.313208,-71.52162,-142.68631,107.431885,-40.571148,-88.74252,6.1915593,4.0403557,24.285946
-752.1332,391.03644,-136.4104,-4.789874,-12.848266,-103.60254,-131.22586,109.95184,-38.622387,-61.177544,2.085124,-2.9997559,20.352116
-723.148,402.6928,-143.0282,0.2860365,-24.652859,-90.695885,-149.90637,118.19314,-35.060455,-57.386803,8.686798,-19.205162,28.445156
-704.2467,409.06262,-129.71454,-7.613488,-25.714169,-90.93231,-155.44974,109.84597,-20.779955,-68.14448,12.869538,-8.468237,12.154127
-656.50885,384.7381,-114.866455,-7.1977005,-29.848885,-77.02724,-162.77745,100.495674,-16.437925,-63.22509,12.949898,1.5872211,14.652685
-666.8796,409.3421,-123.79863,0.8336601,-47.727028,-72.65491,-154.75772,98.75145,-12.833719,-64.28668,21.15721,3.9152603,13.704592
-655.47815,414.96024,-119.79176,5.840435,-58.043144,-70.66846,-146.21973,93.31072,-13.800607,-63.763435,30.412867,9.985132,12.275561
-625.71063,404.82056,-121.904686,1.8735704,-41.580044,-85.93957,-137.07687,83.38345,-8.769799,-59.611214,21.882309,19.434118,8.822295
-607.9337,388.09235,-95.659256,-15.227793,-42.02018,-86.79188,-120.64664,74.3093,-5.9135923,-62.86629,26.538816,23.089382,9.306281
-589.45496,383.74802,-93.83917,-13.791666,-50.300537,-68.29542,-138.35263,75.406006,3.9653015,-67.96095,30.898308,24.359741,-4.0062075
-584.24036,392.34863,-105.61033,-10.019545,-40.91961,-77.76987,-134.57574,74.288506,8.206959,-62.78563,28.269478,17.696177,0.6622455
-573.38666,379.9317,-97.57882,-6.2673225,-40.85647,-83.69575,-124.19377,62.319786,19.4779,-72.11261,33.2847,18.41611,-7.582435
-570.6057,370.42633,-77.27822,-21.738237,-46.181026,-70.8049,-124.75927,70.68581,16.924498,-79.28345,30.411655,15.404221,-2.4044147
-584.80194,387.3498,-95.68547,-7.6654224,-48.665062,-72.56805,-120.9671,71.240074,6.647846,-62.27634,16.543526,24.332188,-6.677265
-596.111,395.2609,-99.22078,-0.0760622,-55.870605,-74.00691,-120.51697,61.404877,9.835954,-63.641052,11.8616495,35.879463,-9.550967
-617.6405,398.0158,-104.54779,9.789819,-75.067116,-59.29148,-128.36015,59.02669,13.680714,-70.90221,13.574708,35.45768,-9.543709
-668.10657,426.03345,-117.8757,6.470755,-65.58036,-73.47476,-121.39076,68.90763,0.44113207,-66.12954,16.66632,26.534103,3.375418
-696.28015,420.77557,-107.47534,8.33638,-71.24663,-70.21352,-126.87959,72.86025,-0.34208655,-67.05608,9.170056,42.7527,3.9201987
-708.4548,414.74512,-110.65263,20.256733,-80.11292,-72.88389,-116.06384,65.524704,4.8951426,-79.01309,19.65139,39.80574,5.776064
-734.3618,421.85522,-98.28994,-0.2546115,-75.081024,-72.91258,-119.61487,84.29543,-6.1815057,-74.39744,5.4217434,37.737213,15.205795
-749.5657,428.48785,-83.15659,-0.6873388,-76.85091,-88.09406,-108.62429,84.689255,-16.9958,-76.349304,-3.6982005,44.057743,22.376347
-780.4747,429.29156,-81.37808,-7.796563,-63.72348,-97.28223,-100.98896,83.25374,-18.031939,-81.51665,-12.551512,54.348255,20.324919
-794.8843,423.00638,-87.83588,-8.164498,-87.14111,-80.632355,-111.7823,90.41098,-16.050644,-86.06435,-9.2595415,44.81751,28.470375
-790.1156,391.8335,-73.15281,-21.635052,-93.93046,-71.86032,-113.21545,104.224335,-7.931169,-95.61676,-8.460625,44.72147,20.912996
-817.28613,396.2814,-86.33352,-7.2642536,-98.40155,-71.665955,-104.85767,94.378456,0.8600464,-97.158714,0.09727492,44.438515,20.518917
-855.576,383.8015,-75.56029,-15.557956,-93.29054,-95.59577,-95.386734,92.72356,-9.71182,-73.72546,-15.729514,54.460213,18.878025
-889.8084,388.1797,-85.48978,-5.638779,-90.13488,-91.58627,-100.64051,92.05601,-6.1126328,-78.34963,-15.737789,36.349304,37.997627
-901.48303,377.151,-67.81565,-8.877932,-96.353836,-80.85984,-125.42981,108.57023,-10.97683,-74.41547,-11.780843,29.606316,36.12167
-909.5896,374.48697,-71.59102,-3.1312783,-89.10956,-96.525314,-119.449425,89.03169,-2.1891737,-57.893017,-33.16183,51.12206,32.98242
-968.3489,375.22998,-56.085686,-11.985292,-74.493484,-94.73453,-132.33887,96.91053,2.7212334,-60.644493,-20.67632,24.71125,38.057106
-1013.8137,363.24973,-49.780693,10.511145,-60.609455,-98.92389,-126.08827,87.12228,6.1928368,-48.635166,-19.643726,19.317501,35.632633
-1033.6844,343.9574,-50.893383,34.153393,-75.007065,-80.99591,-113.975746,64.195625,36.164383,-55.95587,-36.485065,18.098082,38.630173
-1095.1243,362.55206,-43.930267,17.695145,-63.272774,-89.05206,-91.782074,77.806076,20.815676,-61.11827,-34.191303,18.798035,39.32444
-1086.9381,342.67096,-23.101088,6.1172624,-70.95477,-65.652534,-115.30653,91.63176,0.9072304,-44.898888,-32.277622,-0.19621086,45.98555
-1131.8496,342.70026,-20.442982,20.973953,-65.67716,-63.3318,-107.80107,79.499214,12.316609,-56.54978,-21.52228,7.3919926,37.546383
-1113.1632,324.47308,-13.654773,18.449972,-74.868546,-61.10141,-86.72559,88.48847,13.622534,-36.902954,-47.331184,9.862826,24.992327
-1145.6777,343.75415,-26.101257,12.031197,-55.83274,-75.30946,-85.907745,100.83296,15.393072,-43.996872,-41.9082,7.6345463,31.548674
-1134.7146,308.23938,-25.737276,11.11268,-47.101105,-71.69628,-84.15034,115.675125,15.572445,-33.78482,-47.81762,2.186674,15.452354
-1168.1558,306.30707,-19.134659,12.03733,-51.391373,-57.90618,-69.99424,116.39937,11.412312,-29.927898,-38.507,0.41268063,7.8591046
-1178.3408,284.56268,8.6682415,0.86542535,-54.19793,-37.748093,-65.823105,120.44739,16.164463,-18.212807,-49.22518,5.286298,6.4865847
-1215.8608,242.89157,29.316492,3.4188442,-53.4505,-5.9219456,-88.98277,114.444176,20.055435,11.680786,-36.34922,-2.9619255,1.11765
-1259.5034,267.8858,49.942,2.2127652,-90.82827,-2.7443755,-57.488575,90.20113,54.41017,12.110461,-45.924004,7.05457,7.3764744
-1264.981,230.7074,72.23381,-5.2495356,-72.61453,10.378145,-53.389618,114.2318,35.940456,33.347557,-65.0126,10.446683,-9.239033
-1417.0574,213.06348,82.00789,20.45537,-37.314056,16.223839,-45.03652,123.5455,36.455814,24.542885,-43.528683,1.463234,-6.507882
-1487.8115,220.52567,38.562134,10.205221,-43.607502,2.2058585,-32.693653,130.72406,65.08162,-0.3955078,3.0576634,37.049145,7.0058155
-1467.4922,221.76666,10.212759,-14.800692,-78.905975,-1.2479701,-26.197336,148.71463,87.78181,21.343046,6.8713093,-15.441748,-1.1109772
-1451.0776,249.23544,10.272545,-26.261501,-86.021774,-30.54858,-35.06956,133.87956,101.41823,35.71888,1.6485527,-15.959037,12.361469
-1509.0486,221.16245,-3.8042297,-14.181324,-109.91524,-21.153133,2.5469437,148.45264,100.24487,8.857489,3.113433,5.484752,-7.142166
-1507.3846,239.05345,-9.808127,-13.874073,-87.461334,-20.575628,-26.301743,104.93134,68.04886,14.991926,16.527002,-26.49669,1.6355858
-1537.5127,198.6379,-11.418629,8.916066,-99.88686,-24.457367,-52.159176,99.83924,85.65277,19.550547,32.936184,-37.097244,-29.514103
-1533.5046,172.66861,4.869211,59.208763,-95.47896,-13.730495,-27.657644,88.8443,69.34244,25.267143,30.64934,-34.759857,-25.619877
-1565.1655,212.52667,86.997406,54.033714,-111.22102,-15.383438,-43.661835,101.118675,81.46405,16.033386,56.30717,-36.989925,-32.93259
-1539.91,227.74817,129.86636,111.12316,-109.5429,-11.860426,-48.329117,56.990593,59.06951,-1.274725,35.583782,-34.26049,-18.670366
-1603.0947,252.4819,138.99863,113.647,-54.366726,-18.67687,-54.187172,42.279922,52.211452,-4.0615253,23.643267,-33.897156,-25.146366
-1615.387,228.0179,133.87897,132.0021,-49.58406,-1.5091009,-59.488365,20.982954,54.032608,-3.3538632,42.326504,-15.325447,-43.5764
-1663.8198,229.82697,128.611,140.41776,-36.670273,8.220201,-50.49817,14.7452755,57.10775,-28.192608,30.058624,12.579151,-37.693428
-1657.1548,217.75241,120.61432,173.21036,-26.349989,-22.023186,-38.07353,10.540964,28.706951,-20.166557,46.290325,8.334009,-34.627106
-1686.2263,210.04695,134.43137,178.20625,-28.83144,-8.48917,-35.85845,7.1917334,14.074401,-23.45861,64.889114,9.622696,-32.33291
-1729.7678,237.96265,143.43787,148.94914,-30.269405,-26.71313,-24.397943,6.222287,11.980352,-15.358704,46.00013,8.186455,-24.775366
-1712.523,229.82504,142.16765,147.462,-17.049938,-25.919218,-35.24788,-3.4813938,-1.3229694,-4.442127,53.982315,10.997706,-21.7015
-1772.0623,263.9002,142.9544,111.37046,16.272474,-26.258007,-42.40068,5.332476,0.30283356,-6.9677143,53.831615,4.593936,-37.132935
-1787.709,255.84883,130.36398,112.36957,23.238155,-30.372227,-24.962414,8.0308485,5.431286,-9.427043,35.87799,2.6764705,-43.07568
-1779.0098,254.94717,138.24918,105.40973,10.194483,-15.734953,-28.028675,10.429029,-4.9877167,-22.710623,30.590765,-2.3941097,-28.67062
-1800.1613,269.5666,133.807,96.51201,29.747734,-15.611984,-27.236217,7.041727,-7.6728764,-15.195229,32.41352,6.740713,-28.561186
-1789.4955,259.38367,144.79373,113.19311,26.681202,-10.6042,-27.744394,-9.128422,-10.459866,-20.142502,22.813253,21.34314,-11.203751
-1800.3433,246.39276,139.98267,132.63678,41.525078,2.6938262,-43.345436,-23.395151,-8.130779,-9.908866,24.086346,14.407975,-27.02668
-1766.0994,237.77101,148.18701,124.24226,32.307453,-14.586571,-40.70352,16.00848,-26.264565,-37.567528,34.833652,5.6974688,-29.654655
-1767.5208,255.51584,130.9684,137.16829,31.809032,-23.488075,-26.996517,0.5389683,-19.386896,-28.220655,25.46946,7.6894855,-27.097982
-1749.5991,239.04083,134.74179,148.28699,19.720211,-33.086437,-32.02993,6.404332,-11.623081,-31.306412,32.892353,6.8002176,-25.696709
-1779.5016,232.19803,137.7137,146.01923,34.975834,-5.8122168,-42.75338,-4.02157,-21.85167,-38.883427,29.05858,11.768365,-18.831116
-1768.9202,251.06587,124.97133,124.22584,34.090073,-12.510289,-17.821217,0.34968185,-33.97794,-25.88947,19.712112,20.534622,-10.890751
-1813.4409,242.06673,168.81433,115.29376,19.784576,-6.86746,-12.924723,-7.511119,-16.2119,-26.047691,11.967776,15.373104,-12.612291
-1834.6602,253.98381,161.3729,108.43846,24.802818,-3.3244944,-18.232159,-6.2255206,-25.741463,-20.11121,7.095434,8.821037,-14.283615
-1817.1627,244.6086,152.54688,113.57738,33.651825,2.2961254,-29.014057,-15.932343,-26.040276,-24.424355,4.656267,9.456348,-0.2939558
-1814.947,241.87753,159.42854,132.5339,26.11047,-5.6676655,-28.991503,-8.009428,-13.938572,-40.57225,23.493433,-1.882658,-15.692818
-1837.8936,247.65585,159.90857,113.822296,37.908905,0.19255924,-21.719809,-13.934344,-22.035006,-30.329014,6.5803723,13.143894,-6.2295685
-1824.6467,246.57867,156.22214,117.74695,26.693655,-0.08979893,-31.695593,-3.51301,-16.070967,-24.251945,-1.2702912,2.791627,-3.3504658
-1820.8759,247.81523,153.0098,112.36531,34.03083,-3.287858,-16.530571,0.963333,-35.187622,-30.729996,7.9811316,4.036811,-9.160532
-1805.4844,238.8295,143.93626,121.4525,24.302042,-0.20121956,-23.322256,-11.536675,-22.473133,-14.684112,9.124305,9.2710905,-8.243701
-1830.8655,235.77121,161.3491,135.36517,27.477205,-17.132706,-24.36063,-14.377846,-20.543692,-27.163338,6.3189354,12.7174,-0.6204891
-1797.8661,256.66486,132.42189,121.39043,23.33603,-21.568846,-6.2949867,-7.327715,-31.321697,-33.775986,12.025744,9.385214,-8.931362
-1810.8171,255.01352,157.94968,120.10434,26.0932,-20.52623,-23.49031,5.4381337,-34.94288,-17.461426,10.12897,-4.084259,-6.57514
-1840.9261,264.02252,165.47739,106.16873,41.686172,-7.6280394,-38.33648,-8.365522,-24.673065,-10.520605,19.829851,1.5771079,-8.687331
-1835.3821,267.7862,164.61978,108.156944,38.00839,-20.539268,-32.405804,-0.040044546,-40.764282,-21.079857,34.15032,10.97612,-16.710491
-1825.2122,267.15936,161.67834,115.14935,42.4236,-25.42328,-32.00266,0.4766116,-21.436144,-21.832172,17.719374,2.3423138,-15.784761
-1819.7583,257.38702,165.76323,137.59451,39.857742,-12.073601,-24.317814,-9.578678,-40.568794,-26.521029,22.308895,15.751616,-5.8645
-1772.2849,270.41376,151.45184,108.07039,27.937805,-8.537914,-10.416084,-1.8065567,-33.313183,-20.812529,2.7359502,-0.40242958,5.342044
-1802.2401,281.38013,159.4772,123.727844,51.186886,-19.2123,-33.927456,-1.0039511,-23.671013,-11.470644,19.523264,-0.68939257,-10.760208
-1815.1222,278.63257,172.93547,120.101616,41.12744,-12.373989,-39.336327,-4.0518103,-28.817432,-16.282358,27.757046,2.2819295,-12.049748
-1782.5292,280.18903,163.02252,111.35707,23.983839,-6.8442373,-36.428158,-2.8283641,-12.317871,-14.30278,11.298969,10.006847,-11.688133
-1818.82,268.8281,156.55382,123.48812,47.451958,-7.4825444,-39.690353,-8.404423,-33.43652,-9.693388,30.469889,5.349287,-19.395046
-1811.4277,273.8413,161.55563,107.81152,44.149925,-8.143852,-28.828829,-6.338561,-27.991175,-29.833252,9.428425,12.500832,-2.2769413
-1815.9349,290.25977,165.64665,101.1724,33.226974,-20.267765,-23.680878,6.2469873,-27.029911,-22.7473,9.630969,3.9171247,-10.640278
-1767.1598,260.07947,168.95415,116.914154,19.802374,-28.169086,-40.963295,7.7517724,-34.336563,-28.185978,21.525736,9.536919,-9.697474
-1744.1931,265.9057,139.55634,132.03354,15.197625,-30.16624,-30.26744,2.9839616,-36.44648,-20.403957,19.457436,-1.6615057,-12.3792715
-1791.4374,277.6052,162.40462,136.57843,22.139061,-38.614426,-39.188095,-2.233526,-26.298267,-24.989414,27.665234,13.4591255,-19.40897
-1768.26,263.32672,164.66742,138.33328,24.502857,-38.170822,-46.787407,2.75668,-26.684362,-20.585892,17.556692,2.117076,-9.784563
-1762.7655,282.36215,145.81137,103.41441,38.638954,-2.755412,-48.984497,-13.334716,-32.524384,-17.99157,20.690298,5.199814,-13.972984
-1792.9807,269.17676,152.61511,122.37027,40.483696,-22.05294,-28.583014,5.3274345,-25.255203,-33.775463,4.6258035,5.567562,-6.843956
-1804.9979,264.82272,168.52634,99.07985,19.871506,-0.9766841,-17.913357,-2.7888005,-39.112816,-31.403366,12.154814,15.029396,-5.4009876
-1816.6232,261.5422,161.71132,106.19019,37.922764,-2.0835261,-31.242085,-6.0773096,-36.743385,-27.030128,1.4645025,4.199991,1.9040127
-1826.4702,267.3908,171.90842,104.744965,38.314453,-15.387758,-36.53178,-15.355597,-23.753555,-12.664446,4.2522507,18.862314,-4.3478975
-1844.0985,270.72226,163.64261,109.26398,41.73471,-18.244156,-39.41955,-3.3374972,-15.210192,-22.03395,-1.2557865,3.9231443,2.2177563
-1794.1929,261.68027,148.61754,107.739136,42.480495,-17.091331,-37.51407,-8.918312,-22.098345,-8.767795,0.06873645,-6.3293486,-6.9875083
-1811.1163,271.21814,156.70589,105.48043,40.024857,-28.048378,-30.333723,7.6305532,-25.854624,-20.75128,-0.809792,-10.523729,-7.04904
-1792.4275,259.7035,152.55438,133.95825,20.235527,-33.317886,-17.908072,5.301124,-27.53174,-24.081223,1.611303,-7.2648964,-6.9439716
-1790.8523,271.10944,154.19052,98.83931,43.390152,-24.159912,-26.177252,-2.2073193,-34.685993,-26.279581,-2.3714879,7.5616474,13.079384
-1814.6085,261.23828,157.41684,133.59804,37.569016,-32.038746,-30.717686,-14.0675535,-31.304977,-23.05713,7.9390407,6.514166,-7.360833
-1786.5076,255.1647,155.80824,120.32653,38.542137,-35.280445,-28.920765,4.33594,-31.71064,-20.679192,2.8773742,-0.70769787,-3.749199
-1805.3428,286.13513,162.6055,98.87421,21.595337,-33.938194,-21.258842,11.640753,-23.837786,-22.23774,0.14563927,2.7244158,0.21876717
-1805.7861,267.2612,159.57059,120.3436,30.863281,-29.138834,-23.086266,8.41608,-39.45474,-33.480934,10.2746,10.219599,-11.122974
-1799.1124,272.2603,160.56543,117.49802,21.213165,-33.864975,-18.708752,4.9749465,-22.51064,-28.231825,5.982509,-6.8038273,-16.744354
-1788.4742,275.3828,143.12904,117.942825,55.738358,-17.943514,-34.98156,-4.523676,-40.56975,-26.429722,14.5426855,4.951495,-2.6543732
-1765.2473,262.9083,159.23944,119.86568,27.616596,-34.65929,-24.693953,-5.4369345,-38.485138,-16.43806,7.7703357,10.385701,0.4063015
-1803.8352,263.7691,170.88785,113.186066,45.19761,-29.61568,-37.288223,2.1676335,-27.130346,-27.895248,1.7152392,3.7456293,-0.8143635
-1741.7095,268.52344,140.35081,116.3186,34.233253,-37.698936,-18.823616,-4.981425,-41.831413,-16.810179,9.542521,17.222841,-2.9253483
-1774.9949,279.59265,153.80263,121.313065,33.317837,-46.833027,-34.556442,-9.967622,-25.350014,-16.482338,10.8486805,11.5049715,-14.57827
-1758.6243,284.5879,153.61206,123.767105,18.483593,-65.799324,-36.75805,-3.5367517,-20.77315,-14.820366,3.0500245,6.398464,-7.8683395
-1755.4617,283.3139,151.98239,124.91078,19.362152,-60.212196,-41.620056,-9.366391,-24.605818,-9.197422,5.1280193,5.118477,-8.009455
-1756.3816,285.75287,162.35286,124.02269,15.514372,-54.9237,-32.158165,-11.500576,-29.403582,-17.327864,13.730193,20.04389,0.77765656
-1732.9026,288.97092,152.28969,120.966774,12.541128,-63.180626,-36.1933,-1.1609116,-17.660748,-11.794191,8.7,7.0535264,-9.186573
-1761.6814,291.83273,160.72061,106.86011,34.630455,-40.125378,-49.814293,-19.1918,-31.865921,-1.990099,21.805258,10.2962055,-15.158919
-1740.4747,290.27002,151.89972,116.20323,27.545855,-52.782425,-36.24234,-11.321396,-25.058863,-10.085489,26.155167,4.0745,-21.53401
-1765.6838,289.15173,182.99503,112.903625,11.951867,-39.18557,-53.89311,-7.0087605,-20.237457,-14.240031,35.824272,7.2409296,-19.664246
-1738.1786,292.6626,165.93082,119.16935,6.874833,-50.191742,-36.50038,-5.773844,-30.25921,-7.040163,25.807913,16.895365,-5.159029
-1768.9006,303.50262,176.01135,101.51558,18.108143,-49.23353,-48.650482,-4.5030594,-18.746769,-8.601144,16.015978,9.401784,-10.001851
-1771.3274,290.6225,195.2607,99.957634,11.09592,-36.45466,-50.365906,-6.5704722,-24.93427,-8.141669,24.787277,16.19564,-9.241652
-1756.5457,297.8927,183.19992,98.57046,1.74489,-28.371498,-50.732124,-11.149016,-16.263613,-10.3621855,20.165873,20.706905,-15.323956
-1746.7517,285.35657,170.61493,117.31212,27.138603,-47.894524,-49.605507,-11.87445,-30.384733,-1.9796438,26.318733,8.971815,-9.645403
-1744.543,295.91858,164.87784,109.87456,31.251427,-53.932312,-49.79505,-7.3354683,-19.82225,-6.006898,19.928102,15.646947,-11.768004
-1743.079,289.33817,154.753,114.24307,23.126156,-42.05684,-35.93969,-8.109118,-22.004107,-12.04197,22.5366,5.819932,-11.811995
-1766.0929,287.0558,171.60385,104.70763,38.983383,-49.901142,-45.423435,14.105696,-34.775185,-8.519869,30.837866,0.2416172,-19.258064
-1765.7908,293.10147,178.69449,90.80676,28.29631,-53.34986,-24.632963,7.8342075,-26.86584,-17.677885,20.469015,9.597034,-16.025433
-1745.1034,293.6168,175.37843,114.2804,14.250259,-69.70181,-46.2332,8.273649,-10.915493,-7.848796,23.242132,-0.018748999,-18.066917
-1773.8031,284.16138,172.82037,103.22664,38.182106,-33.505302,-48.043335,-11.981571,-37.902435,-6.8994637,35.536068,12.208708,-12.629387
-1801.7236,280.0,177.09276,111.22066,41.965225,-39.85382,-25.069347,-6.3445463,-43.801666,-11.357619,24.49173,10.688195,-15.575629
-1779.1765,286.1249,176.53122,111.11078,27.57028,-37.37697,-28.46973,-15.80191,-32.73855,-9.554825,8.240907,15.309265,3.2662687
-1768.1366,298.24774,168.48044,94.24232,25.262041,-37.879536,-32.80912,-1.4665637,-32.4071,-24.180481,24.599453,10.252723,-10.426159
-1772.807,282.25702,169.94583,114.97739,38.300552,-38.588524,-44.669064,-11.407538,-13.107076,-4.6760798,9.620736,5.8056498,-5.940337
-1750.0271,288.01135,170.85648,97.383804,37.691334,-27.745716,-28.662079,-6.450023,-22.880337,-12.757433,10.270672,17.17157,-15.841649
-1730.5537,282.96085,160.79968,105.79322,51.935715,-40.808666,-26.268234,-16.660728,-29.928715,-6.7928514,30.822565,-0.083387375,-9.833637
-1732.1057,280.31824,160.06046,122.263016,35.625977,-47.720867,-28.449821,5.051101,-29.973516,-4.5803022,14.3904,8.38795,-7.9162884
-1753.1777,280.2832,170.29349,118.64075,36.11412,-39.42684,-25.85053,-0.4910496,-30.60571,-7.1058283,10.433857,11.128356,-9.748979
-1739.5002,289.3349,164.35806,114.79671,27.897655,-37.237663,-37.42755,-11.180315,-24.147787,-11.6690645,17.96224,8.055221,-12.05401
-1780.0884,300.70477,183.59283,99.32769,30.840315,-45.887657,-45.631454,-7.9001074,-3.1726816,2.014394,-6.5598917,9.275149,-8.261221
-1752.6752,280.77014,169.5957,122.24104,33.960068,-34.022694,-33.087105,-23.248102,-28.98552,-3.8560743,18.998402,19.143486,-14.639626
-1693.8105,287.1402,147.03409,116.30729,21.920872,-49.15397,-23.148436,-10.845935,-21.553316,-5.1865573,11.26985,7.2023263,-16.996477
-1707.3936,291.4483,155.52551,132.13812,29.72371,-62.82963,-45.814796,2.3343625,-21.11239,-4.0153503,13.57738,3.3264093,-15.951818
-1687.0103,281.30887,148.36008,138.26753,31.331495,-55.07061,-27.479532,-14.810782,-32.15545,3.0901957,29.696512,12.780239,-30.110657
-1720.9972,287.611,170.01593,134.44424,31.353031,-59.962006,-52.65095,-0.19411182,-13.677502,0.53073454,31.036459,9.415123,-23.660221
-1717.5374,288.08044,162.99643,134.43222,27.405533,-48.822212,-39.661377,-13.255617,-26.969328,-1.7359715,21.855549,27.701288,-11.659441
-1672.3259,292.9541,149.6694,126.32327,25.85483,-64.467514,-26.728006,7.4240284,-40.03427,-1.9352717,38.950054,16.55703,-18.986153
-1725.1917,304.41354,168.46765,115.94996,35.389206,-55.248127,-47.38332,10.370898,-26.23161,-7.559502,33.9739,21.014301,-16.896091
-1684.2782,288.31702,159.16443,122.85021,29.196796,-51.159477,-36.992462,-12.748506,-29.12875,2.8572016,40.219906,22.65038,-20.441353
-1689.7502,289.18024,155.33156,140.18173,34.736526,-89.29085,-45.55318,11.125326,-33.77932,1.3229246,37.040863,28.794312,-16.3835
-1692.0789,291.47495,164.64833,127.62931,24.774488,-77.921135,-51.385574,8.692057,-19.27462,-2.832399,38.226536,13.041536,-20.053757
-1709.3342,304.67322,166.84178,111.230965,16.024101,-80.95958,-38.389618,-15.756592,-13.043047,6.881811,20.303148,27.938578,-15.656958
-1655.7361,252.75937,206.53194,96.5146,9.06109,-81.1075,-46.454987,-6.0048695,-20.232658,3.8074875,23.420408,16.281511,-23.159042
-1616.4717,227.91936,195.73735,85.8403,34.568844,-77.30011,-45.1396,-7.729305,-36.567757,11.987104,11.106737,23.306932,-17.289078
-1608.5746,216.25717,196.46733,74.35263,37.757538,-78.09232,-38.734344,2.8399796,-39.867645,18.36097,6.385725,8.764946,-18.977446
-1611.6917,194.81332,213.33958,77.06177,43.17536,-79.413315,-36.392998,-5.2894,-45.983307,13.846007,18.715282,6.4342623,-31.39122
-1639.1997,192.33777,225.60152,78.362915,45.294792,-67.224365,-28.826511,-5.7577963,-46.68572,16.109707,4.018936,8.753715,-24.149853
-1657.292,185.95622,228.10374,69.23892,48.79578,-45.51626,-27.892342,-17.9772,-45.141033,13.247708,-3.2737534,17.22113,-17.642315
-1629.5245,183.71997,213.54883,60.5242,40.136784,-51.692413,-21.84237,-14.041878,-40.959194,12.490768,-9.485131,17.043728,-15.821469
-1637.8198,186.74887,216.74535,56.689537,43.45321,-46.176086,-25.622074,-20.897812,-39.964317,20.49366,-5.685572,15.4540415,-17.141165
-1625.1682,190.77084,212.05284,64.056915,45.858025,-52.126278,-36.80771,-18.919106,-32.486485,32.856884,-0.32581806,10.230885,-21.198132
-1625.7709,194.58536,223.1149,66.08798,39.194077,-64.122574,-40.121002,-11.561368,-40.064194,13.13493,8.032553,26.971771,-13.599428
-1642.4491,188.08249,221.33168,83.58264,45.970135,-75.59424,-45.923717,-15.725362,-35.066193,24.395193,4.523875,14.765772,-22.689377
-1635.3177,194.11,212.20795,84.81993,45.803017,-68.329124,-41.601654,-9.798959,-39.94461,14.9242525,14.843781,14.944295,-23.301262
-1630.2415,213.96356,203.42682,81.34073,38.615555,-75.01282,-36.60872,1.5435164,-33.45056,5.3843756,-0.26767495,23.477581,-23.071249
-1643.9712,226.17746,184.79498,77.01581,43.288887,-50.76822,-45.957195,-18.396198,-37.49315,9.417486,9.496962,18.741257,-28.59984
-1683.206,239.65909,190.20877,88.81436,35.943085,-53.370895,-48.31914,-9.034918,-30.89606,3.9497657,3.021103,10.766193,-19.621456
-1677.2938,240.66058,178.8428,100.78436,29.343636,-46.326756,-46.18041,-18.786106,-23.225006,8.214584,-1.6156924,10.969273,-25.568623
-1668.3896,249.65451,170.00966,91.7221,35.232616,-57.30047,-63.614403,-9.266769,-18.582422,5.763706,-2.8742614,8.481895,-22.585646
-1684.4398,265.3499,162.43129,91.925735,34.091545,-68.43135,-58.74321,5.9109554,-31.392796,-7.1598015,11.84853,8.971844,-25.445103
-1647.7476,258.56964,147.49437,102.8419,28.067291,-63.69163,-56.95424,-8.49049,-17.018578,8.543676,13.048346,3.676859,-26.710625
-1628.8959,260.1099,145.26743,90.297714,5.109093,-56.938522,-47.604362,1.1958387,-8.421574,2.4811907,2.380674,-3.6090279,-23.83495
-1645.9482,261.59995,144.90215,94.081406,13.183305,-54.03991,-54.341034,-1.3620605,-3.127221,-6.899103,-2.5766087,7.641075,-28.772068
-1641.5132,262.61057,130.43967,90.14752,31.268692,-48.427933,-60.721786,0.7579863,8.601152,-6.1198764,-8.680916,-7.239758,-32.924942
-1644.7969,269.64142,122.90262,77.480865,38.84198,-36.65163,-43.039204,1.1818843,-4.9135685,-9.494539,-9.6603775,-3.8847985,-27.431643
-1619.1967,256.78302,107.46771,69.51857,63.67841,-27.64038,-59.445663,7.6067533,-1.4988003,-7.6989965,-21.380463,-16.797691,-20.267078
-1613.3944,266.0147,84.9357,63.359818,53.647625,-10.176907,-44.498524,-3.2579484,15.659396,-9.507599,-43.559532,-16.242447,-18.828129
-1607.3354,277.73334,59.07805,31.610533,81.817,4.6941833,-43.026497,13.160795,13.700776,-4.005438,-51.83548,-27.926815,-19.234257
-1708.6014,253.30164,49.81899,-9.555489,82.51602,30.30997,-36.49462,-16.768532,9.180162,43.974182,-31.81278,-58.104263,-18.765455
-1901.038,176.66422,42.71949,58.53356,102.61558,24.984304,2.824419,19.255512,-0.4531269,7.9021926,-28.632105,-23.709517,-29.204163
