-1997.6475,194.22162,60.356705,2.3607078,35.679893,29.988522,39.6893,61.727882,28.598852,31.258806,-10.775912,7.8136234,-5.2064915
-1915.476,214.51752,129.37897,12.713635,36.627335,29.499613,32.77684,40.904785,17.518078,31.251,-7.281703,3.7352104,15.714199
-1952.394,172.48737,100.31465,-5.6604958,30.001122,4.468526,21.675653,59.013214,43.449554,53.29526,8.89249,28.456112,30.886894
-1895.5193,211.7017,123.58325,22.900412,58.587265,28.113863,39.959583,46.175835,16.796179,31.70286,2.6669939,19.987173,17.067636
-1930.8553,185.52393,102.045784,-16.629112,25.160456,21.30069,51.687057,82.07628,54.71586,65.62036,36.93618,46.123215,25.267647
-1893.0774,197.85971,83.73189,-22.51667,34.59508,6.3766823,22.40573,64.06636,47.823654,56.284077,22.753105,40.232265,52.54589
-1897.2242,209.46794,90.61571,-8.737345,53.01014,18.217087,25.494081,61.26198,52.45525,45.74125,3.8532567,23.005287,21.750042
-1919.0892,189.97046,89.846146,-4.648558,48.55273,18.932287,35.581924,58.525818,46.23259,56.194077,18.76237,43.823868,45.21827
-1998.0085,154.60977,88.541885,-22.633343,37.83113,32.21547,28.744314,42.150543,30.880228,39.536934,1.7370689,18.073088,32.487877
-1962.9951,180.27675,101.42638,-12.181186,34.178127,24.116716,41.499794,69.49377,51.927338,60.525925,25.26803,37.334824,37.61949
-1971.0575,169.29242,103.05258,-1.347825,36.66005,24.923817,23.442787,56.19191,56.762245,70.70165,22.53345,35.46824,37.17814
-1958.7983,165.15523,87.32555,-30.016962,-4.521963,-4.2437477,23.47535,48.65182,36.86625,56.11886,22.08428,34.864403,34.45881
-1940.0397,167.9367,89.119,-15.385484,36.93845,21.262814,32.956947,52.093845,29.139847,59.605286,23.893349,34.83188,31.184265
-1938.4546,185.21881,108.88961,-1.3867252,25.326275,19.487585,50.623466,85.16489,57.349037,58.551933,18.98936,42.42591,42.401367
-1954.6299,175.87616,99.75008,-9.489624,21.152086,8.107847,12.572121,52.78793,45.50677,53.72799,11.468267,28.006447,33.8306
-1921.3573,206.39896,101.26518,-11.274066,26.561974,21.73724,29.689991,52.199905,31.25366,42.821785,-4.608537,21.997614,25.118914
-1915.1488,175.74808,73.688126,-33.666756,17.0681,15.80897,34.54535,49.43198,40.205215,60.56997,31.63403,35.505898,25.674713
-1987.2487,171.12495,118.65188,9.730928,36.01519,32.706448,32.903656,40.349106,30.302488,52.279385,11.71961,24.353596,22.960459
-1985.208,187.37949,131.6947,1.6586599,29.569729,27.341158,38.011818,57.781906,30.768173,62.761856,19.651833,22.224258,25.407417
-1966.9229,202.84167,136.25723,8.226626,24.104702,16.612352,38.381313,42.14602,23.64943,63.33955,9.24375,24.769176,21.64875
-2042.1643,137.73138,119.32156,16.176542,58.14765,61.871773,57.300766,29.940569,9.401001,61.406532,23.893394,24.611002,20.768345
-1880.5535,185.37361,111.18446,33.013283,65.38684,35.73578,36.41927,20.393467,5.233677,35.47995,10.0789995,25.325796,21.393936
-1910.4431,152.28024,95.573364,0.2886778,42.674072,40.94963,42.728943,15.91326,5.4409637,41.622177,5.963525,10.650694,39.740913
-1444.2352,215.50835,-93.84379,-47.66551,18.016247,7.081317,60.652634,19.423784,-1.1798306,36.68898,29.66653,35.766525,23.053328
-743.28406,290.88474,-185.19028,-40.16588,-27.137802,-47.65825,58.892258,-20.640429,-36.640305,5.372118,24.633366,30.392076,28.326569
-641.5023,302.8346,-146.03766,-51.667076,-18.889683,-83.89046,2.5205383,-17.571377,-23.736176,1.6243649,36.624153,33.033997,17.955055
-494.6871,276.2603,-153.44722,-45.94374,-37.460304,-66.12151,-18.851023,-4.5700645,-26.908,0.021759987,38.573544,31.005653,19.238914
-423.5501,254.90907,-151.02248,-63.84744,-25.407633,-77.91836,-0.023820877,-12.061678,-26.16315,-5.4814987,26.284622,37.83212,14.542679
-417.31805,261.5674,-154.15408,-45.235123,-31.872732,-61.21559,-14.385851,2.7358227,-28.976643,-10.978874,22.992361,31.479515,12.936985
-370.94006,234.85362,-159.3219,-27.51486,-44.880753,-38.2881,-6.6616926,-11.059843,-31.432423,-13.019714,8.483068,35.014915,14.013271
-338.3385,205.69641,-144.59213,-29.145716,-45.776,-28.77525,-0.8649988,-22.083046,-26.668818,-25.491013,6.6686463,37.52217,19.164694
-372.18298,230.33401,-162.24951,-21.890087,-46.76366,-24.640247,-10.269663,-13.592186,-33.091553,-34.561035,8.869358,40.045174,20.515533
-481.13443,300.86124,-200.7839,-4.2910805,-32.892235,-42.197784,-1.9781837,-22.592354,-31.960918,-46.490574,18.307604,40.11854,18.323505
-414.88184,239.5278,-161.49539,-0.8390663,-44.83259,-43.872627,-11.877176,-27.561167,-34.767334,-45.709656,27.785915,34.616753,25.42354
-463.4536,265.56387,-164.8605,3.6943054,-46.73918,-53.878265,-15.815169,-32.12168,-34.20013,-35.94725,21.31199,47.34536,13.292194
-515.79785,278.128,-164.44194,5.215459,-24.486006,-62.828815,-4.3594522,-41.82884,-19.480352,-48.757915,19.681046,47.762997,8.54545
-565.3858,260.02805,-166.41202,50.823303,-5.338175,-36.81195,-11.753831,-31.675737,-32.291348,-58.554466,10.264435,38.80835,2.0010557
-645.2487,269.4204,-153.35612,90.78726,6.972714,-25.72408,-19.622293,-30.686155,-50.33507,-65.561554,1.6381775,48.97265,-5.175091
-711.0762,250.56987,-146.66019,120.26476,39.57823,-7.1626844,-46.753746,-23.050087,-40.03934,-62.44275,-0.06994792,43.110924,-16.517357
-827.02966,234.41428,-129.2627,154.84409,67.32593,3.8562188,-30.075344,-13.785137,-53.6773,-73.783,-1.4264277,38.417183,-25.167465
-1104.1763,230.52563,-112.69083,182.74985,81.72329,7.578253,-17.830133,0.99627924,-50.420372,-50.012787,19.416967,37.55761,-40.969734
-1518.5289,243.70682,4.8321304,146.67587,116.116455,12.00486,30.742348,37.014294,-23.315636,-16.06729,-8.887195,32.421745,-1.6544485
-1705.4474,247.81412,83.815384,109.123344,109.3179,37.46025,17.165953,23.393589,-29.070398,-14.876976,3.3252013,33.439354,2.4705658
-1821.5553,229.5617,112.80723,98.46341,85.015305,39.53419,29.118828,18.055685,-7.1807003,-6.228791,-12.690485,37.360382,12.139994
-1899.5728,192.63779,125.120026,93.57317,82.01674,56.766968,27.41795,14.23605,-6.215334,-2.200611,-9.692497,29.879932,14.624128
-1892.0197,169.85187,114.717285,95.82382,56.294464,32.28191,22.458858,22.19848,-7.5788317,4.4303684,9.519834,18.893274,12.595065
-1528.026,100.87562,-138.40698,112.42375,101.61547,32.692703,-12.437403,8.620101,56.073914,-13.640317,-12.536023,36.241474,13.890854
-1306.3964,2.2548444,-210.7219,225.43661,27.896559,35.743782,-1.2028983,16.363407,48.63584,-22.790619,-6.76153,21.32985,6.600319
-1152.2822,-66.61467,-235.35681,306.8543,79.8524,79.56368,-49.710266,-0.9324045,18.67353,-30.776398,-14.891575,18.768406,8.549949
-1101.8489,56.802067,-210.66028,280.64783,103.878845,73.80847,-46.79038,-47.746864,-7.204548,-38.025658,-20.694227,1.0842819,-4.596567
-1116.1561,226.12184,-194.50276,213.78099,156.68723,71.60288,-48.9296,-94.72989,-43.403286,-49.753662,4.488756,32.372086,-35.166843
-993.7943,289.85727,-209.00166,201.52242,167.36282,49.583824,-60.77249,-109.02968,-57.78119,-51.078033,-1.3408848,42.072464,-40.428574
-914.7999,326.43884,-210.88866,208.14471,133.12524,25.451782,-46.47715,-127.80951,-50.479034,-53.430405,-12.94127,61.989258,-26.972548
-876.5907,349.19086,-197.13803,166.2849,133.3092,3.9483454,-58.7228,-95.18388,-54.2425,-54.027336,3.2993417,51.79522,-17.356102
-840.4591,362.61542,-206.06259,185.95456,97.99017,0.47777224,-71.240974,-102.12758,-60.36958,-56.089645,7.492899,38.276077,-0.44849014
-826.76636,373.83694,-189.01088,184.738,74.11131,-15.425487,-74.46185,-90.85819,-60.320457,-63.660023,4.4502015,33.974277,8.252657
-845.58057,394.4204,-176.73495,163.02594,77.96093,-45.596764,-58.396164,-72.00037,-52.860397,-62.966473,-20.005283,23.887424,15.681574
-830.4741,370.0893,-168.43109,167.81827,41.823883,-33.4626,-58.203026,-55.706768,-39.62884,-72.690674,-27.082567,8.756729,18.497967
-840.3135,370.24216,-160.3743,152.82094,38.14628,-34.2687,-54.431984,-34.868233,-41.740776,-69.8082,-27.434677,-9.3245125,18.671974
-871.9823,373.8084,-145.53645,144.30756,21.36503,-41.813652,-42.04727,-24.679346,-33.949364,-63.270477,-58.460182,-6.139822,20.258394
-883.8139,370.8706,-139.6735,145.97604,15.5146885,-36.80043,-45.89213,-16.404964,-22.744785,-69.65776,-51.354164,-23.002604,16.15982
-881.411,367.74338,-123.1364,131.0127,17.453127,-25.486343,-74.818886,0.35860443,-21.916962,-65.106384,-50.96589,-26.47182,11.757548
-898.5734,375.58063,-118.83306,140.78993,12.657016,-44.055817,-52.16871,-8.761555,-23.467453,-48.06114,-74.56554,-26.008778,12.306693
-939.56213,379.99445,-95.23544,138.53328,18.390873,-34.261215,-68.51747,-4.385597,-18.473969,-50.319702,-62.316658,-35.653275,6.2832837
-976.5625,374.1262,-63.456287,140.46512,18.784082,-33.569664,-77.32266,-9.020302,-14.123888,-54.79499,-63.787125,-26.7183,5.3097367
-1023.29156,384.41687,-44.860672,128.55112,31.156122,-35.557526,-89.49567,-6.331812,-0.9800153,-61.07636,-55.01765,-31.41093,-1.4399605
-1089.6592,390.93066,-27.041098,121.796326,16.615719,-40.04832,-73.32204,-3.1832047,4.737689,-59.516083,-52.67828,-37.27806,-7.344782
-1147.5526,387.00458,-11.121723,102.74262,7.654602,-39.225082,-61.533707,4.7678623,32.348183,-63.90753,-67.21723,-25.942446,-18.212418
-1268.0967,394.15277,25.942696,60.01538,9.166273,-20.997143,-78.05908,14.300086,61.656097,-58.16121,-76.66515,-30.305847,-30.234716
-1438.0166,401.13953,65.327484,0.48142815,-5.883694,5.8118653,-49.249863,-9.569693,65.20562,-18.655437,-69.57685,-34.027424,-37.907753
-1814.8137,280.4889,114.90291,27.290901,32.408512,-1.775749,4.5233116,41.14249,32.35778,18.555252,-31.927828,-29.639122,-22.321047
-1667.2642,298.17496,85.995865,35.068108,-5.3897967,-7.6357965,-1.0013778,12.120998,22.785208,-3.8345406,-45.3361,-10.668334,-14.4860325
-1520.0361,351.54358,66.53109,49.47507,-6.8335266,-32.28449,-12.981815,-8.430879,42.018204,42.99343,-49.193012,-36.636574,-39.241882
-1566.604,383.50003,116.6436,27.095495,3.168274,-21.01576,-30.47756,-24.287342,27.255928,45.836903,-29.780344,-29.944225,-44.10003
-1561.5356,415.26294,140.44424,24.50586,4.547863,-24.359322,-40.101124,-16.244122,30.453966,28.781,-21.505453,-20.56458,-46.154877
-1503.1354,406.12598,138.24136,68.63492,12.459079,-31.513302,-58.862114,-33.061523,43.126286,33.590523,-31.86844,-8.442658,-42.19653
-1447.8195,398.0287,131.38257,89.49744,22.50821,-51.16929,-66.305145,-35.67489,67.54663,28.239258,-42.833546,3.70681,-50.0566
-1393.4818,380.60687,117.812035,109.46164,18.986841,-66.51039,-48.659893,-29.990685,75.08755,12.231241,-57.91846,17.654673,-49.701057
-1368.2833,344.93146,114.24295,127.264175,27.877861,-86.19569,-27.948153,-32.000034,63.212284,-0.29282093,-49.26218,32.153423,-65.35751
-1355.9368,365.1251,83.02783,139.45676,-12.337206,-91.68413,-17.336884,-3.8563309,41.650055,-9.761786,-44.97403,35.89572,-55.345657
-1362.3865,352.365,101.08565,145.7492,-24.208208,-138.66939,-33.613274,-9.320953,32.44951,-14.677548,-36.447678,40.347702,-45.031525
-1332.8799,354.95343,84.83031,142.03128,-58.17771,-130.99173,-38.892,-24.402115,44.22888,-0.42087746,-40.33549,35.0512,-45.737244
-1324.3915,360.0585,78.97812,134.19908,-68.71779,-141.05975,-48.03746,-13.051983,50.908394,3.2914515,-37.94567,33.039642,-53.120346
-1306.9281,366.1457,83.923645,99.860535,-68.21327,-130.6499,-64.227394,0.49043655,49.03579,-0.8378067,-44.165398,33.68693,-41.582115
-1274.0724,362.22156,52.090485,91.18439,-57.28147,-117.01276,-73.930466,4.7725716,64.71823,-8.517847,-42.672485,14.177359,-42.579777
-1260.4004,377.6003,23.57583,67.34745,-28.519588,-105.3455,-85.07267,16.696018,68.44871,-12.604818,-46.391033,14.394947,-48.80416
-1261.3702,378.0426,-7.9369454,54.11646,1.2267218,-81.39552,-87.54711,8.542879,61.964046,-7.244509,-41.563972,-0.061257362,-35.953045
-1352.4927,363.62317,-19.852634,52.918644,43.413116,-86.342224,-94.92859,40.63811,40.869225,9.039735,-21.179333,-16.082508,-30.920378
-1452.4125,281.79633,-48.61605,76.21813,126.68968,-33.127056,-62.555534,60.505302,20.77634,-15.010231,-17.92044,15.798712,-25.483624
-1422.1189,274.22937,-65.93367,63.080944,131.3447,-17.656128,-68.66714,79.87465,12.234067,-19.903728,-10.817943,1.0826769,-23.508705
-1416.8687,267.54407,-68.219246,67.70175,129.58432,-28.65979,-60.20891,88.75455,5.180312,-19.067413,-11.100653,10.3053465,-22.684216
-1409.0054,264.46667,-69.74095,62.29992,135.15622,-25.627468,-68.199615,93.18942,7.9148593,-16.332335,-16.000761,7.1832104,-21.941557
-1398.7742,265.20917,-78.250015,71.10794,133.28867,-33.01584,-55.454666,82.74666,9.260348,-10.983248,-21.121851,9.735783,-22.083023
-1398.774,259.6463,-68.5019,64.717606,135.38626,-38.01958,-66.62677,99.3741,8.720726,-9.09383,-11.363782,-9.046766,-18.878502
-1399.072,242.64337,-62.495155,72.56546,123.368355,-39.91401,-52.034306,102.7446,13.9594345,-5.024847,-21.136106,-3.2793598,-23.375519
-1413.4133,244.56262,-60.374207,81.08597,116.84923,-40.110504,-49.62673,96.208115,0.9172988,-3.3268836,-19.480936,-1.1079395,-15.79594
-1420.8857,247.95705,-51.392136,57.723816,130.68776,-49.245667,-41.751472,99.80831,12.080769,-6.5319166,-21.755018,0.073312044,-29.416824
-1431.2952,247.8978,-46.576782,64.96716,114.2657,-50.195747,-35.528984,96.579956,11.129527,-8.334221,-15.128822,4.884535,-36.745987
-1421.3773,254.02142,-33.091724,48.632683,115.84827,-56.14241,-47.571983,101.33098,21.41916,0.387897,-14.790892,-7.30658,-36.206223
-1397.8529,261.237,-23.408546,56.85908,84.683975,-55.809742,-62.207844,113.1662,29.656261,11.292593,-18.966185,-16.732424,-27.185242
-1354.884,262.3602,-17.301228,54.20578,71.253265,-73.828995,-57.07254,115.30387,43.099655,21.439947,-25.179564,-15.831324,-40.055595
-1256.1819,301.57855,1.2149591,28.396805,31.553408,-97.830826,-79.66389,95.60959,63.737606,31.885017,-29.603882,-8.765241,-41.661854
-1063.9939,293.69745,34.76734,43.678402,-6.69362,-123.103134,-90.817505,46.830772,71.52208,20.582445,-47.471672,21.043097,-29.278728
-1035.1067,279.75195,48.011917,90.9942,-42.884445,-151.88777,-83.81755,29.869307,79.86423,23.734228,-54.557167,38.671974,-38.40127
-1021.3258,276.1167,49.189304,91.46032,-49.602158,-143.34995,-95.502426,32.042206,71.48297,11.262796,-26.266897,34.089294,-42.542057
-1053.1853,277.76462,61.247406,118.311516,-69.86329,-156.6908,-108.73642,35.70572,75.66977,16.04126,-22.003899,40.6694,-54.96971
-1064.1619,265.42923,85.46062,115.14119,-77.46855,-167.66064,-124.988914,57.453606,56.56945,18.82124,-14.986992,46.633396,-58.11576
-1078.9778,277.23114,69.29202,123.15447,-68.67003,-175.52188,-133.15454,59.65718,63.921738,-16.80418,20.947962,33.057743,-42.394814
-1099.117,276.21704,69.16173,107.19765,-55.120617,-150.10251,-138.32498,63.82164,31.819899,-23.455002,39.798023,46.273026,-37.46044
-1200.388,297.2508,84.42103,146.5672,-59.045376,-155.8582,-177.22702,79.70378,29.631199,-26.486565,52.088352,37.993706,-35.40121
-1270.9121,322.74146,75.9955,146.18889,-31.61789,-150.62999,-164.09645,55.271736,35.27637,-33.46905,49.758873,39.15642,-47.470303
-1317.7014,309.63,80.50127,135.76962,-26.877068,-130.09732,-131.42471,65.48154,25.894646,-34.513954,8.879897,21.053188,-40.985786
-1382.1302,258.80844,96.35593,184.35419,-45.33146,-108.95866,-112.16598,23.74765,40.23269,-12.134658,-20.158953,29.728737,-33.54136
-1432.9941,217.94516,109.61509,178.57039,-39.913986,-67.449554,-105.56145,10.684119,34.823524,-15.755179,-18.360355,24.694248,-32.458694
-1506.9764,212.71106,125.0022,203.665,-60.92997,-83.36859,-79.79178,-12.767135,30.829556,-2.9715986,-21.078,26.788483,-23.799404
-1531.8652,213.65495,153.88351,202.8649,-71.110596,-74.60211,-93.14226,-30.76691,34.600494,8.078681,-19.88078,20.386856,-27.761568
-1454.3608,245.68689,133.10867,181.88972,-73.77913,-91.13107,-82.74161,-4.653446,13.430437,-0.12822914,-7.6216283,26.200024,-28.69953
-1419.5876,304.3956,129.20691,167.38481,-41.104122,-133.02293,-116.359924,21.871723,22.163136,-4.883937,0.37511098,9.0680895,-43.26901
-1368.2133,338.54462,141.78476,162.27167,-11.933253,-153.96216,-157.24545,54.987705,8.883223,-19.998144,-1.7472829,2.536831,-37.720795
-1181.6061,369.28717,101.93082,121.10561,-28.447628,-141.63806,-165.89908,68.59435,7.404125,-22.887163,11.754209,4.183546,-31.042988
-1018.0675,367.34064,70.55112,88.592545,-40.79547,-143.87277,-159.30928,86.92227,11.891761,-5.126419,8.845024,-8.0396,-26.59491
-928.34204,385.13745,30.92948,69.98612,-57.788406,-162.51924,-143.48161,85.94733,42.120407,-1.2792935,-11.405648,8.102652,-23.025925
-741.4627,365.5065,-22.574806,0.49967602,-69.157455,-131.49252,-114.69675,46.932076,29.988087,18.904964,1.0303886,-7.3197145,-19.164516
-670.01196,340.61447,-32.94308,-10.5639305,-87.382256,-121.235794,-111.41696,25.917099,22.294113,10.972705,4.9726996,0.12059307,-21.820282
-713.01746,346.56818,-35.034805,34.31776,-84.32879,-144.04324,-126.490944,49.174164,24.320162,7.879327,-27.093882,7.4052114,-1.7286263
-701.26227,346.1333,-47.596195,42.993385,-87.196686,-133.92786,-129.84666,61.263737,22.50969,1.4301119,-47.249187,9.838412,10.122147
-653.2524,319.98676,-58.017807,47.03296,-93.61757,-106.65069,-125.26206,82.717125,-6.6172976,1.8532162,-41.969048,-3.255395,15.633568
-608.66644,310.26447,-78.71909,51.608807,-97.18793,-76.24974,-108.88367,67.68487,-1.8870358,-0.006662667,-53.249382,1.7866287,9.039278
-589.66254,288.41846,-83.31856,58.665802,-63.448006,-53.240463,-102.41907,36.436905,9.806866,-22.12352,-37.780716,9.541543,0.91276217
-593.92993,290.05392,-108.6691,71.69534,-41.47497,-28.697384,-79.68454,11.886045,-11.528107,-20.490734,-44.24918,15.016705,-7.01388
-548.29114,246.03494,-95.95441,78.77701,-18.233501,-4.798419,-90.08879,-4.0884113,-43.00173,-3.3259506,-58.01054,36.54612,-22.085121
-559.45276,237.2565,-87.12714,81.068985,17.477776,-9.573818,-84.9194,-48.68058,-51.8561,-3.754837,-61.338795,71.34399,-32.55618
-600.5808,214.47766,-80.06546,96.483,45.31643,-1.3417645,-104.82125,-52.699356,-61.252167,-4.275139,-46.589813,70.06765,-32.77304
-661.24646,201.52022,-100.481735,100.56955,74.38022,21.919188,-116.10466,-55.475494,-76.93455,19.518332,-49.89074,81.31369,-52.375114
-764.628,195.45953,-118.42047,95.62265,105.54584,49.398613,-112.96992,-68.618034,-82.71078,5.0322456,-14.0243225,77.472885,-54.93644
-831.03186,159.75801,-116.06739,98.25285,142.18933,59.190357,-114.13141,-77.4815,-81.914246,11.340216,-2.2943718,68.56208,-46.671448
-889.83484,123.53526,-111.107605,107.6322,174.36598,40.032715,-110.58049,-71.55568,-72.76033,17.876104,-2.279657,49.213722,-39.028164
-962.26935,120.9319,-114.00809,95.2019,197.48776,49.3889,-99.269646,-63.26207,-74.608055,22.63736,-0.3309593,42.393394,-41.2789
-1028.9106,99.92006,-103.04727,107.8499,216.24597,32.71149,-109.42675,-46.432922,-47.568336,14.84972,0.5362441,27.335201,-48.178825
-1082.6041,71.10101,-92.20727,106.49611,227.9683,52.413254,-121.6112,-45.170937,-43.826187,25.53062,15.327077,20.355999,-66.31172
-1136.2874,107.60539,-125.63899,107.405136,242.32347,26.6321,-97.76198,-19.559505,-42.383545,37.05719,-11.357503,14.700966,-68.25883
-1163.5659,88.0278,-116.04877,121.5318,232.22086,32.39761,-105.47417,-21.372171,-34.04884,30.165508,-3.1038477,18.821728,-54.76256
-1169.3055,105.52449,-131.01616,101.39266,238.63776,38.831314,-97.84047,-10.077696,-33.111916,27.025362,-5.7636166,8.433981,-48.939384
-1192.7661,114.034836,-130.11945,106.34961,228.6066,55.447357,-120.33032,-10.50547,-48.22078,41.457092,3.333825,16.075066,-60.27942
-1172.9161,101.614365,-118.34273,96.76259,226.0202,67.68961,-125.313995,-9.448207,-55.00157,39.845257,8.1351595,17.316563,-62.08043
-1202.5393,126.77527,-124.54337,101.99335,222.55627,68.66049,-134.62413,-22.186943,-41.17756,33.13587,18.899006,8.484755,-54.43435
-1220.4839,147.44754,-136.43735,104.68869,204.38489,72.64017,-122.91247,-14.8825,-32.882774,27.33609,13.86368,15.786065,-59.681427
-1248.1475,155.5758,-132.56677,100.92553,206.40854,88.511154,-134.73972,-34.35849,-28.13623,22.543789,29.526266,30.310444,-70.75008
-1247.3293,151.77222,-124.08715,100.24577,210.43593,90.43935,-141.40186,-20.70979,-35.084797,43.325974,7.588859,22.159164,-78.66603
-1268.3794,170.48068,-134.31442,113.05939,195.92001,95.606,-136.46147,-30.877333,-30.727322,21.940214,37.463364,15.421564,-68.57614
-1247.961,164.30542,-128.46931,111.73407,190.79352,104.13486,-133.49883,-27.60254,-34.286552,14.382359,24.041288,33.250996,-72.51816
-1212.6968,160.87082,-118.4261,82.84531,189.60953,98.87294,-141.40521,-6.0778923,-49.628426,28.04217,17.032183,30.17716,-70.35005
-1220.7518,181.61368,-138.42142,92.186264,206.90178,93.82022,-127.60096,-35.67782,-50.125713,28.486805,21.085217,37.945004,-91.776566
-1189.4055,169.07161,-117.56886,76.00238,206.4346,86.00203,-116.1706,-18.825459,-65.73003,29.229158,8.046679,34.273384,-86.46837
-1213.437,201.68245,-116.87344,70.75459,206.94357,92.065,-130.25598,-19.673567,-80.893745,28.033922,27.77216,36.39621,-67.31216
-1170.0271,211.74306,-124.57382,65.970924,181.35927,102.22296,-117.095215,-37.44699,-69.86717,19.985329,29.185064,29.893463,-73.46788
-1162.9044,217.71732,-103.44597,54.408253,185.86127,86.753235,-114.47984,-26.44041,-87.85408,23.595861,17.703047,44.440697,-82.1349
-1161.736,228.08038,-101.51967,75.366394,163.70982,75.25963,-99.75954,-30.403961,-96.95236,11.41337,19.306566,44.12578,-65.15994
-1148.044,244.03954,-107.66751,67.40741,169.86993,66.72313,-91.261215,-40.93378,-82.46135,-11.695181,20.582699,52.38694,-67.16159
-1191.9658,262.11786,-81.11313,72.15141,132.60345,68.73133,-88.30553,-14.774929,-87.52433,-27.799984,7.007267,46.957005,-46.606865
-1228.2542,278.5664,-59.542847,38.314697,128.5285,61.96067,-77.11976,-18.945457,-74.4882,-24.469088,-21.14815,56.576736,-45.7228
-1409.4084,321.7082,-6.6416135,9.350771,120.169525,85.092896,-75.502884,-33.418846,-54.19922,-5.2819376,-25.746191,25.44843,-39.64006
-1709.9591,315.61688,40.754192,-8.387621,66.60013,75.520004,7.898388,-49.903038,-34.141544,21.646963,-8.675609,-5.040884,-20.247723
-1855.801,281.8684,71.16361,-12.915111,28.23891,44.941765,11.929003,23.456741,19.73141,35.815315,10.898698,-12.377365,-35.48272
-1602.9612,298.2507,1.6471292,-15.540158,-68.53168,20.208103,15.490032,-16.289434,45.796753,67.13583,4.390382,-14.095028,-25.247307
-1708.9355,306.90225,39.323814,33.516613,10.278452,15.734234,18.244894,-1.6495814,28.323738,12.802898,-41.35714,-13.438465,-16.22937
-1826.3096,361.56677,124.7664,6.5873923,2.7084527,1.6577448,-23.384556,-6.773347,24.959831,5.456936,-37.2497,-20.807104,-14.271706
-1855.9095,346.3353,166.05327,37.69744,17.893581,-19.42589,-46.00762,-13.661962,27.040958,12.933599,-12.177841,-9.079084,-17.861706
-1840.6991,336.45068,171.99785,65.820755,-6.6355157,-13.601672,-46.47496,-38.28631,28.810234,20.130447,-8.354508,21.103745,-8.824676
-1859.2646,356.18237,174.67424,54.698452,19.31662,-37.026093,-60.43215,-10.2838,14.750216,-2.6352434,-1.6569767,24.395016,0.7461734
-1849.5424,353.84494,176.74768,74.56784,9.878291,-57.338356,-71.64174,0.7101784,12.276312,-12.382141,7.776872,25.329124,-12.852148
-1791.5208,358.77307,154.85965,72.29422,15.447338,-60.877815,-71.16727,-4.76863,6.5116568,-19.852634,18.79843,35.331326,-14.470782
-1788.7317,359.30383,163.01721,88.90808,12.493591,-65.0225,-73.67265,-4.780547,-0.87264395,-21.88511,32.09695,42.13434,-14.234634
-1788.2239,365.40192,156.76822,84.01904,22.647596,-72.24756,-57.632393,2.9783583,-8.336645,-18.331242,17.891344,34.309177,-13.187328
-1787.4036,349.597,159.26668,82.34242,25.151878,-49.826862,-72.25032,1.2845469,-13.163897,-14.154734,31.746635,14.309204,-18.532564
-1828.1143,340.19073,161.20383,84.95621,28.449133,-52.239025,-53.11727,3.7543747,-11.303532,3.0000625,28.352455,2.5894217,-15.484261
-1863.7407,326.58868,121.88579,59.133347,46.33354,-32.59198,-15.213733,25.802689,-1.1371899,16.388992,12.052161,-14.161995,-19.161617
-1889.8723,292.89935,81.64522,49.322712,91.12333,10.878859,-1.2105665,46.65258,17.941633,5.0068264,9.95875,-11.539566,-20.399931
-1880.8423,289.16394,83.27992,66.50656,85.29018,-1.6678171,-7.2613463,42.264435,19.989714,15.106771,4.228473,-31.639326,-23.648249
-1878.5793,289.28076,79.484665,70.07788,85.10594,-14.356239,2.8137617,58.730896,24.74302,9.192375,8.564608,-24.128975,-28.842598
-1862.5461,276.58795,81.3938,59.475845,96.74804,1.652421,-0.45139742,57.13665,24.162903,7.5101795,-3.3837154,-28.986609,-29.232887
-1846.3655,282.3606,59.374,78.65381,92.47388,-3.042778,5.514643,61.734856,32.71678,3.6181183,-10.582455,-30.43721,-36.02491
-1750.1317,297.5235,45.828346,65.45453,75.386505,2.7786894,2.0480487,53.01196,41.05179,15.62406,-20.045864,-33.909866,-28.685379
-1662.3502,301.84772,26.45374,84.79903,59.613365,-10.443311,12.129401,66.62375,42.50459,8.234758,-27.629234,-35.189568,-30.687244
-1537.0479,326.39185,30.67337,71.493576,19.055893,-23.485481,-9.784513,73.13409,30.71579,1.4912367,-19.66029,-26.765423,-19.524635
-1017.6875,372.34033,-14.050972,34.225952,-127.97773,-40.06557,-85.545364,86.16066,35.01932,-57.073307,-31.139175,-18.890728,21.912521
-820.45557,337.97696,-58.39255,49.72752,-137.55266,-28.59853,-98.0061,85.376,30.74435,-43.816902,-24.986885,7.4617443,20.16911
-704.6481,316.33447,-91.48616,38.30261,-129.76883,-34.913067,-82.74974,70.37188,23.05669,-34.57989,-6.566793,18.898544,33.503063
-611.1979,295.0506,-107.830154,12.453377,-116.116165,-38.18844,-74.852234,66.30268,32.902596,-35.6857,-3.2298849,21.65131,26.534914
-582.55286,282.81644,-112.60933,13.875357,-115.47922,-46.820686,-72.60388,63.8581,32.280464,-45.21115,1.5608765,21.810522,24.73404
-591.0393,271.18646,-89.08461,-14.051607,-92.92724,-59.618916,-65.266174,53.84338,37.426052,-41.403244,-9.713347,30.416315,20.426804
-612.0548,267.7774,-77.88176,-27.45007,-78.55462,-59.937794,-76.04326,69.717514,27.678694,-44.642452,-10.129317,29.469471,14.615431
-660.64465,269.0926,-78.21807,-14.560556,-88.41022,-75.86034,-64.96952,76.60866,35.676632,-66.180466,-18.642765,21.062176,23.46999
-716.5038,284.18704,-77.34664,-15.187477,-91.26199,-77.5571,-56.87715,75.328606,39.0177,-74.892624,-30.625286,18.358479,29.059065
-804.48083,297.46088,-51.627125,-19.984179,-73.55261,-96.729546,-63.483383,82.1412,35.951836,-83.21155,-24.254654,9.425636,36.589203
-945.1853,338.96564,-54.248344,14.914621,-84.215805,-92.47687,-70.00932,72.15837,32.687237,-71.48074,-15.764501,7.1742783,32.031467
-1061.2712,349.67972,-24.296677,30.824005,-81.443245,-96.04183,-82.321236,88.65248,20.053703,-66.09183,-2.0022678,-5.771265,28.11938
-1285.9827,346.9664,51.37836,33.59257,-71.25399,-101.12193,-54.273724,74.710144,11.470665,-47.00638,-8.913442,-7.268202,12.017944
-1501.5785,324.24268,60.291824,25.207796,-0.05248165,-73.4188,-45.30578,85.35415,17.167793,-36.685867,-11.015538,5.545347,3.9151564
-1600.7529,262.82477,31.099747,45.42143,79.06407,-15.541409,-43.79802,101.74994,16.756495,-27.972706,-21.507746,-8.65219,-21.332415
-1625.0618,254.62521,23.049332,73.20091,90.50163,-30.122772,-39.602924,82.75409,4.8772745,-10.759493,-26.519773,-0.33280993,-14.975921
-1691.854,252.35944,16.966084,79.58162,104.749954,-12.959441,-30.968975,76.94351,0.24358273,-20.37843,-25.82406,6.7414236,-12.905181
-1721.2722,253.38939,19.794744,86.74826,114.80966,-22.580446,-5.6825113,70.62549,-1.6945229,-25.784187,-20.028528,8.955723,-20.305935
-1756.5359,251.40663,15.711919,79.574326,132.55722,-8.253826,-23.14103,70.12839,-11.75129,-24.35731,-11.024967,-5.3316517,-16.668236
-1798.8456,264.2163,29.677631,68.40509,130.65596,10.340502,-23.133926,64.8872,-7.102483,-34.81993,-9.727572,-4.045458,-14.592685
-1834.9889,255.21451,42.974903,94.49203,115.663,-9.245533,4.3756366,69.17682,-2.7637959,-32.326904,-2.848162,-8.287996,-25.822195
-1868.2139,261.18082,52.137432,81.33641,115.956345,3.9002123,6.7959013,57.389603,-3.0520096,-26.901443,-11.668632,-4.936328,-13.525478
-1868.9648,244.17453,59.02945,68.82181,127.26687,8.426948,-8.267566,54.98072,-2.130251,-31.681969,-3.4790604,-3.562127,-14.643942
-1917.801,253.66017,61.039402,94.951065,121.865845,-4.2453575,8.49068,62.610077,7.8465557,-23.752205,-11.507348,-14.977623,-27.666822
-1909.3345,251.77579,57.621582,80.201195,121.13557,5.211281,13.405954,63.75981,13.369569,-12.427214,-14.425328,-18.225958,-22.561745
-1938.2244,234.74107,49.858948,79.027954,137.95615,31.672018,25.162453,85.07732,2.0188117,-34.527737,-22.449358,-19.06628,-11.007082
-1949.5269,244.22261,72.45568,84.71922,133.99811,20.370815,3.4051898,71.45761,1.1278701,-29.215483,-5.2806444,5.002531,-12.931391
-1924.9824,254.34666,77.69145,82.18434,92.43974,-1.5282598,28.22691,80.204285,0.0177598,-33.990456,-1.245172,-5.9010305,-10.625311
-1940.1716,259.35544,71.20558,64.505516,106.336784,16.353512,30.302307,78.3159,-4.435297,-33.690136,-15.846772,-7.5585947,-5.99977
-1952.6179,242.99391,72.253296,60.90424,115.61401,18.225767,12.964073,75.72264,25.973366,-16.26358,-14.120708,-9.758225,-26.085579
-1963.8528,248.71768,75.588745,60.876053,98.4953,16.013933,22.432945,70.750336,23.694042,-14.008534,-17.357574,-6.5177965,-16.882023
-1922.7412,240.75668,50.07877,77.221924,121.358086,14.221936,19.907444,67.9364,-0.5728617,-19.244793,-5.9036026,-3.5245123,-13.61153
-1930.0507,245.1622,52.020878,71.70398,92.2456,10.537486,34.693398,76.56932,4.7486625,-21.530334,-8.705044,3.6140966,-13.418074
-1929.9926,249.50894,50.186493,58.283367,112.58504,18.493237,29.338242,73.0448,-9.664815,-31.08641,-0.123477116,4.6096916,-1.4732199
-1938.4468,259.98914,64.45483,59.134277,89.640724,-9.822675,15.134408,79.928696,17.33134,-25.29968,0.42310277,10.80097,-1.7007074
-1954.425,242.18591,64.433,66.90781,104.35086,8.660995,30.15224,78.59798,5.921261,-18.808437,1.6368903,2.5427885,-6.229618
-1952.7756,252.4661,64.79793,64.94696,102.97923,20.39154,33.995144,77.40622,1.3631926,-21.679785,-11.138055,-20.15756,-14.287345
-1951.0122,239.80168,70.309456,77.95137,112.56401,14.711787,33.942734,68.2186,-3.253593,-17.842125,-7.2445965,-11.119114,-12.036245
-1914.5791,241.44989,46.382877,91.146324,116.90468,7.999433,24.976013,72.83569,5.841254,-28.317307,-3.0569072,-6.95821,-19.033566
-1954.7046,262.86826,82.83001,64.34893,103.62465,3.263466,9.446408,65.97608,17.261667,-7.6844144,5.642632,-2.8923955,-15.896513
-1972.9678,252.07199,77.0229,83.11414,128.20685,6.0230045,6.464631,60.7074,3.698287,-22.410679,-0.4077377,-5.1768923,-17.09552
-1918.9089,238.30258,40.02716,84.39964,124.90356,5.7942867,21.418644,69.215515,-10.563547,-21.349752,6.0615945,-11.983019,-18.518412
-1959.9888,227.47502,68.40837,73.90991,115.81154,17.869812,13.7335415,57.349808,1.2480855,-16.997652,5.1377883,3.2253284,-13.771706
-1920.9397,227.82431,30.430378,94.035706,138.31784,16.861023,-6.2509675,16.429535,-14.926327,10.311968,19.122032,-15.029753,-10.751461
-1959.7174,233.97421,59.56592,72.96597,119.642365,15.992358,0.5966327,43.31945,0.37885523,-6.451994,12.782292,3.46105,-11.0541725
-1983.5669,246.71472,59.986008,55.61044,116.979675,32.955475,-2.4394383,31.825209,3.0520792,-0.2242865,12.42696,-0.5810769,-11.55306
-2017.1843,226.18268,77.32485,82.93614,107.745384,18.10021,14.48797,35.31838,-5.797842,2.8327572,15.912797,0.970897,-7.724493
-2016.2345,221.4433,78.345795,77.72308,118.975426,11.099253,7.8220625,53.914017,18.529202,1.6801553,11.970902,1.8745008,-28.793873
-2013.5237,238.69278,74.47049,66.56049,120.42668,25.16295,6.4919214,42.124622,6.825687,-15.132153,9.635581,9.795576,-10.784121
-1940.1335,280.62836,85.29429,50.22822,62.92054,19.134575,27.63558,25.881767,9.762484,0.20424604,-3.3215668,-14.006372,-8.923666
-1855.6462,268.09125,94.572266,103.96776,47.980476,-20.554232,-0.92158175,23.243464,1.9268503,-5.1222653,14.027337,17.98274,-11.233483
-1906.7036,286.71515,121.28306,93.01696,46.245693,-16.072441,10.367959,24.252857,-5.099181,3.193737,25.763983,23.228798,-11.588086
-1872.233,294.08838,95.55296,77.16854,48.053818,-24.356735,-19.41938,12.117151,7.9463453,11.941119,13.254942,18.74266,-3.8626404
-1874.9476,273.5925,98.29295,86.423546,56.29983,-30.426056,-26.831644,16.955986,6.319683,17.984806,11.859169,11.856098,-8.246805
-1861.1743,264.20456,84.26749,91.91702,70.71469,-25.928053,-24.551952,15.427168,-23.906713,7.8847713,22.057222,9.874508,0.07831001
-1890.1301,252.8303,72.94055,78.26123,95.124405,4.519663,-22.337795,13.993461,-13.757853,7.6778336,6.876641,4.053033,-2.692974
-1876.739,270.43665,66.54851,59.35088,94.20212,-5.0814724,-27.843307,36.450264,-13.363449,2.8516893,5.6112156,-9.905683,-3.878512
-1900.0007,271.08875,54.08293,62.974533,108.082535,6.369169,-17.142296,19.199848,-15.768638,6.7009025,11.748703,-9.432388,1.1388578
-1923.9877,271.74878,69.96136,64.46092,102.284294,4.057974,-19.874115,15.844967,-5.7486296,8.095869,9.156708,-3.8345604,-2.9690523
-1927.3893,259.57162,64.2127,74.48738,105.08142,-4.8749886,-15.988627,25.08257,5.4235244,13.889542,16.52737,-12.817568,-18.319258
-1961.3668,256.5423,80.52054,70.09697,90.552185,-7.738386,-18.829557,25.322384,4.3239717,9.992613,12.837533,-2.7850757,-14.188483
-1935.89,253.42969,79.67952,79.61044,101.60651,0.3048401,-15.153166,2.8076432,-9.147413,5.427722,15.335875,12.354547,1.8960891
-1962.5088,259.5406,87.4549,66.420235,87.252426,10.091182,-10.926529,16.864586,6.056245,8.91625,0.030578718,3.8407423,-2.3678067
-1953.3318,256.68726,94.773056,73.72236,98.942764,8.613148,-17.289053,10.854128,-15.689646,-8.676205,13.615367,6.732908,0.8137593
-1967.9419,244.25912,80.26301,70.56969,91.811935,9.014204,3.6762447,39.06575,11.314589,-3.9478111,-4.7442174,-5.0072765,-13.340132
-1959.0381,263.05627,87.50051,67.58635,81.82562,7.8928843,-7.9838314,20.570225,1.0208828,3.0112157,10.905192,8.373289,-1.7834628
-1966.3699,252.68202,85.93296,57.778755,78.65974,5.3326473,9.213951,26.696873,-0.3131008,2.1359472,7.3787446,3.349,-25.12866
-1939.0563,215.2205,85.670395,70.868805,78.652725,16.413498,0.8921232,5.8509917,7.625596,2.174502,5.037046,3.8194795,-17.373238
-1985.8262,232.21547,88.51234,95.13796,79.777115,17.046732,1.2745557,-1.3375398,3.1300073,1.2479943,-9.965409,3.4769,-1.8190079
-1939.7307,236.50879,70.433975,70.47923,88.40181,1.9942861,-2.9502857,6.0243797,14.007193,6.5346465,-0.668067,5.970555,-14.816626
-1937.446,268.9391,37.416756,74.14319,77.95482,-1.9137721,9.991394,21.983147,-1.6298676,3.5262427,15.059639,3.7533984,-13.6538925
-1978.3667,225.162,82.328476,90.3902,97.317665,5.8409214,-3.187302,18.135101,-2.8547235,-8.61824,0.52157027,9.959724,-3.7266674
-1961.7823,222.31396,74.03927,86.25038,78.53245,4.6844893,3.1446729,22.244623,7.608157,-1.6619778,-5.377079,12.404904,-4.3077307
-1911.1398,209.19875,67.42934,76.95641,88.772675,-8.493839,-11.643805,14.761038,1.9921408,3.9414377,6.5175843,2.9845552,-13.038928
-1958.571,237.63297,72.600914,86.90728,98.41103,-27.236954,-17.056717,27.93357,-4.6015816,6.699696,15.994407,0.01812315,-11.923582
-1929.6853,240.28366,44.90104,79.0576,109.95239,-7.172042,-4.682862,21.171467,-1.5473211,4.3892326,19.715082,14.442118,1.3078172
-1961.2697,239.40532,71.58945,84.163864,103.60182,-5.7119303,-0.21314275,17.92976,-10.452362,4.4711723,3.712147,7.7009487,2.796585
-1946.3722,234.05023,71.88644,87.30759,77.76449,-9.904495,-3.4530895,6.838012,4.9038982,13.812855,-5.2844505,1.3520446,-1.7131495
-1942.0247,239.73407,67.42621,87.875854,85.97763,-0.8876233,-14.986155,7.980229,8.088552,7.358018,-7.766834,5.915344,1.9861073
-1968.6597,237.79068,79.770874,79.99432,74.80348,1.8134432,5.836129,27.454138,6.529463,-7.5908365,-8.380977,9.568183,4.219496
-1974.9673,246.72105,96.81477,70.40549,70.55657,5.403328,8.932989,21.4964,3.738374,-0.6692662,-15.775832,-5.723532,-0.8881786
-1983.9385,243.06827,94.8557,67.87742,93.21243,5.5502205,-6.739009,17.052187,-14.338131,-7.138303,4.5415235,-0.74683,-8.879501
-1967.8058,238.68332,75.36145,59.8898,101.14148,17.905182,16.331596,30.352697,-10.213367,-21.1249,2.827382,15.702023,-6.3423424
-1957.9723,253.63568,73.12948,71.78688,96.91335,3.3394375,-8.766998,28.983707,4.440587,-7.769331,-2.2401032,5.012003,-7.5392656
-1979.6361,240.30887,89.46449,54.92546,101.43883,22.278248,-12.290241,26.161894,-5.761093,-15.848513,-0.6471719,3.4031734,-2.784977
-1948.8796,252.06587,73.08646,48.051224,93.63891,29.271698,0.30750632,22.618698,-10.4316225,-9.000242,-9.880257,-0.65326834,5.199952
-1963.5702,241.29459,68.95038,69.92832,114.430145,30.95836,-16.770878,20.064404,5.7731752,-7.6940517,-10.218423,-7.888323,-8.680446
-1960.5638,249.1915,88.83484,62.387955,90.974014,5.370106,-10.23711,35.31846,8.368992,-3.3589525,-6.6161656,8.234174,-10.440664
-1971.5613,249.10063,69.44298,63.604874,106.96302,5.249483,-9.244194,23.107605,5.75927,-2.918928,0.26696792,0.3524449,-18.860342
-1960.1062,240.91791,92.66945,56.941788,88.69568,12.8891945,9.649175,30.562283,2.7560177,-5.7169423,12.258056,4.8679194,-26.393053
-2006.6525,239.15738,93.55494,70.21807,113.425385,30.640848,-14.49741,22.478027,0.45584774,-17.500721,-5.98981,2.1621857,-7.947358
-1975.9944,234.35109,80.91307,59.351135,99.42145,25.335262,-1.7044992,26.907066,-1.8402259,-13.41509,-14.653961,3.5956774,-2.7810142
-1985.8738,244.01758,96.18739,64.998695,81.51338,16.479223,0.07471511,18.995695,-0.5321648,-5.916993,-1.166178,3.9904585,-3.9008434
-1936.3008,255.59045,58.235657,57.422974,104.43211,19.26323,-2.645004,27.008396,-7.7839813,-15.333115,4.118118,11.521252,-3.9944696
-1989.0288,227.80457,95.607,80.44437,90.81429,9.506116,-0.7759762,21.477552,-3.3983243,-16.685501,0.20565167,9.905777,-6.3409863
-1982.788,243.31927,99.47654,65.94397,87.800156,8.624002,-8.45969,32.287262,1.9983511,-12.985237,6.673783,9.670113,-10.304693
-1991.5227,233.16245,100.500626,78.94052,101.19715,13.241459,-15.111925,21.337685,-3.671697,-17.222546,0.4156812,10.804703,2.7925584
-1967.8905,242.64035,99.421104,77.69884,82.643425,-4.9799633,7.534914,44.60455,-11.661957,-27.181038,0.67644644,22.252571,-0.3922553
-1987.8834,245.13937,99.09727,69.3629,81.47554,-0.21496677,-4.9234433,31.429546,-5.8177333,-18.921621,3.6198227,27.546946,-1.0294957
-1976.2042,242.11487,90.883484,72.46585,96.196266,17.580578,-1.4545908,28.928768,-7.112855,-2.537055,5.4238224,8.602032,-9.746978
-1978.4222,229.02226,75.74643,73.51028,99.439255,16.108162,6.5407486,39.39457,-5.5814924,-11.872188,13.536332,15.829175,-6.0613737
-1967.7534,240.97278,79.124954,75.28932,94.65668,5.13041,-0.41592354,28.565857,-0.6653241,-17.586353,-2.0960612,12.917931,-3.840044
-1959.1829,213.15656,63.180748,87.44672,99.68694,19.109692,13.8258,27.072124,-2.9229853,-7.445633,4.705859,6.247306,-8.635687
-1934.9832,229.94066,108.64774,69.32107,68.809906,8.467892,2.6272998,33.26504,-0.5668965,-8.936813,7.633997,17.32098,-0.90878254
-1923.3584,218.36673,51.533165,99.44407,104.39363,-0.8749647,-9.228584,25.125717,-7.5644603,-15.273209,-4.460331,12.871958,-4.0524373
-1947.6047,210.13557,62.353035,93.91145,81.48294,9.741108,15.089993,29.241926,4.709369,-25.440971,-20.97878,18.574528,-0.45524454
-1938.22,228.72217,72.33078,75.28958,83.56398,-1.1949592,2.567421,27.967625,7.1983275,-16.08883,-10.712914,10.232058,-3.0891242
-1938.9073,223.94931,58.56549,75.21669,78.514694,7.0183787,17.716333,34.977196,2.9266086,-7.1504154,-3.8672168,18.046198,-1.8889656
-1891.6931,227.46307,70.128525,96.78183,74.37033,-10.98605,18.125196,30.721273,-4.1800184,-24.31157,-11.113649,25.045654,5.2124033
-1962.4539,235.85616,85.94854,72.23997,86.42956,13.431192,-3.7614453,29.48523,13.252531,-6.551569,-1.0610914,16.403812,-5.723144
-1988.5552,227.53012,90.88119,77.02719,104.36894,15.267466,-17.04507,27.86334,-1.2210062,-17.560116,7.1402473,16.111385,-7.991481
-1978.6067,230.01248,86.856,84.73358,96.82094,3.6423473,-22.948563,15.7259655,5.5028977,-9.130545,-1.647666,13.50358,-6.995134
-1917.499,251.59259,91.377655,57.0483,75.26022,3.2469082,0.03712964,38.410843,-3.717483,-22.888716,5.952134,28.336733,1.0326802
-1938.1721,239.73509,69.72934,76.31334,79.05429,-3.1321435,4.76993,34.90958,-1.5154371,-28.633087,-2.2110896,29.309746,-3.440425
-1875.1846,234.44261,52.63208,94.00392,83.2822,-5.2225633,7.8170156,20.19181,1.1363815,-22.80935,-3.4632432,38.056595,-2.3775716
-1941.9377,259.20932,104.40531,80.61792,77.28074,-5.192091,-7.8676972,9.00447,-3.5207195,-13.222215,-4.511828,16.267765,0.18827689
-1950.4585,261.87738,97.319626,77.10313,82.16406,17.265696,-14.079657,-2.7671366,-3.165279,-28.385315,-9.006289,30.913712,-0.025589705
-1962.9271,249.32855,98.32175,79.37091,88.784805,11.09635,-11.264661,6.3570094,0.5763259,-12.929542,-0.12706769,21.631496,-8.02009
-1965.4296,240.60014,87.20833,87.25248,88.80186,18.625006,-5.1309137,8.478411,0.2962612,-23.193653,-6.376962,30.47623,-1.939397
-1946.7876,252.98581,99.315346,76.49857,83.612335,4.2122693,-17.098764,6.7075157,2.4708276,-22.925241,-0.33638445,35.002983,-4.6501956
-1975.1514,234.6486,106.35747,80.4965,97.50311,11.716321,-10.409613,19.706894,-5.5149126,-37.572815,-5.1619563,38.71354,-4.434058
-1953.3179,250.98422,94.43048,80.44557,89.7581,2.4006636,-7.7674437,15.924774,-11.223705,-25.660995,-2.841148,26.928219,3.0407734
-1984.2223,241.61447,112.53544,77.08452,88.89705,14.345111,-9.671355,9.901419,-8.211637,-15.508151,7.6937356,31.346203,1.5737569
-1977.2953,257.3588,106.43522,62.63025,75.15967,12.4061775,-11.277927,8.144345,-7.085987,-2.8590627,19.368654,18.27353,-3.5769186
-1972.2319,253.95105,101.71005,64.7079,66.83387,12.059013,-1.4339285,9.105572,-0.38974333,-8.557317,6.459081,32.111294,5.128803
-1981.0315,250.49681,120.728004,75.75661,67.81367,12.200047,-10.498825,2.0259829,5.31505,5.7834253,23.525747,27.175785,-11.295177
-1964.0256,266.50174,105.67601,59.041767,62.958656,3.0061016,7.366028,31.346695,2.4524202,-9.428282,14.898809,28.01954,-10.337237
-1940.9402,241.09663,98.85673,52.995617,88.49724,10.778252,-5.4120045,27.965786,21.293365,-0.9883528,10.858851,17.499802,-21.148926
-1968.5797,241.4348,100.42275,54.241825,92.12262,3.922701,3.0122032,43.80472,15.256289,11.866691,18.726519,7.452367,-14.4005375
-1906.8202,205.81042,106.62082,49.457558,107.26158,8.33026,7.0537834,56.52289,5.1840796,-11.126101,4.019534,13.937811,-8.203104
-1841.1104,136.54524,157.1901,68.50722,92.68112,8.375513,5.247979,25.902912,-10.034575,18.265135,-8.614252,14.715548,7.6772623
-1771.7793,107.53583,145.90277,63.362957,102.24571,10.287391,0.35092354,16.998617,-13.485622,22.709412,-9.077809,4.786311,7.2789516
-1766.4729,108.05976,160.5289,47.42636,85.3553,25.344868,16.909582,15.793151,-20.765903,30.736689,-2.6875648,1.8155384,2.3469133
-1741.9387,98.87499,145.3902,61.42971,89.68918,2.2916722,7.4509006,42.685158,5.144953,28.183868,-12.273614,-2.9855146,-5.6221933
-1758.5955,97.504105,169.70721,51.731655,72.521866,5.5912123,8.836193,27.673042,-1.2196358,43.642727,-0.7085256,-11.426258,-3.8373318
-1761.5247,93.75372,159.22913,59.291386,89.13637,23.964123,21.35796,25.396944,-25.184784,17.756138,-9.586769,-6.201209,-0.35199642
-1793.501,84.181305,145.43735,59.573326,89.56287,14.836052,21.87437,42.963722,-15.958143,16.976997,3.4870582,18.227398,-3.0447578
-1802.8884,103.643105,155.46776,46.830757,72.34599,33.8887,41.407734,30.093632,-26.498571,17.667395,-15.064902,5.57448,6.119589
-1835.7559,113.37416,136.03162,39.22233,74.86665,26.359514,45.304775,55.464455,-8.639556,27.32715,-7.172258,-4.866678,-16.681175
-1856.1852,142.76752,145.2921,46.48929,65.68478,12.364262,28.5304,42.21923,-10.570639,17.882698,-5.393549,9.104006,-10.89908
-1908.718,136.52667,131.1081,60.226067,91.313034,26.176662,33.432865,48.170387,-18.899895,22.931108,1.4335731,13.057886,-21.258705
-1931.6108,134.52588,133.31305,71.51522,102.67099,40.2425,23.607525,34.183685,-8.08079,18.44469,-13.655393,7.6632924,-17.82085
-1937.2778,159.26955,137.02917,67.8872,81.47281,21.475254,24.023766,43.41816,-26.428383,4.2912755,-9.312213,19.715433,0.803092
-1928.3942,174.14427,133.41467,48.483444,76.78232,27.884146,32.450447,41.34653,-16.490852,13.89496,-13.769916,4.2189827,-15.426286
-1934.7915,165.4858,114.28371,57.955914,89.87582,20.678589,15.530371,39.662964,-9.109583,13.189262,-0.8085734,23.553959,-16.830736
-1926.7189,159.85577,111.42381,57.13948,84.32879,15.537664,21.37976,45.1314,3.3779688,12.759533,-5.730115,20.971397,-13.018529
-1920.4714,172.43199,112.336624,45.450966,78.92353,14.222315,22.633139,57.221508,-1.1885271,15.879804,12.057923,14.38156,-21.17374
-1908.366,171.67453,98.7556,56.91607,81.36635,9.227751,12.812094,48.61499,11.3161125,28.007992,8.228027,18.248585,-16.260216
-1939.6079,173.89026,109.72343,56.143963,83.27253,26.356169,5.0562415,18.172083,-10.294947,22.749058,4.554116,16.724346,-6.957321
-2056.633,193.41443,130.38986,48.323635,58.76635,34.924763,20.176834,19.60273,-22.075531,16.006912,-20.429491,10.581122,-0.3272276
