-1779.1111,-181.19867,228.14743,-47.033752,-23.727493,37.95631,-37.49565,36.14403,-37.44375,13.275457,-45.723286,10.194426,-1.7150688
-1784.2909,-94.68374,229.4729,-41.226875,17.641006,74.879776,-10.286867,56.413498,-16.372303,33.949326,-35.448643,24.343975,24.09623
-1592.7327,178.75124,49.99767,71.87408,209.93542,64.600494,-69.93251,26.311949,43.292587,-33.35791,-77.89788,27.360092,-11.838957
-1384.7314,232.21916,-25.339066,87.47533,242.98477,56.032288,-87.09152,1.7614603,33.14841,-64.34036,-76.12251,54.399517,-17.673382
-1166.1763,229.44127,-80.39708,165.99437,219.66516,64.35244,-92.798874,-10.963242,58.773827,-90.61913,-75.53784,62.158485,-26.683691
-1138.668,231.9841,-90.05638,191.31482,222.10127,61.682045,-77.92117,-8.141618,49.03849,-97.65316,-70.80671,51.447807,-33.5521
-1127.8849,238.04242,-67.25361,206.96042,223.4761,55.01171,-75.86605,-19.260006,52.39411,-96.97836,-61.352386,61.343998,-23.889984
-1037.5514,259.42792,-77.82728,179.37178,198.64561,86.65016,-88.243744,-18.449219,59.400272,-106.96645,-63.215145,61.6531,-34.085842
-856.1336,267.13358,-122.67012,164.89108,175.41006,82.25134,-81.5441,-20.82101,18.790764,-110.2502,-56.23583,51.45932,-17.546837
-698.8922,242.83511,-114.791824,108.4365,182.33923,78.31448,-66.78099,-35.951385,-24.175278,-122.59045,-52.07176,50.623512,-14.008159
-632.21106,261.62836,-120.74562,104.81255,151.5657,73.75127,-81.50033,-50.79107,-79.72891,-114.34416,-43.140835,34.62741,5.810795
-580.0736,301.16785,-139.0141,56.76492,88.20364,61.73868,-79.05957,-47.810005,-66.54295,-100.845085,-25.388317,41.544777,20.173164
-480.5907,241.76292,-111.9435,27.522312,35.824818,28.63788,-40.369255,-69.02734,-94.34799,-93.50306,-26.599627,62.339287,42.36038
-403.56512,201.32266,-87.41062,3.5269113,15.327576,19.363283,-58.895924,-86.27188,-110.04541,-82.78428,-1.6584773,47.023674,37.192184
-400.5907,252.71512,-79.83123,-32.12908,-34.743477,-8.766548,-46.83326,-69.023476,-98.437546,-69.54483,-1.1973972,34.08847,35.16655
-468.42194,297.26364,-78.910934,-30.570024,-62.310055,-11.962849,-39.65505,-41.22856,-89.91095,-61.55291,9.331877,25.397974,18.455624
-448.06232,285.909,-71.668045,-25.56297,-81.40033,-19.531641,-28.230484,-38.67014,-71.86481,-56.53876,2.645505,25.5918,2.8441315
-424.0432,273.49817,-58.14272,-39.933464,-82.69369,-24.538967,-22.994844,-33.568634,-63.87175,-47.975998,-1.5615481,22.367737,5.9337063
-410.28528,282.38617,-68.6908,-45.802517,-86.22487,-22.60265,-24.98452,-27.673744,-56.258953,-41.495377,3.5951746,17.55066,-3.1668053
-366.1687,264.79492,-56.757103,-62.009003,-67.6185,-29.027952,-41.660473,-13.198676,-44.313713,-45.023083,2.079238,4.5669518,9.284748
-366.80765,271.5451,-57.354008,-56.3726,-69.62829,-27.183758,-42.22205,-5.633749,-38.032837,-44.09178,-1.0904276,2.7018414,13.053879
-379.27206,276.79468,-56.606567,-52.885757,-80.82073,-19.064718,-48.153423,-7.7563696,-28.473661,-39.824486,-7.8753233,12.310051,9.265036
-395.48007,283.94965,-62.38064,-54.132378,-77.0219,-24.577936,-44.974167,-6.68764,-28.965874,-37.996384,-12.019198,9.475508,11.959694
-405.03232,290.6348,-54.7798,-68.16109,-67.51831,-28.711678,-34.23195,-10.660326,-21.785065,-40.79122,-7.2698283,7.358698,9.439169
-434.23596,324.68732,-78.94939,-55.78299,-82.74201,-18.016438,-34.229713,-9.131451,-17.536394,-30.874111,-7.577368,6.28568,2.4173713
-514.12854,361.034,-73.01314,-54.43566,-95.74627,-18.642076,-22.811506,-15.395628,-7.9809394,-28.467976,-1.8377712,5.212208,2.2635274
-628.36285,428.8208,-84.22891,-44.09459,-111.75496,11.610297,-34.335327,-23.220642,19.583576,-36.66126,-12.967032,24.115467,-9.1272545
-640.51965,430.58206,-81.72342,-28.69379,-135.31946,30.796413,-35.97043,-21.884418,25.44006,-39.438835,-22.375706,28.049307,-15.346252
-600.22656,370.57065,-28.715832,-44.5728,-127.495636,34.34455,-43.26037,14.350384,-2.835743,-21.727135,-42.00998,43.122566,-36.948586
-655.13245,380.60593,-33.64043,4.069844,-156.04596,39.44854,-30.310455,-1.9212894,18.724873,-36.51437,-23.171925,23.501472,-44.91975
-667.29724,327.57965,10.66028,35.80858,-158.94983,14.373787,-9.159195,4.6116295,12.789904,-16.945093,-14.761593,-2.6770954,-53.003433
-705.8075,329.98828,13.392979,89.95054,-170.61765,16.77679,-23.689083,-15.740275,34.149967,-15.900543,-15.575318,-3.001583,-55.449734
-730.0533,314.21228,36.6062,125.2997,-154.52734,-14.236851,-14.902084,-23.5686,23.17279,7.1776714,-4.6463656,-14.697451,-69.843994
-747.3324,311.4805,51.290154,142.72165,-131.49458,-37.980606,-9.436516,-25.699284,22.63618,20.700974,-9.4981365,-33.267624,-69.402084
-752.5845,300.93964,86.316025,134.80669,-131.92967,-44.79811,-10.410715,-23.354343,42.323883,30.653624,-29.820572,-42.522064,-68.932755
-794.13135,309.40356,116.15829,128.4915,-126.75052,-42.519974,-19.631416,-28.059853,51.19189,39.06006,-34.61476,-39.20685,-70.3129
-838.7375,290.09305,150.7217,149.63696,-111.78023,-56.85328,-25.409906,-37.066418,45.718925,44.829567,-24.158337,-33.37075,-68.667625
-876.6584,293.2033,158.88593,160.38484,-114.57619,-52.72661,-29.729073,-43.83763,41.312817,40.463257,-14.31896,-22.351576,-56.57886
-892.7152,306.43604,134.21884,171.8252,-108.15603,-46.884216,-31.55178,-57.344543,42.280907,52.813034,-18.832712,-12.737366,-58.052345
-934.75854,329.32104,127.571526,159.15497,-98.59186,-62.146328,-32.481575,-61.234154,46.991776,47.923676,-10.973156,4.8044834,-61.299057
-985.1227,345.94495,123.16822,165.47546,-113.229645,-60.93244,-30.325117,-70.270096,47.801548,47.858906,-7.506047,20.169033,-64.5316
-1072.9727,375.31494,120.601074,168.84895,-111.70415,-75.21011,-21.742485,-69.72253,47.906578,46.60821,-4.636751,24.674046,-74.78611
-1139.6677,384.22205,135.29724,143.11546,-105.21418,-61.620533,-31.333233,-83.5596,65.87962,43.300026,-15.81832,43.68493,-74.33879
-1171.0836,385.57086,123.49094,131.31561,-94.519714,-64.502014,-33.81564,-77.798515,52.394722,48.97438,-8.620377,49.084885,-68.26856
-1214.5677,385.0974,126.050446,127.92601,-89.33552,-71.10617,-44.565975,-70.737465,48.09005,55.31916,1.8419133,51.70864,-59.392082
-1200.8921,371.82367,103.64977,124.88484,-87.55983,-66.99279,-29.989666,-74.50168,51.067455,53.586258,-3.7350209,50.782806,-57.602985
-1240.1617,352.55194,107.029106,130.04031,-85.85831,-73.97392,-26.595713,-72.08953,45.46946,57.551334,3.1295693,63.216724,-59.873367
-1264.0161,319.6618,97.85466,133.61731,-81.82353,-61.78927,-40.70014,-51.602432,45.034813,54.65143,10.801583,60.527466,-48.555733
-1374.7228,318.23206,115.86013,96.892944,-46.4947,-49.118477,-36.864685,-46.237053,38.267654,60.815872,21.386044,61.61261,-46.995804
-1506.2246,301.03143,118.942314,56.86678,-17.537237,0.38555932,-17.589054,-73.38173,42.173294,82.20096,5.325227,51.233845,-33.695717
-1627.4443,291.14282,92.51128,-5.4356365,76.162506,53.209717,-9.010969,-27.615654,26.923927,75.37077,-8.301533,11.323345,-21.237625
-1645.2035,288.39746,81.88346,-31.274994,102.89646,71.977905,-18.921349,-5.871441,37.400284,58.636528,-9.505436,-7.0058575,-25.377037
-1623.34,297.31866,75.28812,-27.502008,95.47391,60.897766,-17.255178,-11.185757,32.29467,64.60874,-4.9682536,-2.1783695,-22.092722
-1611.2068,302.34598,74.72921,-28.268335,96.96548,59.479244,-23.103386,-7.496857,28.873764,55.5241,3.73551,3.0703106,-28.398972
-1585.4177,316.93057,68.4805,-31.272629,95.62013,51.79734,-15.118158,1.2281756,26.435286,54.722157,-3.7882252,-0.15293503,-35.335648
-1550.2278,322.32245,63.616783,-27.927502,79.97316,53.429585,-2.6886873,7.417403,31.028946,51.572586,-9.371506,-9.852449,-46.266327
-1483.9802,331.44318,45.091225,-32.259773,72.9817,62.522854,9.890385,18.251888,37.349163,47.21903,-20.081125,-21.017162,-58.38538
-1118.5486,364.47842,17.333538,21.841995,-79.92963,-7.6865063,13.630095,-25.447947,62.716984,32.142464,-32.746063,8.204313,-46.726215
-771.547,372.3817,-63.49478,26.083963,-153.28043,0.095541,23.812054,-12.898443,60.80983,-16.113913,-39.874874,10.839659,-23.403757
-650.4834,357.24384,-108.90698,25.225756,-133.19434,3.6221337,17.676449,-16.19881,54.614452,-23.001104,-31.123264,17.93036,-17.066189
-573.0329,328.27563,-115.31631,22.279095,-126.42526,-0.008564949,14.038382,-19.793282,43.28862,-21.655426,-31.334898,32.882286,-21.599121
-545.8686,317.5694,-124.08464,26.15562,-150.49527,9.724804,11.548353,-25.405588,41.02442,-39.67501,-10.540055,16.78633,-3.2834606
-563.15906,319.93292,-129.72943,30.439531,-163.95255,23.682438,2.6776867,-31.231638,34.348404,-25.886082,-21.087729,18.75272,-2.944642
-584.3549,319.7965,-138.21846,35.62153,-167.04807,12.81373,6.495098,-18.848738,20.27858,-25.60616,-22.995832,27.871449,-3.296502
-598.1875,322.6212,-150.79456,44.179325,-172.97145,4.7814627,-10.7411995,-21.698244,23.234516,-42.357094,-15.499777,40.756584,-7.7895947
-577.9961,307.97464,-150.70638,52.87586,-178.29826,-11.803661,-19.392189,-23.463945,16.39822,-44.104218,-18.817856,44.499054,-6.6328545
-566.5877,306.71198,-165.86368,65.86806,-181.54652,-7.893282,-25.5102,-22.09568,15.712618,-46.271324,-5.0203114,32.13327,-4.3464427
-569.34033,313.59296,-174.29675,62.987934,-184.55493,-0.13601685,-18.273916,-17.52366,14.926771,-53.41092,4.0988693,31.54013,-1.8365045
-595.1105,316.5681,-158.31201,60.16497,-185.53836,-7.6158924,-9.985689,-10.403021,5.907558,-47.54288,-0.66194016,31.730816,-5.855602
-592.47626,313.8294,-165.39972,60.45757,-186.98235,-6.1127872,-0.10480118,-7.5250354,2.9431238,-45.407005,1.9898275,33.974358,-6.2518253
-593.59564,309.31573,-177.09433,66.980354,-184.64955,-6.7873573,2.8149624,-4.6524696,-2.3496141,-52.27059,12.604803,41.02755,-12.804954
-600.22906,300.78864,-190.24536,64.68667,-166.16638,-2.7551556,-10.7704735,-6.782002,-7.8024645,-52.649857,10.797027,42.18219,-3.3738165
-643.7777,294.4275,-181.54,53.646557,-141.63394,-6.2354918,-14.321949,-10.191896,-16.96536,-70.539,17.855734,67.3356,-16.06428
-700.39404,306.72363,-197.16168,29.144068,-120.06371,-4.7598343,8.552645,-25.174026,-37.51719,-79.72562,20.506485,89.94278,-11.93483
-800.5784,283.53625,-185.13919,18.216026,-90.86127,5.5560007,20.17844,-31.471863,-44.53997,-85.288315,26.011347,87.51665,3.1770153
-1015.881,266.21082,-156.11589,34.993656,-43.009594,2.360861,14.071026,-32.96801,-55.46852,-71.006485,24.198315,93.78999,6.4330425
-1172.5674,219.05682,-110.05177,53.935135,-7.3191032,35.571728,-36.70678,-57.69654,-35.068623,-54.884636,10.772563,53.51908,5.544057
-1296.2529,173.85757,-93.38835,82.72969,14.188879,1.8260056,-31.906536,-38.00199,-51.377472,-43.682774,19.985008,6.1503906,-31.215525
-1325.9703,198.4253,-74.43676,76.63199,64.99437,25.055695,-67.13649,-44.67965,-55.14823,-50.987038,21.298195,-9.080175,-24.501152
-1390.9259,192.83662,-58.81034,81.06361,100.182724,42.950413,-68.22605,-46.675617,-60.567482,-72.445816,3.8744788,-0.8943901,-28.527122
-1208.8425,180.88843,-110.81745,129.40875,95.8145,79.96237,-87.97017,-56.61562,-34.82331,-96.11737,13.912905,-17.161003,-56.52495
-1126.7511,174.34087,-108.31981,177.70152,103.56409,89.36628,-77.57389,-46.775017,-11.208519,-96.33341,7.45192,-5.5209045,-63.38922
-1047.7761,178.29764,-92.04788,183.57082,89.92622,103.64285,-80.60266,-33.671066,-7.2425795,-92.38905,-4.1253524,-4.647705,-39.097393
-1003.63855,153.71852,-107.43362,222.78984,101.222855,104.50577,-91.45739,-11.955104,15.355708,-106.61264,-7.8851643,10.752838,-40.073746
-923.03076,126.24386,-119.272354,237.461,111.383286,103.73517,-105.033394,7.649485,24.16135,-90.45471,-19.86076,11.1031685,-51.081608
-952.49493,119.49813,-115.73245,245.57684,121.54745,113.62427,-95.917984,3.2742558,22.953117,-92.98505,-25.596205,4.0252914,-40.85959
-963.4374,120.71211,-108.47595,236.19598,102.69721,120.05179,-107.39818,-5.6294537,44.174217,-99.40761,-33.005825,28.618286,-44.827003
-968.0774,120.80333,-131.14334,239.31499,107.954544,109.731094,-107.130394,-6.300935,34.26762,-88.09711,-26.831139,18.270859,-47.994984
-987.31445,121.20732,-143.89835,239.13422,102.72294,108.799545,-106.340935,-11.801907,31.142399,-95.89833,-22.476097,16.752151,-44.811886
-995.6618,137.42079,-154.03262,234.31158,91.959145,106.82994,-118.65919,-11.339736,35.818428,-95.824646,-15.237106,21.416779,-34.470016
-1013.81506,119.49764,-134.5871,213.67479,98.47405,120.96811,-120.71184,-21.878897,46.035072,-100.1348,-16.928406,31.15409,-47.27736
-1025.3688,118.93435,-138.52518,212.28839,93.32686,111.617615,-116.46956,-19.492199,39.650707,-101.048676,-19.148342,35.36238,-37.757107
-1026.9971,129.31242,-149.88501,203.64626,100.53592,102.27677,-111.7597,-19.27818,25.117306,-87.08865,-14.951284,39.220707,-36.491016
-1076.4841,148.1374,-155.76492,200.46268,87.82913,112.06073,-115.277985,-14.902886,36.723972,-95.11659,-15.062595,33.952915,-34.442516
-1017.7053,131.01617,-158.66159,211.8076,67.89314,124.53173,-103.55478,-19.195099,32.83728,-89.14059,-16.493906,37.886543,-40.57096
-1021.9707,138.32008,-151.6148,203.90164,59.804203,121.92916,-95.73461,-30.999363,20.953266,-71.14984,-13.520752,40.047676,-29.9757
-973.07043,133.8854,-163.73517,214.58936,44.704292,130.68011,-85.02195,-46.571968,25.765804,-62.68782,-13.870501,48.65165,-44.99927
-1001.76697,147.60016,-161.77316,193.72507,57.863968,140.08868,-80.901855,-53.67511,25.754292,-55.08559,-26.983208,47.285,-40.57504
-1050.8215,184.98074,-143.383,167.60315,46.876614,142.78207,-63.208923,-77.24973,30.05162,-52.381218,-16.842081,48.408028,-34.190697
-1044.0795,185.64772,-155.54924,165.82996,41.51882,151.48634,-49.327484,-68.80733,14.756329,-52.567463,-24.472094,32.290623,-35.357426
-1099.3811,221.85065,-145.79822,139.82556,34.382557,138.64847,-17.844347,-82.25249,3.0423717,-42.85189,-9.58473,33.34025,-30.822325
-1228.3087,232.98557,-129.02734,110.57589,23.786304,143.48024,16.018982,-88.57489,-8.629366,-25.798811,-7.3932066,24.224829,-25.361124
-1492.0785,238.93254,-69.61088,81.80226,23.226421,114.477516,71.59979,-67.97044,-25.724182,-23.222023,8.540611,37.389477,-22.880547
-1755.109,259.6528,30.925,35.070286,57.35948,87.50271,56.593678,-15.184086,-13.305103,-20.291067,-5.8150945,44.82409,-15.064678
-1864.7837,261.2729,89.64087,43.624207,73.70044,58.55382,30.341064,-5.8275967,-16.681465,-14.878097,4.7864037,42.706562,-10.860649
-1879.2252,254.98901,90.04076,43.184998,75.51311,45.7751,29.677711,16.697433,4.862818,-15.911843,-2.1820252,24.92669,-8.923534
-1878.1742,268.35083,95.23413,25.259773,69.612724,50.516293,36.428596,26.793644,4.027273,-21.646873,-3.3475885,26.503479,-10.751277
-1620.0437,236.55641,-0.6691411,87.53508,-36.393303,26.2842,72.651596,3.1885128,-20.859684,4.878518,6.1732616,-7.6292315,-4.4060526
-1452.79,142.12343,-28.7953,131.05635,5.0586777,63.816673,63.59837,-4.2873573,-28.139706,-7.1890774,0.98954594,-4.0627823,7.611126
-1341.2904,187.03842,-43.198837,114.234406,26.250755,94.47502,43.56057,-0.5250082,-45.633305,-20.375584,-0.2224922,2.4731169,-7.312649
-989.1238,246.38565,-134.92554,137.84703,28.268444,121.93834,22.678658,-59.58402,-44.992508,-42.10646,-25.925415,16.571814,-30.733109
-810.9689,235.24017,-139.67143,123.41466,61.376186,159.50348,-33.148254,-67.76588,-34.277843,-49.675156,-37.752922,30.982344,-35.82535
-772.8322,240.52522,-132.38742,123.84861,62.704285,164.106,-38.306244,-75.43266,-40.46691,-49.63185,-52.876198,44.334023,-43.709908
-785.94824,260.89856,-147.52307,130.20377,56.790375,179.92838,-49.34931,-83.40027,-30.900906,-48.56266,-51.80775,35.59855,-43.800907
-753.3266,235.85422,-135.93024,130.64337,66.44821,180.26068,-59.214264,-91.017845,-19.772245,-60.138847,-48.432945,41.052048,-36.031265
-767.21936,250.39194,-155.32762,133.23105,88.287415,152.0147,-52.46134,-86.814095,-27.547668,-66.906265,-30.116808,38.09117,-44.766304
-768.4604,239.93404,-158.29022,149.18866,73.90035,148.38692,-65.4792,-69.606964,-31.003757,-75.07608,-31.88363,47.117233,-49.677715
-886.1368,292.34396,-161.87381,133.78616,98.893364,126.07194,-68.148926,-60.569016,-24.118109,-92.72678,-30.328283,56.263054,-51.069145
-902.03906,277.0935,-144.99896,133.70522,77.4379,133.11343,-74.389244,-62.22902,-28.0121,-96.34042,-18.471905,47.806458,-40.75798
-918.97034,284.70074,-146.48322,134.45505,64.88075,125.70737,-64.599915,-61.448395,-24.21521,-99.62862,-18.274069,39.13692,-37.73693
-917.931,275.74902,-139.58339,131.34766,61.789753,124.951965,-82.1325,-49.6996,-36.348724,-99.22648,-12.744929,32.505043,-29.81157
-905.8772,275.0371,-150.12808,121.580315,76.54193,108.66288,-84.2633,-38.69819,-53.425785,-90.49664,-9.656716,38.581696,-26.644985
-923.873,267.74646,-145.0666,117.62492,59.183067,110.01696,-63.652084,-49.82377,-63.71604,-67.151955,-21.946571,34.667763,-21.293089
-911.2169,231.5725,-128.80417,124.96609,38.66031,87.85155,-29.49578,-55.866974,-73.93716,-41.262123,-25.136932,35.636482,-23.278267
-1140.0121,261.9272,-94.403824,76.44522,37.353134,97.35234,-16.88771,-56.180817,-51.393684,-33.51292,-26.159918,34.043507,-17.676584
-1725.567,303.83435,87.917496,34.78341,80.466675,47.66872,-17.561407,-11.664046,-14.191002,-19.904995,7.050243,26.896847,-27.207531
-1737.0813,300.036,68.23526,28.51527,88.833725,61.80817,-9.97547,-19.653252,0.92140007,-16.127457,3.1153567,15.494609,-47.306297
-1691.6462,322.5977,59.546906,9.802663,67.03462,62.979965,-28.540688,-5.994223,20.433449,-36.223137,5.288716,26.616632,-49.69442
-1691.846,319.4337,51.631397,16.802164,59.011795,63.841316,-11.337271,-9.932802,16.07225,-41.22715,3.1058922,20.4033,-46.2176
-1693.9484,314.3188,44.854576,14.84439,62.248447,65.78548,-5.9216785,-7.1230717,17.279945,-39.65839,-0.045015533,22.277302,-48.577156
-1647.446,304.8153,13.153912,20.623436,83.345825,71.08068,-19.566675,-4.564705,26.947283,-33.40866,-3.3122215,1.1985836,-57.706696
-1659.0615,305.26007,17.31404,9.58643,83.83412,73.58367,-24.839485,-4.2763767,30.065136,-40.452637,1.0494282,17.618422,-48.68851
-1650.4078,303.43573,20.086327,11.513086,86.40231,84.872734,-20.705301,-0.43175054,30.656473,-36.566353,4.934943,12.357012,-42.84417
-1666.627,315.67163,11.118486,1.7670937,99.64847,89.66757,-13.965242,-3.251011,16.823439,-32.73478,2.3959587,4.9003935,-42.804733
-1653.6099,316.1285,7.3129663,-0.19544697,90.24315,92.03874,-12.781396,-16.268578,18.783638,-28.665743,1.6274267,12.997992,-37.552246
-1695.1675,313.8673,38.370525,3.3530126,80.63551,70.12804,-14.025017,-3.6473289,21.416729,-29.736671,-0.7375125,18.792465,-37.804516
-1652.1571,307.75885,6.9853163,3.6179054,84.63504,90.72928,-11.291968,-15.378616,25.655851,-22.795912,2.005105,8.100477,-38.543777
-1727.3883,302.7754,35.17309,6.2213836,91.425095,69.703384,-15.455097,4.594927,26.885834,-33.7563,-6.780794,22.407217,-41.474205
-1694.6135,289.16028,3.4638453,32.07047,102.8816,65.42203,-27.540466,3.2860806,35.9833,-36.03524,6.398271,13.481489,-54.414604
-1661.6749,283.57526,-8.320522,6.5199957,92.41673,84.37924,-9.371525,-6.8318915,28.85438,-33.97097,0.4502396,11.146452,-49.894264
-1749.9597,292.46893,46.534378,16.5653,90.10724,66.52299,-28.338482,-3.5919573,36.44783,-29.12551,3.7937288,25.75355,-47.675156
-1735.2689,294.22467,45.64099,23.037899,92.99059,56.308556,-36.594093,2.35362,29.671345,-36.6856,5.019536,30.790945,-42.858204
-1484.0347,254.679,-76.33701,55.831406,81.1716,36.981873,-4.9983306,14.885445,21.0426,-42.60839,12.68568,24.799477,-52.565826
-1312.7351,285.94226,-76.67423,66.81038,38.94484,12.04858,-19.060753,-16.445305,-4.49422,-44.3509,-0.11137962,39.009613,-27.400696
-1234.7684,270.72363,-80.8065,75.237045,23.88868,25.61984,-17.387215,-14.651764,-12.668685,-27.853367,-4.2803936,36.912548,-18.838112
-1081.3472,262.8341,-136.91202,99.38906,-17.838272,23.12186,2.8508215,-14.276024,-4.2715607,-34.21592,-0.8406415,29.69358,-11.260013
-1064.8464,265.21698,-131.797,96.24403,-39.84517,21.590025,10.600564,1.4112015,-6.958723,-49.62977,-8.8055725,39.15403,5.262432
-1056.1736,288.5575,-125.7574,67.00424,-62.38443,23.156494,25.57051,4.38266,-11.609016,-63.64989,-4.775015,59.4249,-6.728222
-991.09503,291.9944,-120.203705,78.84735,-113.79265,8.61194,28.7427,5.9448156,-3.3625808,-46.53692,0.63979995,38.844337,-8.308743
-1026.833,306.74994,-60.608692,32.87323,-118.42512,-13.480711,24.672096,-4.9619837,25.28406,-37.544456,-15.301362,42.24755,-13.698538
-964.6553,351.31305,-92.80668,34.509808,-143.53705,-59.949516,21.056347,-5.544366,50.34896,-28.392857,-34.100574,33.54026,-17.064646
-1025.4136,378.15942,-67.25771,45.75116,-170.52199,-97.98048,19.307354,5.185938,63.27551,-5.537163,-58.724846,38.69841,-2.3397408
-962.3218,370.92377,-61.35211,42.686752,-180.92792,-112.94337,-23.766129,9.875002,70.250694,11.607471,-62.293705,29.686077,1.8618927
-1011.5293,373.03436,-37.694405,47.440445,-181.77478,-127.64917,-67.01724,32.571575,89.04811,-9.439508,-40.47686,39.614388,-1.7183647
-1014.24146,366.8363,-37.019527,70.85008,-186.69888,-147.64548,-84.024826,41.779884,90.44739,-13.482822,-28.380072,43.023365,-5.764492
-1033.7601,353.69174,-30.15004,46.285805,-148.20209,-146.23273,-91.55027,36.22024,79.868195,-15.122462,-11.333283,46.30277,-3.0293884
-1125.0347,364.8723,-19.543037,65.44182,-148.55307,-162.15016,-126.06891,62.314804,91.16362,-17.1137,4.875009,33.829613,-23.445026
-992.9953,287.98456,-43.950367,119.278275,-208.11212,-143.85078,-71.19796,48.8577,75.28081,-2.1882138,9.945254,15.303614,-6.758095
-1084.7135,346.40662,-3.2640238,32.940952,-168.206,-115.07017,-115.61588,64.84684,106.509705,-18.265942,-12.836465,37.655956,-5.1167107
-1003.64026,344.85254,-8.443093,6.1964855,-184.20267,-87.54512,-106.9146,61.94348,93.55543,-13.912469,-26.006798,36.6867,1.7399368
-948.2537,354.2602,-27.88739,-1.460578,-214.2938,-57.270958,-88.95059,54.19806,83.46631,-4.546649,-31.692247,26.90855,10.638729
-905.4326,377.18808,-49.169937,-24.46178,-215.74706,-30.226091,-77.92157,52.906536,76.427895,-8.8195095,-38.381046,24.963434,18.831284
-880.4707,393.15057,-82.453384,-32.533295,-201.17992,-33.51673,-58.13886,43.627644,63.748127,-11.996054,-52.80431,37.814575,20.144619
-816.31445,386.87885,-98.702286,-23.976538,-208.78304,-20.191135,-42.614723,31.011642,52.107563,-15.037036,-61.631817,45.031742,15.973652
-802.6273,386.30972,-104.5844,-26.969337,-212.14616,1.1055222,-30.406868,19.71194,51.515156,-30.829586,-50.62407,45.693653,11.886097
-768.6403,373.62195,-108.03466,-24.90781,-202.49149,-2.8826714,-11.288021,9.319739,47.800564,-49.500122,-31.146646,38.832405,11.155827
-755.8816,360.3003,-120.47482,1.4686546,-198.71182,-5.937252,-11.926496,12.629414,31.083214,-61.659355,-25.836973,49.270287,5.8046227
-709.6602,351.83133,-160.76056,19.41357,-181.37395,-24.606102,-1.3787603,18.829311,27.792046,-89.52866,-11.237757,63.09002,-7.7181396
-719.2831,354.88672,-161.89268,29.361012,-175.2969,-13.955031,-3.558197,9.532513,27.02461,-97.63865,-2.4640214,68.04299,-5.496626
-695.1706,358.1156,-189.2555,35.644886,-182.32625,6.739135,-0.80818224,0.39628935,5.3781204,-92.888756,16.04165,57.740456,0.24626708
-717.9715,349.26807,-184.83244,44.157043,-154.17645,-1.464529,-5.904314,0.3339138,-8.20611,-105.375046,32.68876,58.853104,-1.5095687
-725.4778,356.47253,-197.53317,41.9327,-138.45111,2.2707005,-11.75341,5.387403,-22.618137,-105.63157,40.90503,58.432213,0.059321404
-726.3085,355.7234,-202.36725,49.97657,-128.70793,-0.055986404,-8.853188,-2.0369163,-22.457727,-103.61185,39.611614,64.888565,-1.1223164
-725.6099,345.84094,-201.55731,47.826447,-105.54184,0.29417992,-15.993579,4.148335,-36.17183,-100.88127,44.686317,69.66353,-3.4853344
-732.96533,336.12564,-203.00534,57.180233,-97.47061,4.787739,-22.569778,-3.3345113,-42.10531,-97.39899,49.603394,64.91489,-1.3449688
-743.95233,327.20007,-202.07658,67.27748,-89.66815,15.940765,-38.26764,-10.01247,-50.852528,-87.317924,51.872604,64.58239,-3.1017113
-754.02563,298.78998,-186.45328,70.98712,-78.04207,21.000744,-38.697506,-7.5324,-62.323784,-76.9937,43.136105,74.406235,-5.029976
-839.0401,311.28427,-179.5653,67.2954,-50.015484,28.020535,-53.12433,-18.69419,-40.44568,-76.63374,38.945404,63.647476,-0.09150505
-1047.8398,302.87878,-145.72316,41.62359,-0.57527554,17.682043,-56.44485,-12.585758,-49.819046,-67.42641,35.38337,67.9196,-2.3275356
-1500.3593,329.23303,-43.9849,4.1688013,77.30819,78.88866,-29.80548,-39.813366,13.912425,-46.02849,14.941477,53.611176,-19.48486
-1590.4757,323.53152,-18.483059,16.092236,99.53627,60.063507,-47.47741,-33.18436,24.651428,-29.541557,10.263426,29.188133,-25.114819
-1650.5903,313.7646,3.9470577,12.249495,99.958984,69.960556,-42.100067,-26.061646,25.360306,-29.495235,-0.791008,21.526756,-31.56327
-1686.4069,318.80408,35.966305,19.766026,94.50713,52.8089,-47.464455,-30.11081,32.219067,-12.79537,-4.519048,14.552046,-31.780186
-1724.5416,311.80463,56.341248,25.666262,88.95483,53.50028,-41.15371,-28.365255,25.71518,-17.130253,0.17770594,12.717529,-39.131966
-1742.8306,332.92517,64.54222,7.2719827,102.09166,45.63429,-39.668636,-17.2885,8.098139,-12.101135,7.2807446,8.983086,-29.700075
-1743.745,318.91937,56.02596,20.029818,123.429756,55.89891,-37.33109,-12.866892,9.710562,-20.205475,9.024589,9.989289,-42.103592
-1638.3167,321.51233,-1.2609113,21.376305,140.74442,63.687534,-44.205902,-14.246277,8.449219,-44.464043,14.575273,42.638405,-46.468163
-1277.5837,284.3145,-134.4749,81.65629,140.78058,83.87337,-93.6369,-32.86508,24.350983,-80.81942,18.250988,55.74839,-58.09468
-1087.4985,232.6923,-156.07072,119.889175,130.20554,104.2883,-122.69489,-60.03545,49.267918,-62.530525,9.500348,43.24739,-58.3492
-1112.0386,218.47324,-139.1207,165.00294,98.808945,98.62012,-126.886696,-45.08139,56.611023,-81.56766,5.811963,51.88628,-44.038383
-1119.5034,218.75302,-141.96931,165.08194,102.540665,95.322365,-135.00287,-32.306194,60.192078,-84.43018,1.7617787,43.893135,-42.650253
-1100.5493,197.54338,-133.12286,186.92426,82.29626,94.73709,-128.4265,-44.33609,78.88436,-92.8993,3.630106,46.90986,-43.771973
-1133.4784,211.34512,-146.26343,201.97537,86.11183,87.788315,-111.38091,-50.849514,77.84114,-93.79712,-4.722648,47.431793,-33.05742
-1129.8191,202.09756,-152.80981,209.19904,90.38132,71.63569,-113.81279,-46.508698,71.13823,-67.07092,2.8366232,25.63255,-26.461533
-1149.2463,210.99536,-146.45485,198.26358,76.94845,80.05176,-120.153244,-53.181396,81.7928,-73.762665,0.52488065,35.093475,-26.654171
-1174.2999,209.60481,-136.87093,194.10872,85.88995,67.25289,-119.20218,-42.692055,76.279045,-63.634335,-0.8117476,31.747974,-22.778511
-1238.5563,237.65598,-140.03598,177.68913,113.30548,54.654526,-111.88107,-43.303307,56.564842,-39.95765,2.063401,8.20112,-5.550001
-1245.2295,250.80807,-142.00424,159.5116,117.35397,51.902824,-107.70645,-51.951054,53.833225,-28.337425,-3.9875152,9.627651,-15.26115
-1255.0454,263.25708,-132.27917,137.27063,122.34191,57.300003,-100.48222,-61.216183,45.691036,-16.023874,-11.495523,17.250761,-23.46584
-1244.1387,263.5168,-125.79283,136.29361,113.026535,67.46526,-102.99092,-71.60801,45.776028,-12.47708,-8.001068,17.023613,-19.55466
-1237.6332,257.96008,-114.61267,129.42369,100.93863,67.80031,-97.43938,-67.58409,40.0395,-0.18619728,-17.02317,24.21771,-31.267124
-1349.6023,264.39932,-68.201904,92.83583,101.38126,63.636215,-75.61899,-50.661366,3.44771,17.394676,-20.884659,33.151627,-23.78971
-1727.11,307.23776,45.203865,31.890331,117.65771,62.326168,-42.480137,-21.638313,26.68104,1.9164667,-7.755103,15.592109,-23.483671
-1772.1035,323.131,75.08713,21.837067,108.93004,58.946133,-45.341873,-20.563234,22.148727,-5.498631,-8.411619,12.873465,-26.384888
-1774.6375,333.16794,70.231575,8.453676,116.78429,51.16896,-33.654068,-10.470888,11.615307,-9.810881,-5.2705855,11.399763,-15.841179
-1761.481,327.93274,59.41937,7.676321,120.955215,52.55251,-35.18135,5.7230716,20.131344,-21.18789,-0.055987198,7.5852776,-28.74525
-1716.8597,325.7611,56.17021,8.341395,103.38426,55.542645,-26.682467,9.234748,38.042984,-26.508776,-8.238081,17.20355,-37.17031
-1742.8384,321.9813,51.142998,7.9449263,104.23678,63.975487,-22.914494,12.580085,38.733894,-33.023895,-12.66857,14.294568,-46.440315
-1717.0076,323.1928,39.213478,13.223949,107.4411,57.324627,-28.73533,6.900236,27.540707,-26.23354,-3.2342143,17.13047,-36.00025
-1747.1914,314.95593,49.31431,16.102774,117.28768,62.41115,-33.92427,7.010256,34.10299,-25.983263,-1.3600073,11.632055,-35.34836
-1769.8002,325.4851,59.79631,10.0781975,111.51147,54.78289,-31.152184,5.6068263,32.451263,-13.15662,-11.944673,12.551617,-32.088745
-1764.1265,310.79755,46.462727,13.445057,114.29756,61.37798,-29.496584,1.5650034,21.214657,-18.432213,-7.538094,7.316547,-35.0796
-1776.8455,314.90674,54.831337,3.39111,120.60393,71.21382,-31.433487,-11.367287,19.147041,-8.595319,-9.449114,5.9384985,-30.681091
-1757.5293,314.4491,53.36605,8.342993,118.85612,63.342426,-26.749908,-7.150091,20.667953,-21.072826,-3.9469726,13.739376,-28.565918
-1759.5829,313.79074,52.23738,7.801167,104.46608,77.79621,-28.500458,-11.757017,31.407242,-24.123156,-6.579537,20.751944,-36.40371
-1762.3518,318.6409,55.12033,3.1948614,118.25029,70.34227,-34.315613,-3.1347895,22.781773,-31.644283,-4.1709433,23.062447,-31.866947
-1774.7493,326.29358,57.651672,0.18264103,120.55461,65.36339,-35.597687,2.0385249,21.016531,-22.884655,-1.5005182,16.082478,-22.52223
-1764.1277,308.69888,44.304657,17.336079,115.35354,77.29164,-31.449902,-6.062466,23.583176,-20.21809,-3.0913708,2.5119839,-36.103905
-1771.1768,311.35406,46.3574,-1.5489643,116.52551,77.371124,-33.563194,2.8235955,29.600746,-38.46256,-3.858531,13.034076,-40.088005
-1758.501,314.45123,50.56353,-0.12628508,112.56308,78.530304,-24.796679,-3.1981065,32.916565,-25.964096,-10.196714,10.570634,-40.00064
-1765.5044,313.4885,52.13244,-2.370812,113.314285,86.25456,-32.188877,-12.016935,34.665043,-25.250265,-8.653705,11.780817,-32.908344
-1771.5044,308.7707,46.738373,-0.888211,129.90045,81.60278,-24.122458,-3.5954804,8.709991,-24.713978,-6.284939,4.464817,-23.222923
-1758.158,308.83136,47.55375,6.5979834,111.0331,79.93405,-25.54377,-7.317402,31.890497,-16.499853,-13.675798,5.589972,-30.65328
-1752.7971,316.4591,37.658134,0.9534297,110.787994,79.50862,-18.225393,-3.5428815,26.611692,-16.912998,-7.197898,5.373657,-29.336782
-1764.4025,300.00122,42.654514,15.866361,114.98761,73.63987,-26.114098,-8.265309,14.840337,-16.42836,-0.18292406,7.7341666,-30.277145
-1754.5704,318.0221,57.67893,15.105562,103.71846,64.13969,-43.080338,-18.581333,36.282066,-17.948349,-6.4198747,17.94564,-34.652122
-1751.6516,304.18365,57.154785,-1.709424,114.69912,68.181816,-42.51766,-6.4379883,7.705617,-21.699083,1.1691602,12.423498,-20.391083
-1758.6501,309.19974,54.216343,6.5211325,107.92479,79.1469,-33.7498,-16.552359,27.725027,-14.91395,-2.8877563,13.135035,-38.564262
-1764.7098,304.7268,50.953068,4.2819395,117.86665,72.938,-26.296204,-12.653485,23.06636,-10.543999,-11.857752,7.3144054,-33.978172
-1777.8977,299.5584,49.822342,21.873627,131.41103,79.55119,-40.318283,-23.913158,10.44087,-14.168467,5.2049117,9.347246,-30.18461
-1785.4127,301.10754,44.087242,14.756678,125.72835,70.40279,-26.998594,-9.074187,14.539283,-20.780201,0.7927748,3.532445,-38.157948
-1782.1595,318.34515,49.50694,2.7334256,133.75534,65.455215,-30.852753,-5.6186104,12.114487,-9.76994,1.4415766,1.6481991,-26.272697
-1778.3699,312.4789,59.265278,0.46035552,110.6447,75.05524,-38.108154,-22.347006,30.114601,-19.184908,-5.0068016,15.716925,-29.241776
-1743.5723,305.5115,46.67121,13.789999,105.03291,64.66951,-32.28869,-17.240868,21.00206,-15.102621,0.9596163,11.109243,-28.5727
-1783.8757,315.92978,61.92616,2.7754157,117.64382,79.08148,-39.756218,-26.442894,19.763718,-5.5474195,-2.2563837,10.588521,-22.262402
-1763.4402,309.70526,48.74473,7.78776,120.44911,72.471436,-33.108902,-8.168478,23.075108,-15.957904,-2.2743053,10.932534,-23.77763
-1786.111,314.23746,58.05914,-3.6237874,113.336266,74.69673,-30.341698,-11.380711,24.11599,-13.113506,-11.821735,8.65847,-24.322739
-1790.136,327.04044,60.697582,-11.593811,115.13507,79.54976,-29.153152,-6.282792,29.011627,-12.831857,-8.795448,7.91138,-32.79868
-1776.4498,310.47137,60.967735,3.0643375,104.32825,80.57286,-24.838951,-8.684265,37.071953,-10.5803795,-14.284223,7.4905896,-35.621666
-1803.532,307.19388,61.2734,-4.845276,118.46654,80.6492,-24.018864,-12.706685,29.288637,-13.9860115,-8.913605,5.5775967,-28.43878
-1789.5885,312.19995,46.68204,-2.9319797,124.24083,70.79466,-20.939556,-4.807029,33.699005,-12.68079,-5.685198,1.6169987,-27.624382
-1771.0122,306.73352,47.660103,0.021070957,107.686066,78.77916,-30.518446,-10.407092,39.0732,-12.749263,-8.201264,10.445012,-32.276775
-1771.1985,310.5924,40.364784,-17.519913,113.048775,79.27475,-28.216562,3.7466254,27.801714,-23.303526,-10.371851,6.107462,-30.669577
-1756.196,315.86777,42.383266,-15.279581,98.628296,80.67302,-28.529644,-3.7668447,38.088524,-16.561111,-15.502359,0.18677711,-33.017197
-1767.9646,307.29956,50.930656,-5.9549274,109.61375,81.12579,-34.177612,-10.644672,33.312943,-13.371003,-12.487442,7.687087,-30.01951
-1768.6868,315.96515,48.37121,-10.137317,111.40857,74.68442,-32.132614,-9.956027,26.387764,-11.92704,-12.319612,10.347157,-17.252426
-1745.9731,309.70422,49.038578,-6.2825904,88.12631,74.24727,-23.294317,-14.22616,29.860504,-16.999844,-16.953321,13.501737,-17.218903
-1762.883,328.7609,55.954956,-8.811779,96.158295,54.20881,-23.866003,-1.3627925,22.57485,-15.181786,-12.415229,22.601181,-10.847841
-1758.3228,327.29382,62.34194,-17.635761,86.864334,56.643543,-18.207092,6.1340795,17.846039,-22.808266,-6.2248077,22.879158,-11.63802
-1772.8059,315.29083,64.48947,-12.369604,94.33347,65.56932,-30.01286,6.614986,30.783876,-17.78759,-12.263279,20.955963,-16.20175
-1789.717,319.64526,55.908813,-17.707386,91.89313,75.26593,-21.85008,5.735488,29.81625,-26.869947,-9.38195,18.183771,-20.374882
-1791.8384,321.1739,71.90112,-21.637768,99.16825,72.23937,-28.073544,6.0142393,28.539145,-22.587093,-2.32137,21.0704,-20.659952
-1765.854,310.95,51.949535,-9.24489,91.18316,68.11939,-25.103907,-5.2136545,23.36776,-11.387112,-3.7228644,14.726599,-16.70787
-1760.6548,320.2516,59.560345,-17.227371,87.205765,61.686466,-38.699963,-11.410355,28.77897,-16.70493,4.8037357,27.188057,-14.9820385
-1747.4297,322.30182,52.492813,-18.153858,82.42843,62.26853,-32.011436,-2.8233995,23.256119,-22.001001,0.7945241,24.142439,-13.920719
-1774.7546,312.59546,57.402077,-11.855238,91.51289,65.36545,-26.538548,2.8272505,26.466541,-15.219451,-5.3879437,11.493669,-15.091708
-1779.3528,317.14886,47.05164,-20.099033,93.10822,62.26499,-27.61391,6.1734834,26.530651,-17.73632,-5.317261,5.8599176,-23.122402
-1782.0712,312.7414,54.245045,-14.080715,98.532135,71.504166,-31.33139,2.8191772,31.667614,-20.737068,-11.019075,13.161205,-26.411259
-1784.7207,310.98358,56.327293,-6.2502737,96.71658,64.676254,-29.666378,-4.427079,25.422054,-17.505766,3.51443,19.40236,-28.033985
-1764.593,306.35828,55.685123,-2.9433613,84.183,67.18405,-30.32955,-4.365851,43.856834,-30.522861,-2.0762415,26.547318,-39.598816
-1755.9377,313.638,51.60706,-9.451073,90.48958,58.435654,-37.569077,-6.051435,25.599686,-17.413109,-2.4313154,20.359718,-14.739029
-1739.9948,319.69995,29.28299,-13.351854,79.69777,53.9479,-27.372551,-8.559619,15.028847,-26.29261,-4.5833755,21.871105,-19.086258
-1712.1633,319.4259,33.054035,-27.737034,73.23291,58.970894,-19.88604,6.213969,22.82543,-33.66536,-12.297493,18.76201,-19.923456
-1497.8342,357.61334,-17.762293,-12.812508,-8.766784,46.454697,17.150652,-26.988586,10.841219,-36.310688,-41.942284,43.111675,18.758772
-1109.0953,344.59772,-117.89416,24.511364,-69.37605,34.132095,20.478184,-45.90866,-2.187613,-37.595074,-32.27739,46.505688,15.242186
-1003.5762,384.153,-164.41095,11.024221,-71.95615,12.047013,17.441654,-50.8807,3.9680147,-32.10729,-21.816278,42.10777,24.711147
-983.39404,399.91785,-166.85583,22.412966,-93.38542,-6.924028,15.880684,-24.886547,-4.9362574,-57.609245,-0.2132462,43.87375,23.40688
-965.7293,411.5501,-149.68246,17.27415,-111.50667,-23.020119,5.2016296,-7.3813453,-6.915513,-64.38045,-8.1397915,61.16994,24.375092
-878.7024,396.13843,-170.76538,44.734085,-139.3343,-22.458364,3.0255823,-10.790012,1.1530428,-82.604095,7.205851,65.91174,19.09977
-856.05524,394.2127,-172.67757,35.969017,-146.99783,-10.07539,-9.378016,-13.073389,12.570084,-87.42387,1.2623649,74.54412,13.28581
-792.8452,367.961,-170.32353,32.85327,-153.0673,1.4304924,-16.967085,-2.3226128,7.7275,-85.34393,5.324029,71.362,10.014382
-752.0674,346.47034,-165.41968,17.36689,-155.62784,-1.955019,-14.577824,10.786819,-3.6688776,-78.2312,-7.4050193,85.07712,1.7243586
-736.47894,328.01242,-169.31172,36.496605,-162.3616,-7.116953,-10.149427,8.530334,-2.8017356,-84.31691,6.836172,77.1039,-5.058961
-696.22565,330.08118,-183.53748,33.47141,-170.4368,-20.751062,-0.5431948,18.205065,-10.792,-88.50232,12.217238,75.70592,-4.663172
-747.9297,332.0823,-160.36252,42.934532,-188.85574,-20.01685,-14.9945755,25.939884,1.395102,-101.77528,11.107139,83.025345,-2.138658
-736.50244,343.30353,-179.81308,37.663826,-176.94968,-37.77871,8.483996,15.042044,-5.441597,-97.13965,15.182055,75.96152,-8.335679
-754.73694,351.3629,-182.96814,51.645493,-190.6036,-39.31971,18.770058,7.4015284,3.8062754,-100.93713,20.388409,70.42511,-14.55675
-809.89105,383.46133,-174.56621,43.604378,-184.04062,-45.757004,22.733608,4.8582964,6.360402,-87.48575,13.151258,74.6124,-19.728695
-830.23206,383.46628,-149.65375,31.595055,-181.3015,-60.856533,29.499746,3.709631,-3.3842745,-60.284035,0.6436963,62.27504,-12.746396
-881.0909,404.35693,-128.13171,28.17059,-202.60205,-55.671555,21.526733,9.353519,8.711644,-51.07309,-3.9395907,48.04831,-5.006648
-917.15607,401.18814,-106.59764,23.059267,-206.42178,-61.796974,16.368113,19.72135,33.72002,-46.55268,-28.002037,48.66932,5.539731
-923.4198,395.02423,-94.00661,20.19932,-204.01141,-83.943924,-12.979557,53.635742,36.019844,-34.76973,-49.564262,58.87697,17.021553
-964.6964,377.88712,-65.17552,35.078094,-196.28238,-88.53227,-49.055397,66.235504,62.629738,-31.996471,-35.307125,59.02563,3.811304
-1101.2555,392.19873,-20.816675,24.97901,-181.60233,-104.73758,-80.215,71.75224,73.047516,-30.719765,-17.608196,48.68467,-3.6891289
-1253.4761,403.62854,41.87573,0.20997143,-158.47955,-111.4886,-99.76082,68.53543,61.033806,-11.049461,8.19595,30.950039,-8.164442
-1317.4006,390.40237,63.131615,12.316788,-153.20935,-121.90733,-101.47233,57.439354,80.217384,-0.5045986,15.582716,24.341764,-20.336618
-1320.5092,362.9215,66.324326,20.54852,-169.81473,-100.438614,-116.967545,58.320587,77.21388,-18.076775,25.374376,20.816463,-30.771896
-1297.9014,358.28546,76.692795,24.202465,-171.98535,-93.78267,-129.51443,59.64523,72.32388,-22.656868,37.159695,29.941502,-33.34006
-1293.0879,372.8485,88.629234,12.613169,-176.33624,-76.07119,-144.69717,64.784454,84.94383,-41.958443,40.68607,21.306383,-37.92735
-1264.7837,397.45795,73.02956,-9.90877,-155.01527,-88.48346,-156.64445,98.95167,83.02539,-49.431572,51.50643,13.115664,-56.43411
-1296.1948,419.568,84.19703,-28.446938,-162.9457,-90.519104,-114.657715,80.36158,69.47833,-39.43074,16.896732,12.248535,-19.338497
-1256.6582,424.81415,48.13846,-24.674994,-178.60544,-93.07615,-51.374413,46.795486,75.92494,-28.285156,-18.177042,9.563516,1.1666908
-1182.5745,405.88153,20.782694,1.8548118,-238.00923,-56.155823,-13.923981,39.275887,88.30543,-50.744354,-36.377262,19.646746,4.643196
-1150.3059,400.13947,-38.831818,-1.7981133,-169.1943,-77.63717,26.31601,38.57003,69.46134,-47.32019,-56.588577,38.653534,-3.7057648
-1139.1711,392.8529,-81.64635,8.692373,-149.60721,-38.156925,25.898947,63.159725,66.12415,-100.940506,-42.323833,52.427536,-2.9385605
-1166.905,339.65463,-64.30124,0.2585411,-113.311386,1.0980244,5.7423954,71.25919,32.91496,-108.774254,-21.12896,59.061363,-1.1710882
-1235.7031,309.17752,-73.0826,27.031597,-59.91396,32.58429,-13.772755,57.01749,14.720911,-112.54058,-1.4048508,68.617226,-7.339922
-1282.207,298.06378,-92.88681,47.337284,-1.2209053,38.90477,-33.67405,30.244404,12.956232,-85.03433,9.580671,50.225224,-13.118656
-1327.2388,279.03738,-94.98898,74.85788,33.506805,37.997246,-44.785027,1.275115,24.216812,-57.76316,6.0895844,34.688988,-9.860547
-1376.8947,248.24997,-50.481377,76.97826,52.628933,48.689354,-72.471344,-3.6733341,42.296158,-33.757202,-11.042941,15.975833,-6.878397
-1386.0968,237.43927,-44.99732,93.21919,56.049583,56.14249,-102.64425,-0.046977043,46.87862,-29.07801,-1.700394,-12.841206,3.1952095
-1382.6577,212.08038,-30.535257,98.632,52.216263,74.53172,-121.463455,15.186381,44.461174,-40.041286,-3.7864547,-12.168736,12.183273
-1352.3127,197.70093,-34.974052,98.47745,46.287655,87.4047,-129.6354,23.487034,34.516144,-36.31662,-10.97475,-12.491745,17.274225
-1340.0833,181.71268,-26.626572,100.000854,43.01087,107.39045,-137.44803,30.689827,35.94433,-48.384003,-4.8858075,-11.660254,15.008691
-1356.2745,179.14992,-29.744122,111.64353,38.83228,119.94858,-135.74043,12.068058,51.048447,-46.21679,-5.3076653,-15.552763,8.496061
-1380.0764,184.00844,-22.823462,113.53525,57.41513,112.6225,-134.2385,2.5948257,47.578384,-41.693733,5.316336,-21.966593,7.840315
-1371.4008,174.34344,-21.118816,116.01732,31.110146,125.42824,-145.68521,5.4282694,51.16186,-46.52903,4.5920534,-18.049128,1.3535805
-1418.9198,188.02124,-18.732944,113.397835,57.27885,104.34691,-136.96361,1.7284288,61.492855,-49.228867,-4.291211,-5.169262,-6.172703
-1352.6869,168.45595,-35.46576,136.71709,41.9647,100.34137,-135.99411,14.161382,48.13523,-42.717644,-3.666044,-12.395538,6.6334457
-1339.9763,159.19849,-32.93405,146.45035,35.742752,101.221855,-136.17763,13.337208,51.411945,-46.177048,-1.8856965,-8.108091,14.076733
-1357.5115,160.47208,-22.144707,150.55789,28.783417,101.93554,-139.0909,14.578793,49.65822,-46.7683,1.0873233,-5.5026665,10.618607
-1356.2854,165.77087,-27.805176,147.37196,20.526445,110.09079,-147.57985,15.953398,54.26001,-58.361763,4.9559865,-11.383385,14.586962
-1338.5691,162.09091,-40.357754,148.17575,25.961693,105.07185,-144.007,9.741762,51.239243,-59.082565,6.452925,-15.601524,16.710138
-1396.6509,191.40158,-30.295616,132.796,54.671474,95.17005,-145.18385,0.12003136,57.46232,-57.870605,1.8097519,-9.023178,14.509041
-1370.4036,186.75986,-32.51974,138.69579,39.03807,96.616165,-132.04521,-3.205227,51.610287,-40.296093,1.4053789,-20.834682,20.401447
-1393.5544,193.58917,-20.835846,124.98122,50.731583,101.658325,-139.71884,-11.304776,49.545975,-45.53956,4.2516313,-10.305006,20.634079
-1376.4922,217.754,-53.3011,126.9866,65.28686,82.79175,-135.06847,-10.053555,62.72737,-56.37786,6.867326,-6.387848,10.757202
-1386.6685,203.02765,-46.65386,133.56851,55.627327,86.1491,-134.3763,-2.3978481,61.47701,-58.098305,-10.5767765,-3.2458496,19.91084
-1350.4553,189.10626,-64.34128,136.92528,53.925125,74.28776,-127.72296,12.497736,62.574516,-61.069958,-10.084377,-4.1794624,8.517189
-1372.4694,196.1706,-58.887802,131.97179,62.806908,78.734085,-140.50275,11.850943,71.33334,-66.19069,-2.1372983,4.6075783,-0.3010521
-1396.9858,206.2251,-61.344234,130.79756,68.76614,75.05495,-131.88388,0.49998188,75.87446,-71.237885,-5.534412,6.746704,6.286888
-1431.6235,218.67752,-52.039425,132.39087,84.12745,61.260056,-124.20268,-6.3858576,71.65915,-57.705517,-15.9327545,15.903286,6.2576294
-1375.3069,201.06854,-47.584263,114.46236,62.469406,99.18904,-140.80428,-1.665698,70.9555,-40.45939,-23.858725,-6.082197,9.788645
-1414.2898,228.24481,-60.34629,121.79576,86.869316,66.42775,-121.95969,-0.5679455,66.57207,-45.518887,-19.57892,0.06907272,9.73805
-1336.6809,213.90768,-88.50337,125.95856,74.021904,97.3043,-113.99734,-23.222004,59.97786,-25.46334,-12.62124,-8.181305,1.9626045
-1460.5376,261.87894,-59.994476,91.646225,115.62736,63.198177,-119.506,-17.389877,60.549213,-27.233917,-26.701254,5.012043,4.1066475
-1456.7827,268.53796,-64.956795,90.36886,117.398026,65.95339,-116.97586,-23.116966,70.457886,-32.667862,-29.206266,10.073673,-3.4664574
-1445.9812,261.07056,-48.87188,92.2614,96.02367,72.2827,-108.47721,-26.662508,64.56231,-28.157074,-18.357515,-0.9549751,-5.3267384
-1441.3682,262.24738,-62.179596,93.9425,98.7179,84.42787,-105.8978,-37.56183,70.96648,-32.344532,-24.338852,5.879487,-4.8998375
-1438.1072,245.24205,-48.253677,96.233536,84.72504,92.23049,-120.581604,-20.812159,62.57304,-43.57657,-4.7370305,-6.669428,3.227909
-1444.917,248.14914,-47.454643,99.83227,92.92773,81.8454,-121.284515,-26.011152,68.07207,-40.71004,-7.587467,-4.639988,-5.06674
-1320.6074,205.41069,-70.14693,130.24217,59.186462,122.42886,-130.82802,-27.915657,76.72409,-43.838432,-4.579744,-9.743202,2.375946
-1319.7764,195.35892,-62.4362,130.66626,49.176483,124.58543,-136.34253,-26.627554,71.85864,-39.62462,1.7071989,-14.973014,2.586895
-1314.7609,200.02823,-76.84324,137.39127,63.763252,111.90194,-127.63315,-32.370182,72.34796,-36.303375,-4.208009,-5.973734,-2.9161491
-1265.2954,181.54979,-92.34165,147.56427,69.19084,126.066826,-136.35211,-24.69241,64.36174,-34.12858,7.978952,-15.497138,-2.740757
-1241.2048,188.31459,-117.55096,156.47131,71.86244,112.705154,-128.31628,-25.75486,61.096092,-16.25745,0.70469797,-28.317623,0.47148323
-1277.7218,196.88545,-92.81889,144.88922,73.17474,110.243095,-113.42555,-25.402695,63.34385,-21.32117,-13.818251,-10.649527,5.941414
-1265.002,216.86206,-113.950745,124.97307,82.65579,102.28606,-118.97435,-12.669177,65.273766,-29.54678,-7.627185,-18.62946,1.7184849
-1337.847,218.4509,-77.81813,119.49247,85.99276,103.5099,-114.7312,-34.1795,57.680847,-31.032175,-3.6027598,-4.5647984,4.000107
-1413.278,249.14806,-63.902103,118.9619,98.59306,76.92404,-116.07755,-38.769703,61.907745,-30.850292,-9.797696,7.199765,4.6317596
-1403.3389,246.73938,-65.309875,106.918884,94.70968,80.05886,-112.250946,-33.402218,56.895195,-37.00579,-8.688891,5.168474,9.054268
-1407.5701,247.52625,-60.6643,111.54172,89.22709,73.27911,-113.47139,-31.92535,66.28088,-38.05928,-17.09612,12.309509,10.432842
-1409.968,238.332,-62.766037,112.630066,86.53966,69.749084,-119.86184,-29.212616,59.36357,-35.404152,-10.456919,-2.425169,10.728714
-1412.6167,235.27704,-50.75254,106.60925,74.88699,80.09049,-119.12253,-25.9109,67.35812,-44.10888,-19.243261,8.113829,8.346165
-1383.8152,214.33905,-43.563934,120.57178,71.29525,96.10562,-131.48537,-24.322838,55.2897,-39.15294,2.025572,-5.1073647,12.655338
-1381.2244,212.8088,-38.133095,124.884766,67.58369,96.48988,-132.02362,-24.871704,60.344574,-34.148598,-0.6244868,-2.0892735,10.057518
-1352.9314,199.91553,-40.50717,130.05962,53.96086,104.15244,-126.92584,-29.370296,57.723057,-32.282093,-1.0560732,-7.915119,12.65041
-1342.832,190.53093,-50.94716,136.84866,51.681305,90.194336,-120.201385,-26.64727,61.113216,-35.80765,-17.493486,-8.21051,22.025265
-1351.5659,204.12543,-56.295563,139.81773,52.888542,81.84747,-111.21382,-20.514112,63.496033,-34.690018,-17.164246,-7.309244,18.089094
-1368.4459,198.07109,-52.53904,136.74652,53.932438,85.83402,-107.41733,-22.377928,56.945892,-29.327642,-16.032463,-9.534239,10.697014
-1399.7644,223.60294,-57.2847,113.541214,85.95734,66.05218,-94.49728,-23.947657,57.159378,-27.90834,-20.617834,-4.667962,9.213713
-1444.763,237.9243,-44.416252,97.58272,98.267914,61.56296,-101.30351,-14.977306,54.125164,-32.964146,-28.290884,9.878822,-5.0035973
-1499.2455,258.13947,-33.215282,91.32127,106.63553,55.09549,-111.106995,-15.663027,56.76056,-37.737106,-12.555297,6.022481,-2.7669735
-1495.8796,276.56073,-50.805904,98.075134,111.12137,35.623814,-97.15871,-26.74047,56.278305,-29.047203,-27.87295,18.825005,0.78689194
-1483.3364,275.59808,-56.445824,96.35592,107.54513,30.232376,-90.196175,-25.706005,58.36828,-32.243042,-33.396446,18.36729,0.21139526
-1445.008,263.08502,-61.01037,101.830635,91.39264,50.133156,-103.52519,-17.320536,62.8349,-39.04312,-19.769142,7.6319685,-0.51044846
-1377.4592,231.76065,-60.845375,109.6255,74.4084,93.03967,-114.78798,-24.850903,69.3135,-40.014595,-13.471419,3.325819,0.9429245
-1334.7911,222.67911,-92.602646,119.038734,82.7414,96.02537,-111.0295,-41.029438,63.55149,-15.178531,-10.573143,-7.6080236,-6.8852005
-1364.2734,237.13329,-86.94151,106.210976,78.02123,99.5992,-103.79389,-36.22745,66.97159,-29.702808,-16.020529,-11.197449,2.092678
-1442.1853,250.1934,-45.61078,93.19047,85.9801,86.29203,-102.422,-37.676582,58.166245,-31.526733,-7.738403,-2.5578232,2.3603191
-1405.7644,242.35007,-61.647785,110.36749,74.67078,87.40353,-102.217064,-33.73943,58.882774,-27.997175,-7.10651,-11.068537,-1.0899372
-1409.5547,240.42456,-58.407665,104.65268,77.459564,97.556274,-94.951965,-31.72614,53.509468,-27.829819,-7.6503797,-9.388526,-0.6141815
-1449.4888,253.98868,-56.410515,93.004425,92.56297,81.25842,-88.655136,-30.374247,47.569855,-33.084164,-10.777533,-5.393138,-9.420069
-1488.7953,266.20764,-49.740913,90.80963,99.74213,67.37303,-80.01747,-33.314148,46.981735,-25.218903,-16.70218,6.218994,-12.201189
-1463.3323,262.3532,-42.71206,96.47987,81.11571,76.97232,-74.9837,-50.558487,46.53051,-22.97056,-10.4214735,10.925962,-13.706499
-1468.6754,274.0856,-47.57789,92.41138,86.3091,66.13453,-68.39258,-49.576775,51.009823,-21.734917,-21.98985,13.35621,-12.419079
-1469.4991,280.2079,-51.47325,95.16525,96.77052,55.674057,-73.049675,-48.050797,49.463333,-19.842716,-16.537632,19.186123,-14.747267
-1480.7587,279.7398,-50.125526,80.44938,94.54318,53.960575,-76.06019,-40.808163,46.419094,-26.26818,-28.206295,19.87838,-10.483532
-1467.4058,269.42978,-45.154415,95.89075,92.23727,68.83104,-91.4299,-41.734344,49.327877,-28.178326,-12.904076,12.818069,-11.12318
-1470.031,287.5318,-49.553436,69.355225,107.255226,63.067,-89.0128,-35.41169,47.849197,-33.203274,-16.779938,20.511074,-12.446943
-1396.996,265.05847,-66.52246,96.14508,82.762405,74.362335,-89.03545,-46.049206,57.337067,-23.280773,-12.615538,12.476078,-15.319117
-1404.7332,262.09106,-64.12936,94.658264,84.43487,78.315926,-96.416954,-43.261395,61.20199,-34.454422,-15.883597,15.223385,-7.6405544
-1407.9517,262.956,-61.85482,88.43756,83.129585,79.15106,-107.88498,-41.81424,56.70565,-41.69526,-9.925195,11.700197,-8.763113
-1393.7849,273.199,-64.286934,91.972435,77.44632,78.749626,-93.799835,-42.33071,55.254204,-41.568474,-10.094354,16.822306,-4.7399044
-1398.8982,271.18494,-54.479637,91.01373,83.09507,66.92763,-100.69719,-39.08712,55.541874,-35.553993,-10.838787,23.305868,-12.131107
-1420.6814,289.58978,-48.609245,78.46919,90.1508,62.986286,-100.64034,-37.03753,42.255272,-32.43013,-4.1198926,21.178892,-8.410154
-1405.0026,284.5966,-37.54822,67.31772,72.556786,65.739006,-92.5572,-29.485207,40.52308,-33.838623,-7.854254,26.048737,-13.85467
-1430.5662,309.17426,-24.568281,50.353718,60.163536,63.85814,-71.1307,-27.455387,27.399105,-38.7262,-0.27125913,26.802517,-13.692017
-1526.5938,333.03552,22.595684,17.482136,40.15571,62.053864,-38.711517,-7.217407,20.257015,-50.2621,-7.0697174,41.018272,-8.201915
-1724.6155,334.49426,49.69607,-19.013937,81.716,31.467638,-16.037067,33.345604,-1.4643073,-50.125534,1.9096082,40.001236,-14.661444
-1782.1206,318.78885,53.475933,-7.5629616,102.170746,43.644485,-25.864883,19.134872,8.420111,-45.254982,4.467884,41.21766,-17.754717
-1801.9546,309.43652,58.311165,-6.75817,108.24728,53.007957,-13.671205,16.90814,2.3635516,-36.88079,1.7739068,36.857933,-11.784294
-1812.0079,302.6139,54.949112,-2.4803658,104.948715,48.45948,-27.538263,25.533844,21.243267,-42.987617,-1.8908634,38.984108,-12.81572
-1807.8569,294.221,55.34297,10.161562,106.23105,43.09228,-17.739244,29.725,21.883137,-39.583828,1.0047168,45.294773,-7.581669
-1868.1707,290.72818,95.409836,10.665825,84.98997,39.50785,-12.65526,21.215618,20.349089,-23.783077,5.9348035,37.542496,-2.5051823
-1919.0421,279.52094,115.78612,6.944031,72.96353,46.15211,9.648864,26.711138,9.711359,-14.249978,11.28354,31.093662,1.8678403
-2097.7222,285.098,77.37977,42.246223,108.73932,47.710464,-4.6184587,15.152452,23.613737,-2.8782587,2.4913082,14.608129,-16.130022
