-1151.8054,325.9223,-82.26616,-102.580246,-59.42386,-14.995646,-26.797016,-10.262442,-18.97171,1.2299114,32.61044,3.7251606,-4.4712896
-550.5536,266.14563,-123.79623,-91.55978,-71.05864,-37.978252,-41.430317,12.2484665,10.241885,-3.073985,6.9970336,16.006363,7.4515963
-370.37604,220.5592,-140.40448,-78.11695,-70.82239,-50.07289,-39.10595,34.06773,-1.9856739,2.5150056,12.091398,2.6949787,29.819315
-356.71735,238.23764,-112.83239,-71.34128,-71.73634,-53.112164,-37.092827,12.051027,15.027524,3.210545,-3.306918,16.10707,28.535011
-402.583,258.5284,-94.353485,-78.28102,-61.68778,-43.665585,-36.168983,22.47211,10.431448,-16.965748,-2.2159398,20.838013,11.922756
-506.8694,314.535,-119.94643,-57.015656,-65.369,-32.43422,-22.444416,13.776994,-5.5817823,-12.153654,18.016062,23.11564,-0.72125745
-438.97717,267.9754,-109.02249,-75.74371,-46.568565,-31.158178,-22.057827,19.068419,-5.846958,-13.792387,20.28894,18.99249,-9.626799
-519.6176,293.96118,-101.3356,-74.79946,-56.5552,-33.005627,-9.762815,15.875502,-14.289438,-5.3901567,17.331978,20.332664,-4.2189865
-607.12036,335.49988,-91.22129,-96.6674,-45.21211,-24.500088,-23.36207,35.51461,-35.975723,-19.708998,51.09755,18.341356,-26.644012
-704.655,383.2569,-112.17528,-74.436424,-50.161995,-21.256487,-34.135506,49.374268,-48.660202,-20.44426,65.36427,12.676815,-28.869278
-746.3768,393.82013,-113.82199,-85.04166,-29.594877,-24.23162,-26.062773,40.017006,-47.478413,-36.388096,74.152084,21.284557,-44.990414
-819.1285,439.26215,-163.27545,-53.137207,-1.0185581,-49.131237,4.2053156,17.273417,-47.68843,-39.99478,68.11581,34.07892,-52.848038
-861.0842,440.45346,-193.85336,-14.278147,15.179803,-47.026165,11.203373,15.633363,-66.53923,-44.496166,58.180042,46.668034,-48.789856
-893.0538,420.85257,-191.84187,4.5141897,22.351734,-19.545996,-4.9540286,0.55010414,-55.69168,-67.586624,48.035103,56.952103,-49.46106
-968.53436,391.61304,-174.20465,6.170536,86.60073,-19.041307,8.233205,1.040123,-80.00351,-61.674385,26.9178,54.008636,-43.05165
-1036.4956,340.37518,-158.41022,45.868073,124.36463,-12.540236,10.428481,13.429464,-91.139946,-58.906998,12.808426,43.77417,-49.63392
-1476.7174,266.23517,-56.45388,42.163162,142.24223,12.70779,5.3403387,26.573166,-45.054085,-8.046837,20.838037,31.53246,-36.863396
-1774.5962,220.31477,91.007645,38.731506,107.711494,39.65244,38.281,35.467476,-53.335026,3.663395,28.050795,20.738083,-18.464245
-1813.8572,173.06723,118.92033,55.226112,87.8055,49.455772,42.994408,36.418175,-35.624218,5.72257,2.705889,-1.0448785,-7.9537773
-1536.6235,34.386497,-18.451496,174.76706,42.475613,33.204884,53.45198,25.46982,-27.736622,-0.7306576,0.641181,-9.348794,-18.090206
-1457.8809,-43.27826,-56.78643,156.99327,-27.180977,11.917637,45.824265,42.660538,16.069736,16.597187,23.275213,-2.6834192,-15.07702
-1233.174,-166.04105,-102.868164,192.64722,21.657286,40.998077,29.067013,31.476295,26.568432,34.256584,10.9164,-15.720259,-21.353558
-1097.2727,-47.016434,-93.85246,205.14883,35.67551,40.545025,-15.915197,-12.826687,-12.987507,0.28262305,-4.8489513,-5.327277,-28.671791
-1122.3494,97.316376,-121.376236,167.06622,73.94421,57.796886,-6.5266137,-16.801891,-25.339314,-49.159832,-32.890575,19.114368,-36.924038
-1084.1136,173.44608,-149.34946,194.04974,100.32272,73.218155,-16.583693,-80.48529,-17.081612,-64.16452,-50.726635,22.35957,-47.071495
-1006.2757,228.80887,-174.51566,188.46686,90.36294,65.12996,-2.1111188,-81.87924,-32.42984,-94.02995,-65.166245,28.108261,-54.71068
-955.53845,258.4276,-181.43274,175.74335,82.647224,84.29376,-21.233315,-97.101395,-40.949505,-102.801796,-58.11251,10.882599,-48.412983
-895.6205,267.5177,-194.41937,178.00266,52.300865,76.01607,-42.58851,-98.93533,-42.665257,-109.0401,-35.17796,22.206028,-27.036549
-911.0542,292.85632,-183.99582,158.09991,50.396496,49.48633,-49.77193,-83.42613,-46.609352,-104.27344,-25.265448,36.3369,-17.6741
-865.1013,307.62256,-179.55725,145.27081,23.946674,45.914757,-48.742966,-79.193085,-50.447914,-120.5863,-26.795765,52.6351,-1.6924229
-843.0404,313.3081,-170.95306,139.55865,9.927902,41.245277,-63.730965,-79.261116,-46.791927,-114.377716,-24.855816,47.83707,-4.266163
-811.63916,318.25092,-176.95062,129.70453,-6.912964,43.975113,-51.87303,-88.220436,-48.46849,-112.6976,-19.946138,49.445786,-9.195501
-804.36084,326.25043,-175.1333,119.34509,-17.784386,21.739025,-37.584614,-84.19483,-41.647797,-97.52385,-22.84636,41.575817,-18.455505
-780.6393,326.69446,-183.79578,104.5607,-39.088432,-4.6194706,-19.581198,-82.91578,-50.71446,-106.11999,-19.519121,51.00744,-8.9846115
-747.2353,315.257,-156.7863,76.139496,-64.7602,-16.195038,6.55491,-71.26509,-61.91692,-126.25654,-2.6495862,64.603325,-21.94865
-719.7016,307.93005,-148.9501,70.60948,-68.02109,-17.199715,16.79486,-68.05644,-56.892982,-120.12224,0.37096375,62.29115,-29.300802
-738.4686,320.14026,-135.16089,61.79033,-80.66157,-12.522345,16.157282,-63.986263,-51.091286,-111.065315,0.24430875,56.54905,-34.0282
-698.95105,307.94577,-144.35995,67.753365,-77.25067,-18.494644,16.686447,-53.99415,-49.87152,-114.08034,-0.2618162,56.18635,-23.655228
-761.24817,331.71304,-134.75844,78.460594,-75.662476,-31.019678,16.925983,-55.7095,-40.477257,-113.37218,-7.871569,69.24547,-32.686806
-800.8877,326.3084,-118.04421,92.31477,-68.9657,-42.427956,8.534192,-40.32049,-23.67277,-118.789314,-18.139416,78.40951,-25.960684
-838.9502,322.899,-98.61432,78.32181,-70.44365,-21.188004,3.1792765,-32.84507,-15.395165,-118.47099,-30.367119,74.66809,-11.836408
-960.1941,348.19727,-62.592773,42.73912,-74.130646,2.2148333,40.443645,-43.76352,-16.129719,-84.2722,-71.2933,65.3333,14.190408
-1257.286,309.52377,-17.252258,-12.981267,-58.95658,38.20908,64.60714,-11.610449,-8.89458,-73.20964,-76.78372,43.32473,23.867268
-1506.2081,235.37177,16.228739,-30.581085,-25.982025,72.23755,45.93187,14.453321,24.954933,-23.627438,-81.19924,28.857807,46.100975
-1124.1896,294.79343,7.181284,-10.286312,-64.05466,92.60055,13.443512,-16.82273,10.339767,-44.22727,-91.05952,17.576141,47.06077
-1100.6438,353.21515,37.49772,36.167336,-104.69045,95.06125,36.96032,-68.46202,12.251394,-46.783276,-93.71271,39.165592,-4.6190987
-1048.123,355.90842,33.361134,47.772408,-115.04453,95.37759,29.908983,-70.41304,38.3405,-46.351387,-106.61432,45.92063,-36.360413
-1020.6787,345.09204,39.318012,74.47102,-136.01674,61.65908,25.43968,-41.69561,49.523167,-45.15936,-102.74131,43.95709,-51.724773
-1016.28687,317.052,34.345142,122.566895,-125.45736,32.554123,7.9769964,-20.779179,52.3758,-42.191933,-82.04189,34.241165,-77.19845
-1032.7742,308.6804,49.716362,137.89473,-144.40472,25.406431,-4.3023396,-7.6613007,52.31326,-33.440407,-54.332314,11.592905,-83.98355
-1042.7144,312.10812,55.33929,123.91738,-154.46779,29.626429,5.353237,-13.250788,51.142735,-20.861744,-48.42242,7.228346,-89.344574
-1051.8954,304.41528,69.75902,114.68727,-183.20663,40.32261,7.8227253,-16.505033,40.49946,-9.611599,-39.113194,-2.2092412,-74.46408
-1036.7827,304.6949,41.84807,116.191055,-190.57495,35.231594,16.248455,-6.1818542,32.29905,-21.263514,-13.710087,-1.9866924,-78.51839
-983.7842,305.55258,-0.9772639,122.93149,-180.19373,17.639088,20.627876,2.303773,23.216085,-41.826366,1.9862751,10.30843,-74.04853
-982.3276,309.51016,-21.791487,114.074776,-156.19131,15.398638,23.488987,3.8972883,9.686813,-51.231773,2.3254917,26.688665,-69.91319
-949.2333,306.27423,-44.20401,110.23236,-144.28436,27.30208,33.616127,1.42922,-1.5178642,-58.90016,-2.0059633,34.44809,-46.764706
-956.55084,312.2044,-78.5284,98.03732,-119.07602,29.643492,42.197205,-5.990983,-9.985804,-50.43177,-3.7042372,25.598433,-35.48551
-1001.4254,312.1249,-102.23848,100.19827,-79.841095,33.219044,36.735615,-29.175623,-14.240698,-28.972698,2.7148316,19.932362,-19.224844
-1137.4683,310.86432,-92.296875,66.64547,-51.62159,45.870525,43.697292,-41.370384,-6.844331,-7.5773478,-6.927484,13.283851,-8.073872
-1481.1805,309.7431,-16.509193,2.9168506,40.668694,73.58882,30.408596,-2.107646,24.063776,0.91454697,-20.735352,8.420257,-29.7963
-1548.6794,303.34543,-11.984165,-19.907356,68.90556,86.45852,1.014986,-9.296113,36.580368,-3.2123556,-22.69073,4.217704,-41.99984
-1571.2771,309.1075,-2.1713972,-24.809292,63.388756,77.56888,-15.192531,-13.33153,30.139091,-4.0984793,-21.810137,9.618556,-32.681103
-1637.7828,297.63797,11.704316,-30.76119,80.96973,77.66933,-0.57252693,4.167081,26.431202,0.3333205,-27.311653,-3.7025828,-33.714603
-1649.6569,287.48065,3.3473406,-12.087067,83.21669,69.41492,-0.005127907,-7.3703156,24.095772,8.955063,-31.082533,-8.042248,-28.83928
-1687.1367,288.10977,15.603025,-13.923045,90.63429,59.05809,5.1726966,1.0425005,8.801959,9.597469,-21.073404,1.4732976,-22.236324
-1687.9917,282.03033,20.83118,-7.760773,91.94475,63.077297,6.901771,0.2955413,9.669109,14.916454,-19.63199,-6.92469,-21.647713
-1689.5686,291.83173,22.571991,-13.792272,97.30496,52.43869,7.000864,9.945952,5.301247,13.166586,-22.36469,-7.039067,-13.618895
-1700.2474,294.53436,22.293169,-25.617844,88.011215,56.344215,14.386148,21.251457,10.36973,10.921891,-31.715124,-7.146016,-12.531195
-1710.9485,300.10706,39.411564,-27.064316,92.2702,65.26329,2.9008064,2.879181,9.323418,13.106171,-25.186697,1.9125323,-6.3767715
-1712.431,293.8413,29.60831,-27.568596,94.46556,71.14869,5.522116,6.9603457,22.886723,3.040189,-34.463642,3.834727,-16.457401
-1708.1416,291.73657,22.406736,-22.94389,98.16478,66.75801,1.3606977,8.994673,25.576637,2.7975473,-32.885513,-1.0198774,-22.290169
-1743.8818,287.1469,43.71508,-16.673828,98.434525,53.623264,8.045888,21.502356,17.45348,-2.9627297,-29.09881,3.7782667,-17.109844
-1767.1586,289.4472,56.896873,-21.190453,98.56786,44.617027,5.319725,30.82909,9.651003,-1.814748,-21.35049,0.18674332,-13.769407
-1775.7959,279.4696,58.40396,-14.909177,95.35913,48.285885,-0.4112072,28.225847,5.0850344,-1.0378441,-25.660501,4.7273393,-9.695239
-1755.2637,296.78696,47.394722,-40.91809,81.72247,54.882248,10.20269,34.467926,7.2714005,-2.2313342,-26.211073,-7.0072513,-12.735664
-1591.0574,310.3117,8.813832,-49.749435,31.50138,68.41112,23.084057,13.480177,16.719194,0.7300556,-36.82337,0.36535025,-0.6622181
-1468.263,313.3935,4.1156654,-5.3257656,-16.513653,38.203766,27.995155,11.531113,7.948181,-16.421917,-46.20721,8.53812,11.595348
-1357.0308,303.98386,-35.789352,35.701622,-48.072514,16.887413,39.659874,7.725978,10.659993,-25.23768,-43.182297,15.0330715,11.9658575
-1349.9547,299.75552,-37.134415,38.75354,-38.152042,1.1423769,27.538273,26.877056,19.259216,-39.27915,-41.35795,33.751736,4.9795427
-1408.6458,329.31595,-4.332222,-4.6886106,-42.50042,2.6134233,41.80775,44.024994,8.937314,-41.43737,-39.972706,36.256165,-2.9385738
-1398.8695,321.41547,1.5525517,10.727636,-66.129074,-17.026968,43.985023,45.75634,11.657646,-39.21231,-36.58952,34.183952,-16.099941
-1305.214,307.02594,-22.412987,35.180122,-83.35094,-28.126377,28.602722,43.80951,18.511127,-24.849964,-22.303354,30.758427,-20.130585
-1339.1936,335.17438,8.474033,8.269518,-87.26111,-60.449623,28.526974,44.936478,19.282618,20.877193,-27.292988,25.581242,-32.5157
-1336.983,336.59747,15.23682,17.468521,-88.804184,-80.29213,7.610221,30.404476,21.660313,44.642372,-15.587975,12.994795,-23.65276
-1340.0219,361.99567,14.717567,-5.0352006,-81.42129,-82.83645,-55.440216,23.921978,58.697933,35.93302,1.3812844,11.028483,-25.826397
-1405.6785,393.70093,33.144142,-29.473545,-51.97036,-104.59199,-77.05032,27.262436,67.18851,42.388817,2.295241,27.736458,-32.262424
-1468.7529,400.89767,35.166367,-41.356064,-35.776577,-122.91826,-93.51045,29.355247,65.62764,46.36509,11.705651,31.63024,-35.893898
-1576.5376,380.21646,64.98395,-39.924072,-18.647598,-116.12001,-110.76757,25.433765,60.323807,52.62435,17.663157,43.406525,-22.876741
-1675.3293,327.0116,86.81412,-25.093819,-20.170052,-110.98312,-101.278,26.156788,46.312965,52.703415,32.203438,55.96463,-16.632067
-1794.6141,231.47757,132.28322,-0.12921798,-60.360245,-57.276665,-72.87551,28.074352,40.380356,41.71031,35.358196,37.404114,-12.405669
-1495.3859,292.19867,44.727386,-9.692189,-41.258575,-76.43805,-109.43387,59.850502,21.885588,-15.562132,33.75655,52.12361,-34.732872
-1280.0974,407.8236,-22.40683,-30.172787,-39.779396,-103.30617,-111.182816,39.324608,45.516434,-25.05074,23.197166,83.54016,-70.612335
-1141.9204,431.988,-59.289803,-24.572123,-45.36846,-126.57849,-101.50411,27.402176,52.879936,-23.60315,15.325,69.33542,-80.15336
-1082.237,433.80212,-81.48448,-6.0177393,-73.35101,-116.18966,-91.84836,-3.037468,68.55319,-28.618408,3.783484,88.39914,-88.655396
-994.9519,404.22632,-99.19504,16.058678,-111.0533,-95.02094,-88.93721,-4.276001,73.51039,-25.476997,6.1299763,68.72106,-68.47049
-968.2289,383.22534,-102.55791,27.222622,-129.82516,-74.78293,-80.58144,-2.690525,67.130135,-23.758099,10.533914,60.324177,-53.023293
-920.6725,343.2874,-97.32968,38.435062,-134.85446,-77.51653,-60.994225,-1.1828575,60.52433,-13.930705,9.773184,45.81377,-44.873863
-920.4661,327.89154,-104.404465,52.428986,-172.37987,-51.643448,-55.611618,-4.2889214,63.83082,-1.5047188,13.606973,28.940008,-49.876427
-952.7758,335.5761,-93.77208,44.92472,-180.4932,-48.07792,-25.422993,-8.788177,57.17888,-1.546771,6.1812973,29.920712,-46.467224
-1030.6991,345.7918,-71.89074,38.37763,-181.72217,-50.52822,10.725603,-17.782555,36.90683,-18.18804,-10.88969,36.44317,-24.466558
-1058.1943,349.8292,-59.644123,24.776207,-177.70447,-33.36221,18.512737,-24.648678,12.5300865,-2.2508507,-11.812349,31.4622,-21.094467
-1053.7417,356.55643,-66.92971,13.060596,-171.45967,-21.124807,40.26276,-25.614086,-8.252531,-4.9952335,6.406321,29.33378,-25.172117
-1023.77295,338.4812,-88.37987,29.050484,-166.95067,-16.964657,46.305607,-0.3423078,-22.196999,-40.515656,17.32201,31.986586,-15.277214
-1025.7794,355.17477,-98.45377,-3.8430846,-138.07603,-4.028763,25.160988,19.156853,-22.086082,-70.51285,9.180098,54.129475,-18.826939
-1028.6666,336.70926,-112.4185,17.96701,-113.47691,9.2848015,14.779096,18.747154,-28.181175,-92.75342,24.588972,72.47771,-23.135078
-1042.8872,336.5617,-121.52487,16.433338,-90.858955,18.043026,2.657999,23.520777,-26.134783,-122.08888,21.00083,76.80551,-20.032888
-1026.3995,324.5298,-143.10661,33.40339,-57.054718,37.50628,-9.806511,7.054791,-40.173485,-130.00146,21.269968,83.66803,-2.009037
-1031.8411,320.16144,-162.81876,66.42944,-13.881871,27.01528,-29.06374,-13.832064,-28.739235,-125.4827,2.8310692,84.61832,4.9789276
-1010.3147,299.64746,-189.08508,94.52663,38.80332,26.79072,-58.102962,-40.65766,-31.464252,-101.95983,10.790911,57.662865,-1.4311266
-1079.1746,304.45734,-160.40903,90.93669,84.251434,42.037834,-86.86682,-66.998375,-21.80097,-79.73884,-0.6827752,50.176292,-13.721373
-1006.43634,271.28345,-204.4447,124.09686,93.96147,50.39379,-89.29518,-73.17905,-22.423641,-66.6643,6.7913756,32.066,-30.099857
-1034.1077,248.47116,-185.47684,123.96907,102.871704,88.22841,-107.335236,-87.43654,4.0986433,-69.30801,3.7436697,35.173775,-34.04096
-1097.1608,228.97113,-161.39674,119.40901,118.653015,96.99095,-115.33806,-81.30757,24.825632,-74.625336,-6.4514637,38.341137,-35.022125
-1071.0621,207.97101,-181.64868,131.15044,106.46883,99.90171,-109.698364,-69.17458,24.058205,-78.67427,6.004584,38.472004,-42.84852
-1189.8855,224.62183,-168.60547,134.76192,123.955055,110.98729,-121.14157,-74.057434,28.180412,-78.03975,-1.7973123,47.172894,-32.29641
-1129.4327,218.35,-197.90695,116.96434,117.20473,117.83658,-119.3824,-57.883896,28.51934,-74.88266,13.904719,34.200306,-34.504288
-1190.0626,210.99982,-184.5357,115.17474,133.48721,110.913376,-126.984314,-57.526665,29.864029,-68.86076,14.2921295,33.304775,-29.800194
-1250.3296,220.98395,-176.00922,109.63945,135.70706,90.30846,-120.10517,-50.124325,25.057137,-62.455208,8.0252695,42.665215,-30.544094
-1307.9253,241.3645,-161.52765,96.95651,134.7999,97.75113,-132.10933,-47.73575,41.245934,-57.034454,-3.4366696,34.886948,-23.14232
-1326.6409,248.30917,-185.02698,123.366646,129.9441,84.19478,-116.05295,-64.160866,42.624905,-51.853493,6.8208423,27.954386,-17.956142
-1391.1025,266.57892,-168.85727,100.62944,146.95708,77.63879,-120.87654,-64.56699,41.269802,-57.29883,-2.2797544,40.39361,-19.057564
-1419.7452,272.24194,-159.48431,96.94741,144.88928,81.6645,-113.78499,-69.125656,41.63817,-62.660347,-0.82986,53.24868,-25.5325
-1336.9406,267.0857,-182.38855,97.10913,119.037346,99.4785,-111.12515,-70.809845,45.3976,-47.353317,2.9573681,36.227615,-22.056559
-1357.411,266.09467,-167.59962,87.89996,129.05028,91.67485,-111.12779,-70.60744,44.243557,-53.38183,-1.1689183,51.324455,-23.859028
-1382.649,277.01712,-141.11795,70.11519,122.20065,79.06755,-117.65703,-71.45614,59.109234,-53.59532,-14.335148,53.76709,-26.629154
-1353.9104,274.61676,-145.3099,75.45755,110.34631,72.12831,-105.184265,-72.31863,59.024643,-51.03171,-13.476617,53.581783,-23.047867
-1379.0338,283.3557,-131.00917,80.45469,101.944534,61.100792,-94.84135,-64.13734,50.997032,-53.195374,-15.054536,47.911682,-14.591423
-1336.1211,276.6574,-119.07434,84.46269,67.494415,81.70007,-85.07432,-57.75579,31.77922,-58.886955,6.6730194,41.54428,-8.252205
-1375.4033,307.3225,-116.727036,72.10988,70.35303,63.1708,-67.78273,-65.593445,25.099964,-64.74291,-8.752792,53.501366,-14.62299
-1352.0321,317.53625,-102.963196,76.41133,24.817532,74.35658,-46.11559,-78.127975,18.270275,-72.545784,-15.040748,65.314964,-13.294927
-1315.0834,353.8675,-97.66417,52.224777,7.188511,64.54893,-35.192497,-59.876358,0.6938362,-77.359314,0.17562288,50.40942,-11.540924
-1285.9613,340.8209,-90.18593,75.887054,-3.8074448,51.310642,-34.19944,-41.675537,-14.017717,-81.98065,16.627337,21.348019,-6.922423
-1286.1823,334.53458,-32.742584,45.389038,-22.866947,54.848274,-19.549665,-29.93589,-24.576488,-60.829456,-6.8948836,23.327343,-10.712467
-1491.8091,374.10138,27.070599,0.18533409,-24.050236,73.52179,15.847429,-30.742437,1.1963491,-41.40545,-60.81308,5.5824223,18.886093
-1765.3419,276.79712,41.79948,8.617616,-7.002597,50.435,34.51182,24.244354,-17.792233,-38.68708,-18.448479,-1.2308025,20.534817
-1497.4185,296.9784,27.250057,51.405525,27.142124,60.44924,4.601963,-22.122383,-9.835778,-24.585255,-53.75196,2.5993938,0.22843075
-1417.3691,423.7995,21.414188,44.63726,-22.035322,30.228992,-3.2161543,-37.049576,59.900513,-54.82634,-111.59907,12.82132,1.5822678
-1391.1476,425.815,25.618109,63.491646,-17.52793,9.828999,-21.921299,-25.47679,66.61767,-58.09967,-106.335495,0.32180786,-21.900864
-1406.1825,434.22736,35.43208,64.91121,-18.419085,-2.860035,-28.63227,-33.440506,60.726402,-51.528793,-99.3687,5.682907,-37.252335
-1417.0996,437.06726,44.416885,65.29531,-31.864862,-6.967346,-36.02343,-35.668896,63.860374,-46.514847,-69.97208,-1.0852966,-70.11579
-1431.3433,430.99017,64.091606,80.95694,-60.642334,-4.398697,-24.370739,-47.29613,43.40557,-34.481983,-48.440395,-6.001171,-64.4815
-1344.6772,415.54077,59.05252,105.925766,-98.63179,-20.158836,-27.770498,-22.776419,67.56766,-38.253967,-42.866245,-1.3493347,-71.21219
-1408.38,413.82288,85.84157,102.23191,-82.944824,-7.9210453,-30.75069,-27.78966,48.221306,-35.189278,-29.326006,-5.9004936,-60.53263
-1434.2811,412.2564,106.814026,103.120255,-99.79893,-1.4351139,-27.966232,-32.437817,72.79513,-40.805626,-37.37063,5.646761,-69.26804
-1418.1675,409.98145,108.78348,92.95485,-108.42233,-0.6959915,-16.988321,-22.842436,60.676662,-27.140484,-24.899359,-1.6472654,-67.51863
-1460.4276,420.5434,121.646866,86.23396,-108.57585,-12.312008,4.770197,-25.264458,42.82076,-2.3135624,-21.021624,-14.34321,-60.880604
-1454.6648,410.19495,117.22847,93.38373,-120.51948,-1.9645977,11.221076,-35.911842,48.442417,4.6379695,-19.837854,-8.697956,-72.58269
-1474.5449,416.77808,118.015656,73.52734,-117.609795,9.733486,4.686672,-39.72076,60.821785,0.31013787,-23.531942,4.0157256,-72.0328
-1493.2374,408.68097,105.99215,95.25839,-113.83476,-34.063213,5.4869623,-18.447231,66.181915,-3.0211968,-30.653204,-2.2368913,-65.847046
-1526.1543,393.83447,105.232124,105.82963,-98.12593,-38.836258,-6.3113527,-14.635857,68.63775,-6.5911527,-27.994495,10.758461,-56.12327
-1628.9153,374.09198,102.741196,98.42119,-72.23317,-45.148643,1.2214918,-24.452763,50.98365,-2.0820017,-9.784389,23.114605,-58.086372
-1934.1095,332.7733,135.98396,25.933842,33.201942,21.333094,-15.530767,-5.907503,43.105568,19.206804,-0.56596273,20.040052,-21.885406
-1970.4917,317.47882,121.048355,9.4902725,66.48941,42.96776,-20.886555,-0.3292408,31.71229,5.4105225,-0.124261044,0.39272952,-25.220007
-1923.2043,333.03735,83.40291,-6.045314,84.362404,28.637379,-38.39767,12.047818,35.2776,-9.224851,-10.55498,10.996142,-16.80729
-1893.5732,334.99402,72.83966,0.18401551,91.68848,25.571888,-51.838684,-0.14635086,41.19549,-0.39089108,-6.138131,10.3463955,-27.904377
-1773.6443,338.34335,7.22443,17.352638,94.55726,7.986414,-44.339108,4.32976,44.272594,5.53259,-3.2770593,8.734157,-34.799725
-1719.5273,355.4994,6.9355288,-4.0889316,75.73684,21.520317,-44.33201,2.9997597,65.289925,5.1094685,-7.161063,14.252068,-39.73092
-1492.8391,362.93387,-40.712486,34.474113,0.4468298,-18.377241,-9.038558,-21.328247,60.67313,36.084282,-18.611021,-3.6193962,-28.721989
-1190.2997,388.85617,-57.259323,66.089935,-147.68188,-71.80283,12.734559,-11.711046,79.90045,6.3695827,-59.16368,-1.1957345,-2.3385887
-1025.0784,360.49048,-84.214005,49.60087,-171.0473,-64.665375,36.134796,24.775606,57.83999,-15.495101,-53.834816,5.8462267,1.6481113
-923.7583,345.46124,-136.17862,72.03609,-162.17493,-73.58126,36.971767,8.702772,48.178917,-17.405502,-39.154037,14.167387,3.8020763
-918.7771,348.18536,-133.18216,73.53616,-169.0164,-68.863556,37.435966,0.80626583,47.669327,-19.2627,-30.86061,21.437397,1.2148037
-901.2107,353.95685,-144.22336,79.51119,-179.95898,-67.06705,37.417824,0.6727278,53.550804,-27.383457,-28.601257,25.478687,7.165701
-905.0531,358.4816,-143.0035,71.28772,-166.68225,-71.673325,33.664436,4.6152267,54.874073,-29.407217,-34.67094,43.11418,-2.7890015
-917.0125,356.20093,-152.50554,83.132515,-178.29782,-67.4382,37.251133,6.054634,44.68538,-36.37301,-27.017088,43.032173,1.4060078
-936.7694,356.68622,-144.88972,84.82378,-178.04617,-71.3131,28.869839,19.29552,45.71705,-55.68988,-19.115683,44.5775,10.693731
-957.4296,359.55737,-138.93086,78.29324,-185.48218,-60.55482,26.80074,33.784595,34.131317,-55.390884,-25.523188,53.676422,16.007996
-966.38763,362.73608,-141.01167,73.115326,-184.50429,-70.378006,36.13333,32.569504,33.60125,-62.36142,-20.038113,43.279205,23.248863
-971.46716,358.2883,-143.06342,77.25936,-179.72461,-69.90397,31.899738,42.53901,39.746567,-72.23726,-16.89486,48.700714,17.958084
-1002.1802,365.77963,-140.18481,70.15201,-173.3951,-73.795525,45.92134,28.756351,47.05718,-56.587627,-23.210196,42.834568,12.479908
-1121.6748,395.06116,-102.77323,32.300583,-145.86508,-79.0202,49.07757,26.609219,46.847984,-38.563675,-36.6722,35.44689,3.1273174
-1231.7751,423.98456,-80.49054,26.051437,-148.31154,-77.86685,62.364807,26.254314,49.51365,-34.061676,-47.944145,37.954712,-2.5112343
-1312.8934,421.41968,-43.59105,-0.73246765,-125.470894,-58.200222,45.847397,25.937687,52.239746,-22.277588,-58.751972,29.011425,-8.550682
-1490.6885,408.29364,4.403818,-3.7708583,-78.46568,-40.79989,3.7409058,4.194151,82.525894,0.39644432,-61.696926,30.063627,-24.301373
-1736.4401,369.0309,44.266144,-34.527603,4.4093447,11.484709,-4.7977104,12.11433,52.728516,11.878551,-17.661108,-4.8831015,-20.53935
-1847.0806,349.6811,46.577057,-34.45909,55.87275,34.411697,2.8149967,23.869448,42.063507,17.450472,-8.155604,-19.22701,-31.007973
-1862.3162,341.18372,34.89296,-23.235512,84.10526,35.118557,-15.312971,23.05302,41.09977,12.552317,-4.3423905,-17.627865,-32.392876
-1882.1267,326.93018,41.857986,-12.405702,98.07131,32.207157,-21.520046,41.166504,40.309296,-8.3434305,8.469215,-2.3703601,-40.23062
-1896.888,316.68683,36.717403,-3.662757,99.50134,13.166679,-13.992857,47.000397,29.458477,-2.8127205,-2.7379766,-0.8336451,-42.078136
-1881.741,319.32257,36.64418,-12.545653,98.24336,25.435003,-12.103491,54.754593,39.135536,-1.5509098,-3.9928389,-7.11178,-41.87345
-1886.9652,324.58813,43.455673,-9.871126,94.28012,22.612017,-29.417143,44.42009,51.60651,0.93415785,-0.65356743,-5.1070795,-42.62827
-1910.6361,314.2038,56.86792,10.603164,93.53677,3.1105976,-27.374067,48.183792,45.75582,-3.4333277,-5.2430825,8.964522,-31.912148
-1933.6488,319.49023,63.42142,2.2701635,90.54837,16.948618,-20.91528,48.081764,42.669567,-14.456764,-3.613929,12.3423195,-30.664791
-1839.7676,327.7712,7.675845,-1.507184,114.39412,27.978748,-25.46649,38.504814,40.746742,-0.09581232,1.8484852,8.036661,-28.20874
-1943.0039,313.28033,75.687454,2.7310507,102.438705,31.879993,-40.799503,30.602943,49.353233,-8.432101,-2.1209757,16.663673,-24.042757
-1928.7087,311.0918,60.644802,-7.5891094,100.35189,43.70487,-19.91375,30.780315,41.43032,-13.917913,-6.724496,12.127359,-21.03927
-1969.1764,309.646,78.52219,-0.92265296,99.88553,51.75117,-20.716793,30.683764,39.638226,-12.2145605,-2.769654,9.014497,-23.375668
-1885.3076,298.83963,69.34596,14.674277,87.26224,43.726994,1.1365271,10.486409,0.7816262,-24.281982,-16.16459,8.180402,-13.145929
-1972.4644,303.686,75.850235,-16.519377,95.82363,84.629,19.8533,25.013548,19.042841,-19.00991,-11.57541,5.7064714,-20.71422
-1995.0695,299.8512,94.913216,-13.914051,81.08566,71.50775,29.653774,30.95012,8.035776,-20.57095,-12.06708,8.971764,-13.696774
-1953.2288,310.71655,65.44212,-2.4193492,105.655785,57.191616,6.1333365,28.373615,23.555569,-7.4679976,-17.17591,-4.347562,-6.2083426
-1844.7242,256.95337,44.897007,60.96896,66.131744,51.70154,15.625998,0.298046,10.707444,-9.220603,-9.447325,7.7881556,6.843526
-1892.5972,299.72034,67.75482,21.243538,76.11246,47.849827,-12.225257,17.38257,20.515095,-37.64196,-20.168964,34.527016,7.1477203
-1907.3452,325.00446,73.78079,-10.571747,84.59639,41.055717,-4.5941305,37.895817,11.937205,-41.38059,-15.547781,30.17529,1.4091368
-1931.3416,319.0456,67.13643,-7.57765,95.17326,39.287003,-10.632429,49.862286,21.859966,-49.694973,-15.75834,40.299953,-6.228736
-1929.7781,325.90344,67.509865,-10.1801195,90.43215,47.724907,-0.2075305,51.989143,18.846731,-51.53676,-18.491291,38.38614,-0.6070385
-1894.2144,330.29416,51.421608,-20.463013,100.64698,55.43198,2.759839,44.85051,12.017166,-51.36281,-19.980104,29.93908,-8.539919
-1793.1902,341.96637,57.227776,-0.8032384,18.763191,45.43537,39.632206,10.526093,21.270721,-39.886925,-37.660625,47.820213,-6.33147
-1505.0854,351.44717,11.949232,45.474525,-52.438953,29.698215,57.390335,-34.85828,33.134594,-27.547085,-49.35533,34.341778,-9.711758
-1413.387,330.81985,1.3351432,73.99611,-87.54802,13.7046,59.821075,-38.25594,43.99408,-26.53276,-38.56122,26.457752,-22.265821
-1405.3599,326.8464,12.753822,84.86062,-110.10336,-5.1865253,51.484543,-33.887375,35.800957,6.8682594,-28.602232,2.0282176,-23.43237
-1426.1981,369.9052,16.196003,42.239456,-104.35804,-26.614325,46.248093,-17.798468,31.942776,33.404465,-10.965819,-16.654387,-37.099926
-1477.7568,380.76895,33.158436,57.195267,-98.23694,-57.201874,54.34725,-14.5517025,24.216843,55.60245,-14.725995,-19.706982,-36.14276
-1528.1757,354.07697,77.11441,58.214302,-91.67369,-41.952118,40.311653,-24.418343,15.471513,34.88557,-1.0599029,-5.652954,-34.437744
-1577.7603,359.36035,95.28818,45.59255,-73.557556,-49.215073,26.983929,-18.661375,22.22855,40.303825,-4.257972,3.4368057,-37.994457
-1569.6057,366.74188,92.44913,33.393513,-59.03151,-43.005188,11.879274,-33.60882,37.02897,36.204082,-6.678921,12.147873,-40.44854
-1580.3564,354.78925,94.60099,44.476814,-55.785126,-55.08535,23.618153,-32.13291,41.97612,31.766289,-19.316698,25.890205,-45.115646
-1616.4799,376.94333,94.63923,27.092102,-54.28387,-42.185577,-1.5818653,-9.250308,39.537777,15.372747,-8.4503565,27.15648,-43.931606
-1622.3086,373.40234,89.37494,30.835497,-48.147873,-46.210434,-6.0623984,-15.793755,49.218613,19.436852,-10.835944,27.353977,-47.030777
-1661.2958,377.17657,106.46036,26.297337,-56.38443,-30.71904,-7.5950503,-24.788898,50.87755,20.635618,-16.248556,25.852098,-43.91381
-1668.0322,373.71576,102.975586,36.426003,-50.912075,-29.69664,-1.542521,-29.234425,42.574802,26.272987,-14.1538,22.205132,-38.884274
-1656.5677,361.93478,91.59408,63.92821,-51.741753,-31.33739,-14.46648,-34.43645,54.507816,12.322359,-16.754185,28.441923,-39.28113
-1656.2761,363.8636,80.33801,54.467937,-42.469936,-23.81299,-24.155342,-47.515823,62.115494,6.813492,-35.24385,43.264214,-30.774546
-1630.6803,354.39716,63.097027,69.06641,-35.416786,-19.819733,-20.33229,-56.301598,59.30081,16.780344,-33.275127,36.459045,-21.867119
-1639.0669,361.68448,57.16975,61.33178,-23.943274,-17.100048,-29.306522,-54.29014,53.45545,21.335838,-31.022066,23.694382,-21.179539
-1645.6992,356.24728,59.547695,75.24013,-20.463085,-24.916178,-35.10054,-57.707253,60.449356,30.916914,-28.782967,13.965109,-25.26696
-1652.4243,351.00458,71.173065,64.98021,-29.184038,-21.026596,-27.839607,-57.7209,56.605915,23.192371,-26.073006,21.097218,-27.313656
-1623.2888,365.948,55.252785,59.081207,-21.492613,-18.071749,-38.544178,-65.223785,55.46763,33.886147,-23.8771,20.969673,-24.386276
-1643.7467,368.4865,68.50911,55.908394,-22.841854,-24.576061,-27.93008,-66.28514,58.370518,39.733578,-33.67277,27.35622,-22.493168
-1625.0466,364.23785,66.25775,60.477028,-42.49554,-21.491343,-29.956894,-61.44648,63.43171,20.497192,-28.517725,36.98252,-25.234161
-1563.3618,363.8498,57.912407,67.711655,-64.834366,-28.773417,-28.781027,-73.780525,76.60029,32.668907,-25.746344,47.94581,-31.995232
-1539.7196,386.47238,34.973465,34.391098,-44.299183,-28.37059,-28.482935,-64.68076,65.4381,47.972412,-25.210272,39.62684,-29.100601
-1598.8063,364.25623,73.64195,64.97955,-64.422005,-31.283201,-29.245789,-62.38748,82.25618,33.08528,-32.202988,42.49839,-27.670448
-1590.8777,377.7754,80.46961,49.875168,-66.900185,-37.290344,-30.470482,-57.496243,70.28651,37.96077,-13.774545,30.364502,-26.771576
-1553.5269,384.55176,53.937706,51.951057,-74.086105,-24.352364,-27.111416,-68.456116,73.84305,34.84546,-12.6386595,37.679382,-27.643559
-1603.786,364.5891,70.018295,73.76407,-60.450314,-33.44258,-24.211472,-62.51157,78.533424,29.228432,-32.592705,38.23298,-30.174698
-1630.2937,365.56006,79.69024,63.78029,-53.418808,-26.60454,-33.128082,-66.20308,70.86189,27.48787,-29.714106,44.6894,-28.182835
-1566.5947,383.44073,52.409687,47.164032,-47.13459,-25.980423,-44.283005,-76.7797,75.433304,48.07057,-23.89868,35.968857,-24.324831
-1654.4233,360.62122,81.38832,72.11911,-40.14601,-30.496126,-33.372856,-67.86068,67.00029,35.94709,-31.714108,28.924044,-29.66717
-1624.1349,353.8015,73.56046,62.2314,-39.402946,-18.226841,-32.450333,-68.865234,58.32713,28.25107,-27.483507,28.963781,-25.642132
-1568.2771,347.2239,55.980663,73.594925,-53.26432,-16.905958,-32.88157,-82.870445,70.48171,32.882603,-17.831787,31.640423,-37.258186
-1638.8247,355.02222,74.924866,67.660706,-32.308575,-28.0441,-28.68837,-63.132877,52.08715,34.77057,-30.827467,37.167168,-22.160408
-1626.3516,347.33722,78.32989,77.586296,-35.659706,-24.138866,-30.12817,-70.45595,67.1786,39.593628,-40.62683,44.25241,-24.778023
-1598.0288,364.45877,61.216515,53.472305,-34.70248,-22.965912,-30.111832,-69.72703,59.83514,42.521397,-32.1227,41.289837,-27.06757
-1619.2809,371.56546,69.02223,67.61122,-40.338158,-35.49622,-41.382248,-66.985176,68.84978,39.892605,-26.966301,42.45937,-20.87423
-1604.9749,374.15106,66.86575,55.43744,-45.04123,-30.10976,-38.214676,-65.234955,66.609955,36.862312,-23.089703,49.01944,-24.848248
-1651.9001,364.08014,72.84674,60.62491,-30.74154,-20.618685,-36.52703,-66.57337,66.20482,35.407883,-37.005016,35.69586,-16.269657
-1652.571,362.3844,72.9781,69.83828,-30.33795,-27.093977,-28.811506,-60.937927,61.063774,34.786064,-37.7549,36.56421,-17.929995
-1648.9426,350.25146,74.44315,72.479935,-37.78815,-24.200607,-22.980293,-67.04205,54.494614,29.32367,-32.938717,33.938927,-17.041084
-1641.6602,346.84094,67.910576,78.96736,-45.087067,-11.6087265,-31.874008,-68.83328,70.59177,20.788403,-36.318718,35.098747,-22.621613
-1648.5061,354.39523,68.57539,69.84717,-31.73958,-17.796242,-23.348202,-69.3737,62.65783,30.025799,-39.502995,34.494022,-23.787346
-1654.9763,353.50336,79.07419,68.44113,-40.380634,-17.552288,-24.92184,-69.54903,62.7334,26.804981,-32.170727,37.344494,-24.552923
-1626.522,356.0183,63.268517,74.81636,-40.580765,-18.120571,-28.855274,-73.17912,76.3201,23.1967,-29.717527,30.444414,-23.686203
-1666.7703,354.75226,77.332794,77.5633,-33.837208,-29.072664,-23.626625,-71.646515,59.042107,40.120277,-36.364998,26.257828,-18.535713
-1641.2067,362.84558,67.831924,69.359436,-31.073397,-35.588615,-38.75619,-61.57766,69.676216,29.187914,-29.224916,37.854416,-29.869734
-1632.7144,365.37256,65.167946,56.584694,-23.782158,-23.645735,-26.584631,-67.01759,56.262245,38.639545,-22.92437,27.063519,-14.992346
-1614.3983,362.19022,56.160614,69.72054,-35.711967,-15.436602,-38.066948,-72.85057,77.51295,31.729351,-27.762701,40.002567,-23.664179
-1619.9458,349.5761,65.64059,77.41992,-38.95362,-24.498714,-24.2798,-68.56253,69.65312,34.972046,-39.570232,36.940567,-16.581667
-1635.2891,361.31442,69.56103,63.213238,-40.843063,-25.05282,-28.416502,-58.88446,59.016144,31.761948,-33.940453,35.66256,-20.474976
-1621.3256,357.50662,62.403084,75.87564,-44.696033,-25.541254,-25.337666,-58.517937,67.09565,22.51373,-27.272099,26.816631,-19.592613
-1618.3479,354.7138,65.710655,77.28612,-50.779053,-24.235796,-19.795292,-57.44951,69.93576,28.228456,-33.37859,31.296835,-25.543812
-1571.0405,362.78415,40.009792,68.27806,-57.79538,-15.285312,-6.8097367,-64.07915,70.62103,26.344315,-31.001446,34.13758,-26.022278
-1604.9084,353.81262,59.508953,72.234955,-50.492897,-27.93058,-24.535656,-52.701973,70.853195,30.607555,-31.603603,29.295952,-28.272251
-1618.446,365.72546,61.323784,66.19907,-44.49066,-34.1168,-17.045284,-45.33,65.40688,34.589996,-37.732483,27.864006,-21.246355
-1619.6278,362.2931,62.948975,73.26797,-44.234764,-30.881927,-27.863762,-47.13244,77.50325,32.201477,-33.852077,27.423065,-25.14471
-1610.5372,370.71674,50.875008,65.064186,-41.28409,-23.374763,-18.582432,-56.66784,81.2932,34.060944,-43.418915,36.15229,-27.762846
-1523.2719,360.52277,10.741077,66.24447,-48.23855,-14.905247,-3.817441,-67.06612,69.62875,43.690563,-37.35296,26.036282,-20.524456
-1545.3589,353.04022,24.647797,67.96254,-47.5269,-14.926289,-17.932632,-74.33034,74.5803,42.626537,-41.41159,26.449993,-23.888254
-1548.8544,350.64877,49.77417,68.82727,-70.66084,-22.05315,-8.982885,-56.41219,79.6492,20.62609,-40.54793,48.946014,-29.973057
-1538.9617,348.01538,35.358147,62.642647,-61.781784,-8.108124,-20.884727,-63.57467,81.565445,27.933434,-37.76911,36.549637,-29.23499
-1549.1699,341.88495,41.199696,81.26764,-70.23061,-24.664867,-17.724195,-52.427742,80.873184,21.644413,-38.7501,29.083607,-27.645603
-1578.1821,361.4225,52.150166,69.84639,-67.01172,-44.30495,-16.896145,-38.419823,81.10846,22.72485,-37.898167,31.373878,-37.82459
-1521.9519,348.29834,28.412437,85.19745,-75.12201,-38.638073,-9.813408,-54.2703,83.21689,29.358656,-37.543533,31.91125,-31.506834
-1472.0674,340.57297,18.842367,81.135025,-84.573425,-17.420567,-14.034658,-58.10588,86.957535,28.009497,-26.534105,28.862703,-36.493553
-1507.3448,350.43225,28.435823,79.21223,-86.62015,-26.815845,-1.6610527,-57.198177,83.64348,27.140114,-38.432346,41.381905,-28.442844
-1528.3931,347.45187,46.01303,78.55524,-81.833084,-40.479355,-15.271687,-56.241707,90.02699,30.675917,-37.460983,38.99034,-37.883297
-1511.1433,361.12793,53.784374,66.82579,-85.8889,-36.33126,-25.60887,-43.96139,81.20572,20.777596,-25.272013,49.032333,-42.147278
-1479.6382,361.03528,21.409994,63.748142,-79.80279,-28.769001,-21.258518,-63.773735,87.46552,34.62525,-35.842533,40.88836,-33.6653
-1522.2104,361.75702,39.08389,72.32741,-78.70859,-45.389557,-19.80302,-46.40705,82.93846,36.025948,-36.02782,33.93595,-31.486479
-1526.6294,370.30524,45.43422,57.52642,-75.28169,-37.564674,-26.297844,-46.142082,82.117775,35.72008,-25.370089,29.71465,-26.692484
-1577.011,371.3691,46.623634,53.909943,-71.81766,-44.633087,-16.530201,-34.1776,95.68916,27.568783,-37.23934,33.21323,-41.393505
-1564.2117,372.29755,44.98005,53.265503,-72.956406,-45.642227,-19.605627,-25.50373,93.78783,17.325272,-36.64583,39.759083,-42.781963
-1557.3544,376.0274,42.486935,55.025368,-67.637665,-49.98041,-27.065418,-16.240536,94.28827,18.333742,-29.687466,29.925749,-46.433685
-1549.7965,375.09457,47.82496,53.013565,-69.113525,-48.28692,-20.278881,-21.708471,93.22192,16.729595,-30.71247,29.17173,-50.81861
-1493.6963,374.89603,16.581472,51.573196,-63.558426,-35.82172,-24.561314,-28.0001,85.385574,24.474316,-28.168272,17.948116,-45.4962
-1543.8547,359.40308,38.094536,63.759903,-81.8179,-40.449978,-7.922797,-15.287483,92.798294,12.958509,-39.54099,26.547705,-48.062626
-1505.1338,360.78174,29.802061,63.510384,-84.16917,-43.718956,3.299117,-17.625887,85.86882,15.604776,-37.27732,18.558386,-49.133316
-1464.5859,362.5512,11.40009,78.17172,-103.67845,-62.046577,27.171188,0.18553925,72.50296,15.207357,-31.127773,1.1051121,-39.95912
-1310.0204,360.01202,-54.714336,63.712994,-129.69539,-33.137207,54.201096,-4.8436155,56.42083,18.712421,-29.685785,-17.524174,-21.917747
-1408.0762,357.1911,-25.490753,61.288303,-121.84073,-24.884563,74.16657,13.999118,47.22277,-2.9149199,-47.928898,-16.524143,-2.1548138
-1394.768,355.55383,-45.350895,56.22762,-98.487335,-11.551344,75.432945,2.0726738,33.95705,-14.703712,-51.94082,-0.060532093,10.706081
-1377.4404,378.88177,-55.212337,18.62307,-92.86499,8.62868,66.93979,19.840515,22.631737,-31.832325,-35.904263,5.0952654,12.85751
-1460.4065,364.1278,-53.480423,-4.572266,-51.25528,45.52349,52.453087,-4.952561,39.382423,-25.852938,-78.08272,4.865679,43.061844
-1578.9109,331.19537,-22.428368,-44.69191,-30.930996,75.07883,32.10299,17.277225,18.069056,-28.856892,-56.905888,9.299812,40.695847
-1834.6031,344.51282,27.377697,-55.01812,64.42603,47.155186,7.7604856,55.36877,20.407055,-56.593983,-36.47191,16.600674,8.148713
-1878.5642,321.0805,45.364597,-32.60815,82.25783,47.750793,-8.125712,35.142986,37.228725,-30.864262,-34.513718,12.316475,4.720627
-2039.73,267.8684,29.354534,-36.168465,81.75038,58.088493,-7.8763294,34.2782,25.578175,-36.283997,-23.797882,10.603708,0.48128796
