-1983.1141,309.12823,170.52702,94.40958,57.835724,-15.659663,-42.586193,-41.544827,-6.1343727,0.9717151,-23.700722,-0.6881398,4.522167
-1884.7837,328.7719,205.83963,114.14598,42.07905,-24.327854,-64.273575,-36.102684,10.431243,-1.4299917,-45.84298,-23.74596,-9.477115
-1816.1769,360.80704,202.2248,92.98074,39.947937,-20.487904,-75.698074,-34.33807,16.723175,-13.352352,-55.604015,-27.26942,-10.754402
-1770.0286,389.25925,222.55232,96.7808,18.661974,-36.5092,-99.412994,-44.546143,44.1421,-10.187349,-57.196648,-27.968184,-19.864643
-1645.0216,436.99713,173.2532,85.746666,14.814649,-67.687935,-112.730606,-37.029335,54.78523,-7.067445,-67.32725,-15.104058,-11.453762
-1486.5635,439.4079,142.99438,56.961224,-4.897764,-64.60657,-126.47942,-47.05688,57.48571,-7.6084766,-32.649647,-26.041044,6.9843216
-1360.5413,470.96265,126.40167,10.405289,-47.1855,-80.40603,-135.40088,-37.26967,67.45621,-9.820385,-39.683285,-31.628338,-3.4789467
-1210.3917,462.18896,70.05302,-7.2559586,-82.21951,-84.00638,-110.16531,-14.321949,79.197334,-27.818205,-33.815586,-40.57341,7.8216095
-1164.8826,491.14258,22.231663,-69.25113,-80.40831,-55.358814,-96.0417,-1.8182831,68.256996,-27.555668,-25.053337,-62.975407,22.30445
-1120.1649,515.64417,-43.582336,-96.19127,-65.51546,-63.2839,-90.91449,20.884418,57.99926,-37.546738,-35.47805,-47.74311,39.61004
-1043.2058,480.8273,-61.309273,-89.39554,-62.879295,-57.57268,-88.11005,24.445177,46.022514,-34.404182,-21.97127,-20.83879,28.99865
-992.5129,492.29797,-94.79797,-79.747925,-58.39068,-38.779663,-81.57221,16.92217,31.061672,-27.518166,-3.0119054,-15.53752,25.54044
-966.98724,463.2486,-91.63138,-81.02538,-53.18174,-41.063988,-56.494854,14.933931,23.633394,-22.015303,-2.646029,4.691868,31.634047
-983.3511,453.2287,-91.112206,-111.009605,-67.82672,-17.822235,-59.33762,3.7115211,23.547314,-7.4317226,8.649476,2.6776488,37.826664
-1070.7998,464.50623,-42.462894,-105.877625,-101.43079,-38.743027,-55.570866,3.537996,1.8778477,-14.584005,27.964893,8.881992,38.40078
-1058.4529,439.56906,-26.957233,-117.70088,-71.34175,-52.47093,-37.608185,1.3280532,3.0381012,-4.1727753,38.446457,22.782295,40.5681
-1065.3334,444.30737,-71.3851,-101.234634,-47.009083,-36.732185,-70.67735,-14.537203,8.603931,7.8972054,58.365215,-6.478962,44.788273
-1035.4901,409.6283,-60.97867,-90.92502,-57.947605,-39.894478,-67.39636,-7.520845,4.355158,10.019987,52.23658,-18.072756,35.454758
-1044.5972,420.65363,-74.85859,-96.50485,-23.697704,-19.851545,-61.95301,-16.35963,2.5686154,16.943432,63.855175,-24.17812,13.440577
-1057.6213,403.2329,-29.446701,-82.54282,-24.571272,-47.315052,-74.00783,-31.385641,13.182976,11.102549,65.71532,-27.720163,15.746777
-1014.63605,400.97583,-30.123014,-70.547226,-25.534258,-40.697647,-82.98712,-50.592293,23.69078,14.078705,50.962364,-13.208061,19.173195
-1042.3019,392.18536,-16.503485,-30.631668,-28.313501,-67.41052,-60.749874,-34.734024,-9.453817,12.034234,39.2184,-8.3468275,14.744776
-1184.9381,404.5462,38.561306,7.891535,-41.86757,-63.46608,-55.074886,-34.677483,-15.518387,-29.212694,38.37234,7.6638317,22.160347
-1317.9084,392.96603,78.56903,33.139393,-13.359554,-44.627575,-73.98338,-28.730059,-9.651771,-33.25,21.28641,-3.7361383,14.26378
-1447.0239,355.49463,114.83508,87.70868,-37.538776,-13.735949,-71.70486,-51.518944,-4.5058055,-22.298504,-12.64352,5.1406164,2.0755544
-1721.2789,363.05893,123.79793,29.972847,-51.35142,-22.412426,-36.092102,-32.820515,1.8461528,2.2784386,9.051616,38.837425,10.093262
-1855.0713,360.89948,124.66678,-18.727953,-25.815994,-27.66812,-27.857172,-13.040218,-21.300114,2.5134807,-10.915915,2.0769482,17.334587
-1816.9187,303.60876,107.101265,-37.436523,-59.690826,-41.571365,-54.15995,8.57144,-20.301062,10.865953,-4.743209,10.018143,7.6376324
-1821.1134,324.55536,111.631836,-76.096954,-70.61435,-48.234264,-66.48382,-11.273035,-32.15341,-0.9746599,-1.2675047,31.817413,21.64755
-1875.7375,334.30756,127.82235,-42.911476,-29.533367,-48.5709,-44.56639,-9.719513,-32.97631,9.697508,-5.124158,25.671942,19.880678
-1260.2762,75.01808,52.455963,7.71238,-19.183008,62.037876,-43.615166,-33.112534,-28.16478,53.398758,23.983332,40.2358,14.149162
-1230.3976,217.97166,131.54303,32.499363,-0.4733132,93.964424,-16.02093,-9.689768,-29.019247,14.569076,-3.5282009,37.43108,25.058035
-1171.8085,400.52158,24.191431,4.23106,6.5979347,72.276375,-34.09459,-59.11885,-49.430157,-18.169674,7.482092,28.007378,46.63245
-1129.9475,419.6682,10.213193,-42.62031,-42.714348,42.60758,-46.05667,-49.45247,-49.053825,-44.288437,17.73911,46.9366,48.875175
-1097.4526,431.3249,-17.218065,-60.182518,-57.526024,-12.39498,-58.15242,-35.603954,-47.429817,-36.239212,21.784883,50.038933,47.059715
-1106.7612,448.57465,-29.714901,-97.25659,-50.470337,-30.029404,-88.670685,-48.001293,-4.384265,-13.549684,29.755678,25.90075,33.595257
-1163.6777,452.48376,-8.229188,-120.75145,-43.03064,-46.06141,-94.11868,-56.346893,15.240173,-16.16369,24.407259,39.099426,18.918076
-1181.2715,462.2271,-22.349552,-105.4318,-51.09605,-56.269924,-92.0257,-31.582008,6.4333467,-10.327772,28.00084,43.123253,21.293518
-1183.8508,455.5743,-4.6700335,-80.108055,-79.28082,-61.764847,-108.37692,-25.183031,10.283653,-6.9193172,28.744139,41.211845,31.010994
-1159.228,452.8391,-26.094244,-82.7263,-81.22647,-58.301918,-118.69226,-21.886436,15.2786,-20.565275,43.277725,28.458658,45.67063
-1174.1208,461.65582,-14.68858,-96.88266,-66.303154,-87.1154,-109.23553,-18.567776,19.117006,-28.370163,37.978832,32.9134,40.49273
-1122.6694,418.93304,3.4449015,-80.88003,-100.7093,-89.919525,-85.5985,-23.664156,17.446146,-19.275223,26.167067,40.376366,52.34931
-1143.6068,441.82147,-2.5843916,-83.180786,-102.67756,-70.267815,-89.18085,-16.978958,41.539658,-41.509098,38.179462,23.833614,58.78247
-1160.0785,457.02197,-8.635953,-91.349304,-100.06801,-67.18407,-76.905624,-15.834978,33.85036,-32.11777,44.58788,22.43568,51.558544
-1162.666,446.1159,-14.931927,-78.97884,-94.83577,-97.99904,-77.240524,-13.277014,47.427437,-31.682869,38.375538,21.982327,56.767563
-1171.9326,447.2575,4.8939686,-76.99899,-108.82195,-90.18196,-93.22061,-11.491259,50.876633,-24.108936,27.262777,16.79787,50.15274
-1170.1678,461.89142,-0.21043205,-64.243,-114.1766,-112.09954,-92.99677,17.794651,33.971478,-37.021515,6.996544,19.598717,51.351337
-1121.575,443.38287,-13.181318,-43.904163,-116.182434,-119.53774,-82.64421,20.814356,27.103645,-33.695576,-9.015522,23.013195,53.58448
-1121.7594,455.28616,-17.191034,-45.56306,-123.49031,-99.298676,-100.116516,31.83797,28.005196,-37.39798,-3.4401565,19.132341,51.22445
-1094.1238,452.07245,-14.653292,-67.15599,-111.548904,-92.026184,-104.9807,41.2988,34.65509,-53.8306,-4.3445067,23.630795,38.170425
-1051.1694,442.22583,-50.714203,-73.69602,-97.04288,-102.8862,-89.71442,45.563087,30.661001,-56.232735,-26.069944,22.158926,35.356667
-917.83276,406.33008,-82.42746,-81.39926,-81.53586,-78.3974,-75.18244,1.7440457,13.78984,-26.449442,-33.21569,22.096151,37.49735
-969.06,401.75995,-43.861652,-66.213104,-78.86076,-76.1445,-81.396034,-30.963047,-0.22790337,-9.079611,-23.123371,12.960714,28.305513
-1135.3904,428.25732,14.280672,-32.08129,-99.93866,-100.14101,-87.0304,-24.193218,-1.1663947,0.7025852,-27.040789,-7.108245,14.366142
-1347.2156,471.36545,79.33931,-9.941523,-101.86334,-89.090546,-142.61069,10.573788,44.130333,-41.928253,0.5426599,-48.826385,3.047432
-1399.346,460.76312,106.792206,22.28863,-105.4297,-67.71585,-135.43985,6.4386826,45.132996,-52.18289,-4.502149,-45.953903,-6.792942
-1460.8711,459.1796,154.54927,21.23919,-108.62425,-76.76676,-123.803444,4.2689095,49.404953,-51.64592,-19.626122,-54.066116,-4.9397774
-1512.6252,474.7063,148.79602,40.68486,-90.81707,-78.666824,-100.52849,-12.408945,46.076347,-49.16004,-45.661007,-14.747839,-12.865805
-1591.6047,479.48608,162.91902,39.21218,-70.14639,-82.51152,-79.49691,-4.8284492,26.162413,-40.847282,-34.23365,-6.6009064,-6.9364414
-1615.9814,455.18463,171.11884,67.09102,-55.2167,-82.37338,-81.03015,-8.204234,40.147152,-31.044437,-27.564827,0.91891956,-20.667835
-1606.3289,443.94116,143.32658,80.90775,-29.753689,-68.29374,-95.1015,-22.843273,65.18536,-21.882181,-56.13615,11.837652,-1.8743248
-1543.6794,454.865,138.77725,51.76607,-27.020216,-64.32887,-98.64473,-24.61952,54.00775,-16.263046,-34.46206,7.2398124,-14.007723
-1545.2073,488.89752,160.01031,47.020866,-33.453247,-94.691246,-107.99069,-24.018478,63.10585,-6.7165995,-50.413025,4.2083645,-11.710173
-1341.9591,476.8247,88.11054,31.134264,-27.181057,-60.56442,-131.38147,-57.060196,38.978733,-6.058215,-31.83238,-0.6511414,-8.928257
-1153.2666,462.65436,36.35679,0.751364,-58.8029,-72.02098,-128.1809,-40.15322,42.90058,-0.6686352,-14.273909,-0.35336798,-11.463919
-875.4969,389.8509,-36.304974,-57.04312,-50.471153,-54.289852,-94.811844,-33.52629,11.386897,1.530798,4.0426135,-3.596898,-8.775941
-847.83136,395.0125,-45.949463,-79.40779,-72.0743,-61.71107,-82.378265,-5.9553623,16.281128,-10.483866,-6.448583,-2.818252,6.4492674
-962.3568,406.0088,-9.367931,-55.865158,-112.19199,-89.709076,-69.646484,28.668112,18.164139,-20.239191,-13.810571,-17.887156,28.153603
-991.0568,407.2826,-22.188297,-41.16189,-85.23244,-95.96115,-86.44922,7.8323827,20.300327,-28.058912,4.923651,9.855623,20.76017
-1058.4785,420.9299,1.4504852,-57.722122,-112.55209,-69.13691,-108.996124,13.136448,31.665672,-28.780022,11.855082,-23.676193,41.92991
-1148.8494,445.11102,21.14133,-81.30843,-127.69744,-54.91936,-101.05589,2.2958202,27.574066,-8.091845,7.126479,-24.200632,25.336243
-1133.065,443.5635,10.115501,-104.32399,-112.74804,-46.968414,-90.92072,8.84507,4.2722335,-2.664349,22.690325,-16.210398,18.358221
-1116.8505,437.87994,6.951908,-145.04256,-98.08147,-24.833208,-75.05691,-6.7650757,3.4658728,-1.3548012,33.966896,-16.056026,30.972675
-1145.649,481.68762,-18.80016,-164.28151,-80.860725,-27.094542,-65.13661,-5.5653706,-1.1606817,-8.310936,27.61696,8.97476,31.546108
-1052.2083,451.7944,-35.07209,-158.37317,-89.02731,-9.878092,-43.098946,-17.38059,4.709337,-4.6478925,26.15106,-1.4574165,27.811392
-899.2026,415.15668,-64.45527,-145.11731,-65.59192,-29.397198,-44.842587,-13.748808,-2.080515,-14.327201,40.60851,0.30427837,28.517126
-864.3899,406.79834,-84.72374,-127.461,-75.71966,-35.346146,-28.928257,-23.591496,1.5879011,-8.742429,25.634535,27.6744,27.690437
-869.32117,421.0984,-82.476715,-132.9515,-85.04935,-14.098354,-21.222836,-27.152243,-7.760331,-4.695722,32.790646,12.986193,21.351582
-883.47687,447.39417,-89.42468,-141.99692,-75.646286,-16.844126,-20.444746,-49.236694,-11.798824,32.248913,25.347296,8.58638,24.75697
-874.0791,420.22852,-74.8667,-121.75815,-73.51485,-33.443687,-39.329567,-55.713093,-7.679229,28.788588,31.134077,6.371187,26.599327
-914.13214,425.5124,-62.177124,-113.11268,-96.08767,-15.827117,-47.270393,-60.906483,2.1244674,21.972523,39.745647,5.7135344,14.023415
-898.7464,419.1229,-77.69237,-106.88331,-78.73892,-38.65712,-43.70793,-44.186043,-14.94284,31.477287,35.814716,11.791977,30.869125
-901.718,410.04138,-65.564384,-107.72897,-87.24652,-32.084427,-40.49635,-38.735004,-18.732422,23.919426,40.39999,22.498283,25.659271
-912.5634,414.85794,-86.37023,-100.11108,-73.46072,-47.34926,-33.583607,-35.27501,-17.640005,19.573364,48.2801,26.398895,25.759302
-881.7011,389.22748,-84.6643,-99.67852,-63.185623,-47.828922,-43.660004,-28.279911,-27.164753,28.103905,44.344822,34.823586,23.263126
-864.1478,362.6754,-89.80459,-103.90875,-47.56971,-44.15728,-51.057648,-22.634212,-31.066013,10.2075405,56.840397,33.979736,27.345676
-833.4573,365.1857,-126.09626,-103.91625,-35.393673,-44.153667,-50.591908,-30.619007,-18.209785,3.0775433,50.130024,48.5138,24.64824
-759.033,348.36453,-141.08653,-116.87109,-40.670925,-45.04827,-40.51133,-11.955794,-38.06221,12.036999,48.561325,40.30966,31.79628
-796.7839,357.35248,-123.43791,-128.22403,-50.760265,-36.752575,-27.96973,-32.717567,-18.6142,7.2421474,54.63523,33.81179,27.54705
-835.06696,368.02893,-91.289925,-122.85341,-79.29325,-33.75641,-21.974457,-32.54249,-12.020445,11.70469,42.45446,31.127884,35.556564
-900.75916,416.62335,-108.01215,-118.272934,-47.78388,-47.173866,-54.140438,-26.617672,6.36442,15.13338,34.30206,28.883938,17.430414
-910.7079,428.1745,-91.98061,-129.56354,-82.91054,-14.331955,-35.356407,-30.470766,-4.293685,3.9323177,46.22826,20.388197,32.897873
-929.8026,428.80908,-88.596176,-117.094215,-64.67935,-28.21214,-56.38999,-22.278664,-3.3235044,13.230593,48.029507,18.951994,19.945263
-934.4289,432.16412,-79.5602,-110.93045,-92.87862,-23.268192,-28.793491,-17.107037,-6.6865416,-7.8442707,45.53751,37.81337,20.844025
-938.7705,430.52966,-83.00266,-107.34317,-70.205986,-28.994415,-55.161003,-12.386314,-5.723481,9.375031,39.368603,29.890064,15.46123
-925.1621,422.7409,-83.974686,-99.88185,-78.413506,-33.28682,-34.474537,-21.593063,-13.178453,9.802383,33.948204,35.61827,24.792952
-910.3529,407.0274,-71.36842,-100.98188,-76.17279,-38.30463,-24.282352,-17.005625,-24.87751,13.5284195,30.980268,34.569653,31.140537
-916.09235,419.46875,-78.90163,-101.51573,-73.71955,-33.54355,-10.761643,-15.809938,-37.08358,2.8382168,46.144726,35.05413,19.958122
-908.0748,417.27765,-76.64141,-97.33963,-73.5654,-26.873512,-24.791134,-19.108313,-25.177404,6.2574635,35.09399,32.92739,21.006681
-918.9846,429.09003,-74.06991,-87.91132,-73.5587,-23.654734,-25.336731,-22.288048,-23.317863,0.06558514,41.827923,25.680424,14.624611
-861.6978,404.30438,-75.63777,-93.8667,-64.63981,-32.796043,-15.16614,-25.27626,-33.047153,4.1877413,31.528141,28.02449,21.734142
-875.54767,417.26483,-77.23959,-89.26277,-65.14314,-32.620483,-17.914696,-25.775517,-23.713604,-9.524975,43.6108,24.970524,16.609447
-895.36884,430.12555,-80.2026,-85.92613,-68.627655,-25.503138,-29.80032,-17.645672,-20.212252,-14.052285,39.217052,28.495174,20.751287
-918.6161,435.93848,-65.84544,-89.356674,-74.50656,-32.776592,-20.417978,-23.84979,-27.925777,-10.270754,42.23297,31.192373,15.772422
-915.1527,442.12207,-80.80084,-73.88376,-87.1703,-40.162254,-22.007437,-2.8977375,-36.379963,-16.739973,50.63243,30.616121,11.01424
-870.22473,408.44867,-64.99353,-79.22084,-84.945335,-57.291054,-25.67928,-10.386663,-32.74011,2.5163717,45.618237,14.245172,13.374775
-849.60925,398.48572,-64.389275,-81.10513,-69.935524,-69.07837,-47.009586,-9.762324,-23.169592,2.748404,43.375256,8.85914,9.556948
-843.8052,402.45538,-58.61956,-86.00395,-74.21274,-69.45236,-43.2228,-12.646179,-11.908407,4.992015,19.907743,6.788171,18.965105
-834.1798,391.83972,-53.267906,-77.568474,-77.25786,-72.42073,-45.13562,-19.318703,-0.71144676,2.4679005,2.47331,5.414049,22.513529
-929.8327,420.10513,-32.490868,-61.51481,-72.065,-74.79921,-63.297523,-21.816399,10.757612,-2.279959,-3.6559815,6.331047,22.791624
-1003.86316,443.24463,-17.881252,-46.127853,-74.97449,-72.52119,-70.637115,-5.206637,14.406641,-2.3906357,-20.732796,-1.5791037,29.028502
-1103.91,465.60663,8.9487095,-24.793667,-85.09316,-73.34662,-63.821537,-0.20933723,21.467312,-13.501646,-28.113865,-9.68577,21.915173
-1119.7764,456.7209,6.800694,1.4219816,-82.28952,-78.06387,-48.829933,-5.6735,27.221846,-4.8757477,-62.075356,-7.552885,25.503103
-1129.1144,433.83984,16.627148,11.774259,-72.0086,-71.32524,-39.29168,1.2484903,12.546036,-11.23967,-48.989197,-15.562479,18.82675
-1212.8278,409.553,41.733826,66.32526,-79.83092,-70.90732,-30.669525,0.46886635,12.231766,-10.738703,-53.178097,-12.234606,12.972969
-1265.3726,293.82336,105.78656,143.95343,-121.269394,-43.747013,-12.181754,18.485348,19.282364,-16.027933,-22.002895,-25.018602,-3.0979376
-1061.0713,40.218758,102.601654,192.22508,-127.03068,-15.051224,25.192043,25.519793,-11.946526,-4.2696414,3.190838,-2.1225448,7.5812144
-917.53394,-124.28276,92.84803,239.65134,-130.77104,-55.126778,38.330505,19.270702,-21.892426,-2.8232007,10.231244,11.256216,5.3470745
-853.4514,-199.66415,82.83438,238.66269,-139.81949,-50.679367,24.82938,19.889465,-15.832434,1.7967587,13.281443,5.5255923,-10.119093
-854.4204,-227.2845,75.55624,253.00107,-143.38132,-52.428314,16.1035,24.93842,-34.313477,-2.6835487,22.202188,10.05696,-14.732443
-845.50964,-253.13622,74.50624,249.6379,-122.84979,-36.453983,12.722794,28.910618,-22.791786,-3.7168806,19.820515,10.464429,-5.4345818
-794.61206,-255.0832,57.248047,235.79683,-117.710175,-50.096848,35.908833,8.573712,-43.03614,2.087552,18.628597,21.203514,-4.015856
-791.28687,-260.32306,52.229286,232.19714,-118.09183,-44.409145,21.544662,8.535798,-55.20726,-16.218403,24.578402,21.445393,-14.928452
-795.75256,-261.8059,45.87707,238.20134,-103.269066,-46.2822,15.151693,9.5405655,-49.46271,-6.5027914,44.28145,20.364853,-22.206875
-830.2064,-266.5489,64.95185,240.54965,-108.268936,-51.637905,5.817446,14.110676,-35.010426,-12.693432,24.753038,29.857063,-21.946598
-837.5375,-268.50867,68.52008,235.81766,-123.557556,-67.9548,18.415264,22.904257,-43.253994,-19.44712,11.15383,16.750587,-17.392849
-813.1625,-251.01117,29.658947,231.85846,-123.50891,-60.176388,23.82724,26.967014,-39.956146,-16.656647,8.767936,10.989363,-20.85643
-824.85925,-258.75632,21.41584,240.52264,-118.00138,-50.66848,16.91189,9.341486,-33.01444,-23.478334,12.930965,14.868315,-18.72652
-870.4008,-271.37366,37.74247,221.92184,-102.912,-42.272728,18.35957,-6.6353035,-26.581882,-22.286736,13.461932,8.802928,-20.854069
-902.53876,-272.84076,55.75116,230.75684,-111.158714,-41.01971,24.0328,1.9400463,-30.934227,-5.5762396,12.582542,4.644828,-12.105431
-949.21765,-217.72348,34.38051,200.92732,-118.28104,-25.492445,11.094294,1.1759224,-36.4221,0.3362354,16.510225,-2.3585496,-8.899212
-1161.4102,-23.861647,43.08421,156.98528,-142.37244,-8.812402,-0.30009222,0.7936783,-34.90404,8.143042,17.626278,-3.0576816,-4.572609
-1357.1006,271.01874,141.66397,199.44965,-143.91187,-75.94298,-41.05067,-12.99279,-8.7886715,6.663896,-1.1214757,-10.274361,-18.065115
-1266.01,378.30365,75.26703,155.20834,-102.35235,-61.288876,-84.744736,-53.63501,-0.8703575,9.734677,19.849361,-8.756545,-23.612747
-1326.1619,413.45227,118.09801,161.09286,-88.749084,-105.18323,-110.341934,-53.311836,16.017906,8.709292,4.108364,-2.155716,6.1956396
-1135.2917,404.43958,45.312874,56.522507,-32.487457,-60.340836,-117.87024,-77.637405,-30.96062,-5.3329277,28.059032,33.667976,15.630943
-1064.3066,396.34915,16.670996,31.441578,-26.67799,-64.301025,-122.30011,-91.055145,-43.80204,-9.8223,24.290934,43.949795,9.498556
-1064.186,402.27026,5.8283873,18.701803,-28.686207,-65.359825,-129.6992,-105.54069,-31.843943,8.411634,23.822779,46.22986,22.901869
-1014.458,406.00977,-22.921438,-13.4367895,-34.485203,-47.488716,-130.47372,-100.673805,-31.316631,6.543913,31.658592,43.152077,21.938473
-981.6189,400.86026,-43.380367,-32.51767,-34.22396,-53.63546,-126.89897,-106.12127,-39.21343,11.139112,28.008522,39.775383,25.646824
-970.98584,386.5667,-45.893963,-48.23632,-38.4706,-55.078888,-133.13443,-113.09512,-35.206043,11.665718,28.024334,37.873898,22.48854
-942.3922,376.6491,-44.23693,-59.253387,-37.886604,-57.454567,-130.69781,-100.7452,-22.952526,11.185662,33.054092,37.224873,11.090675
-880.7947,379.17554,-71.09845,-68.839554,-47.03801,-51.355522,-119.19707,-96.81808,-25.956966,11.10268,35.5505,39.424488,15.916371
-826.0847,368.2058,-76.6939,-78.52501,-39.7123,-49.526337,-109.04097,-89.65904,-33.25282,14.678076,43.140026,41.363976,11.816974
-824.8611,375.12262,-78.78796,-79.3883,-44.705345,-52.033028,-97.51344,-83.75884,-40.205406,13.145074,39.7084,34.204704,4.38591
-799.87317,363.8532,-76.54881,-83.61249,-39.158062,-60.10994,-98.7926,-77.67082,-34.490685,11.331305,41.061,21.408068,1.6964855
-809.76544,370.52203,-84.843216,-72.1807,-36.500927,-66.164505,-91.33597,-65.979294,-40.486565,5.2057495,43.244637,20.960518,-15.871462
-760.3787,351.4981,-95.9463,-79.851906,-59.719063,-62.56389,-74.254,-62.94769,-57.512367,4.477188,61.065483,17.421593,-29.296654
-800.7357,368.3205,-88.39362,-76.13475,-49.502434,-57.838963,-81.74011,-67.67017,-50.30488,6.6796055,52.4016,15.909853,-22.127985
-814.5096,367.83856,-80.791565,-76.12572,-59.325287,-57.15845,-71.56819,-69.371414,-51.3839,5.2575808,52.439774,12.829562,-29.511868
-875.2743,383.7818,-61.82715,-74.74292,-56.86492,-47.287025,-73.29115,-74.41844,-38.98087,9.9785595,46.23036,9.096365,-21.12815
-919.3042,397.00928,-46.406563,-61.662895,-50.025013,-49.364456,-90.416046,-74.01512,-34.75316,-5.4763746,22.19711,15.401601,-7.1437244
-1163.636,464.3,-31.049335,33.553005,-35.33531,-82.529564,-133.90388,-47.526634,19.643488,-21.308968,-10.728381,13.964802,-11.3439045
-1269.2992,448.5491,18.98479,110.9077,-26.302559,-115.73831,-165.16464,-33.341255,32.394455,-12.65086,-13.49408,-11.318069,-6.7804804
-1373.1298,465.70685,53.273094,147.08919,-57.05118,-128.27216,-158.80588,-22.184135,74.744835,-29.868807,-28.377892,-6.9525623,6.542557
-1250.9684,422.1034,69.87238,93.983185,-36.47324,-80.64381,-125.889404,-76.69298,13.762522,-2.2127151,1.3683362,22.91185,-31.07553
-1266.4657,426.612,79.389206,83.06003,-38.4168,-59.120983,-114.25047,-77.168564,1.7242532,0.87171364,-1.299148,20.914736,-7.7685084
-1483.279,459.1007,156.54893,143.85892,-56.440876,-95.092766,-119.2554,-66.43941,22.555208,-12.804523,-1.9628347,18.801937,-9.743292
-1514.3381,474.2448,146.4501,136.5105,-53.357483,-86.0585,-90.95484,-67.68588,11.077276,-25.688433,-7.6358976,14.818701,-28.775438
-1634.6237,482.8169,163.15111,144.86072,-38.82319,-84.79549,-72.31484,-72.22094,9.18799,-19.966238,-48.272438,16.165796,-7.7097707
-1674.1135,446.8795,174.0776,150.13242,-17.568087,-72.170044,-68.975,-73.50369,-2.2719045,-14.992378,-54.05691,3.8220673,-7.463553
-1728.1622,435.03522,176.0687,150.02963,-25.482346,-79.86177,-68.204216,-61.71746,7.132246,-14.15278,-50.304626,-1.8879976,-0.70971084
-1736.6552,429.1814,162.6213,118.59638,-12.452194,-77.64244,-64.47334,-50.87255,11.037217,-9.880426,-48.732666,-6.0537963,3.4942324
-1777.2108,425.92877,162.67392,126.2672,-9.70298,-72.90442,-57.13141,-58.520775,10.177142,-14.577009,-49.364044,6.5766735,7.2845964
-1778.9949,420.7575,146.039,120.36235,-11.604923,-79.5433,-43.039032,-41.721928,15.858942,-6.6520853,-60.82006,7.1225634,6.677252
-1816.6571,409.92535,162.12207,115.18141,-25.585804,-68.727005,-44.561413,-46.894875,14.652244,3.1514301,-33.88603,15.0543995,10.447129
-1813.025,397.61935,153.76688,123.51861,-27.301426,-57.214394,-39.630417,-49.13457,11.253981,3.1662002,-19.145164,11.004843,-9.697054
-1799.8346,391.02786,161.595,132.26746,-16.653944,-64.448204,-41.446293,-46.439774,6.889802,-8.241859,-30.540829,2.8246825,6.237713
-1793.6641,394.26257,148.3715,129.98674,-5.301694,-56.9427,-41.015873,-39.36048,14.140694,-10.228377,-29.655407,-5.865367,-6.5180874
-1839.1385,383.3151,173.49754,161.35796,26.670345,-74.03818,-59.70533,-60.804245,2.325861,-0.6654357,-49.298744,1.5207187,23.883133
-1782.4021,402.3329,150.09238,135.4668,-3.9964583,-72.56683,-41.85365,-40.280876,6.721486,-5.384343,-57.26311,-5.3732405,11.225631
-1804.2185,411.69507,142.32944,101.74508,10.70986,-57.880325,-36.451942,-24.334637,12.79764,-22.56269,-62.897705,-16.895912,3.506248
-1782.4993,406.23602,130.42517,111.9111,1.008609,-57.165443,-34.93488,-31.555143,8.317476,-19.689411,-60.10043,-15.607243,2.2911494
-1802.53,413.90656,147.18806,98.1796,7.9896894,-49.52578,-36.08203,-32.65633,6.536743,-29.370323,-70.21873,-10.003536,-4.4102964
-1799.0167,415.54297,145.46016,105.87715,10.507017,-61.362732,-40.558205,-26.989656,-1.2846401,-37.04402,-59.68629,-10.381371,-0.27296007
-1775.6373,410.74493,152.86728,115.54686,-4.535617,-69.79305,-43.15957,-38.405125,-2.0764093,-33.829506,-62.0756,-2.2589245,7.5384073
-1766.814,428.4801,140.50308,112.50676,0.39741993,-74.92589,-40.54614,-36.15013,-6.3486657,-22.069805,-60.42199,-15.533942,-2.3383403
-1731.3119,428.46,134.6278,111.73041,-2.104075,-82.90404,-39.94871,-40.471157,-4.964188,-11.297622,-68.68661,-23.193142,1.520153
-1745.6365,437.81818,143.51564,113.8009,-7.1139994,-83.523224,-44.522804,-43.1047,2.157316,-16.247494,-73.10868,-12.230735,7.6792126
-1727.0306,435.10022,130.2283,100.66487,-11.963474,-74.521065,-43.383926,-35.791893,9.084221,-13.731723,-76.93314,-22.652714,11.403908
-1719.2965,440.37347,120.058464,83.558266,-5.057597,-78.7888,-59.85241,-30.989399,12.962898,-10.759581,-56.180973,-6.5797305,14.697155
-1727.3673,430.93732,115.62558,78.013565,-14.602339,-76.09366,-65.71678,-40.443943,24.760328,3.1322145,-53.743374,11.031684,17.015245
-1798.1259,393.30093,125.025955,79.16609,2.2999282,-66.13779,-62.463943,-31.866596,44.266426,2.8108218,-52.025326,9.963962,3.905487
-1844.7626,400.55026,120.59299,54.447502,2.0074513,-40.725334,-33.313354,-22.711472,33.43663,22.760078,-45.2052,-17.879341,5.587469
-1904.6392,405.1903,148.28647,31.558016,13.327511,-4.3031473,-18.367788,-13.188309,34.310593,23.388874,-14.281082,-16.935638,-10.051834
-1520.544,303.7337,27.076565,8.839662,36.70582,140.82901,-10.68137,-12.36414,-1.1797256,0.20632744,0.3260406,-32.958862,-33.353706
-1488.4066,355.68048,-3.7639606,125.17226,152.80157,103.31268,-10.716994,-54.729446,-46.039566,4.0889187,-18.8724,-52.573013,-39.648727
-1439.3923,318.28546,9.693498,189.52347,157.33536,106.562515,-62.836357,-75.81417,-29.751598,-1.2074528,-41.525322,-30.571068,-38.788258
-1429.5327,318.84473,10.510337,207.61255,141.87663,76.59511,-57.157402,-78.617035,-32.23021,-22.249851,-37.471478,-22.764858,-42.66047
-1435.1257,310.5926,-24.419844,232.00093,142.67157,72.50436,-45.38546,-84.040695,-45.532036,-26.970448,-44.15021,-33.34955,-46.591057
-1437.1545,297.98187,-14.268712,228.80295,145.03235,73.098816,-82.160416,-84.73596,-13.886356,-38.70638,-27.083254,-36.78761,-63.002285
-1457.1394,300.8371,-22.60913,228.25995,154.12766,53.469578,-60.058407,-72.554535,-45.220978,-24.82661,-39.536842,-51.22568,-39.84247
-1476.042,314.05573,-24.851313,214.00708,158.2737,72.828094,-72.741516,-90.83098,-20.734253,-38.562607,-47.241768,-35.81093,-50.90222
-1462.2651,324.94507,-27.839884,217.23499,148.38908,72.689026,-46.928116,-106.092575,-36.49724,-38.267708,-36.755886,-45.404305,-54.150146
-1434.9717,348.0385,-25.73147,190.86795,154.26704,103.96303,-43.14532,-115.677956,-47.570454,-47.59675,-30.016766,-43.5291,-77.168686
-1258.6323,350.2386,-54.911102,147.70044,117.688286,111.74105,-23.018803,-87.29353,-54.87124,-56.415073,-54.139404,-55.376293,-70.94213
-1207.7383,373.2852,-59.05036,141.93707,95.37607,78.45129,-43.266438,-77.73057,-43.659016,-66.37707,-48.47383,-57.222687,-49.49258
-1281.2129,370.404,-26.061523,164.9758,56.571075,63.689026,-32.411224,-100.2213,-39.82296,-50.342957,-31.759075,-53.853333,-45.036057
-1270.2727,294.77133,-5.5340214,190.4219,26.598444,46.96175,-13.187643,-101.99631,-45.69677,-53.430546,-38.74383,-30.835125,-25.130257
-1113.252,124.498886,10.809626,188.4448,-20.528046,40.13668,7.4288354,-67.838745,-49.28589,-51.097534,-42.521755,-2.1178799,-18.016006
-1029.8434,-86.03046,14.713102,247.69577,-43.055035,-13.829213,34.45498,-6.411642,-20.313309,-41.54515,-25.358133,11.623863,-2.4679146
-981.9407,-262.91937,17.708342,271.58606,-63.862267,-9.06258,51.62155,-6.9068003,-38.413277,-36.793354,-9.199098,12.501484,-22.08551
-936.53467,-334.9013,11.293205,271.33636,-100.27805,-9.756488,43.103302,-8.215494,-24.882061,-41.850655,-10.764697,8.73538,-2.2908916
-952.74097,-386.1101,-1.84585,261.485,-110.00337,-18.8899,43.018635,-32.78369,-31.224243,-33.085037,2.6623847,-1.2414532,-14.492454
-1001.3983,-398.20453,28.478462,279.87268,-75.91783,-1.3767576,59.206104,-42.79361,-39.682453,-41.370598,-4.4751053,7.7007904,-31.18565
-940.8177,-369.84692,14.899254,228.42177,-93.63339,-26.847433,66.04378,-35.284416,-21.945194,-15.843129,-15.204901,5.8927946,-25.24857
-944.25195,-371.08472,-8.195544,243.27338,-67.100464,-38.933502,73.35012,-21.213024,-20.09589,-12.199173,-21.911184,6.3003592,-24.046764
-947.59,-352.87555,-3.7906106,236.90883,-49.058334,-42.08591,64.61327,-8.968255,-11.020759,-33.246284,-24.364128,5.4036903,-32.14106
-922.49475,-362.8814,-33.423454,242.9105,-44.990498,-49.812485,60.929165,-7.8811693,-24.068943,-39.286495,-34.630535,-0.73776245,-37.676838
-905.07635,-347.68726,-58.925156,209.76176,-44.482475,-25.228355,54.522636,-25.51209,-33.90364,-38.52087,-47.103855,-7.348531,-30.39347
-947.9553,-371.23767,-27.863232,250.46521,-31.245104,-29.224922,62.883842,-20.128105,-21.833721,-36.427734,-34.13398,-7.1574955,-40.85126
-974.4373,-360.75232,-24.73816,241.14075,-46.90259,-31.139837,72.40088,-18.674183,-38.255203,-39.48991,-38.612263,-8.530314,-41.992928
-1004.97266,-370.5761,-8.849115,246.86914,-9.845395,-34.091213,65.69324,-20.67918,-14.009764,-30.806976,-28.888607,9.12722,-41.93457
-952.19653,-368.27673,-50.74408,262.13013,-41.45234,-60.391666,60.487755,-19.715864,-20.846241,-33.36861,-36.77714,-0.3771248,-49.211437
-935.10944,-342.02448,-43.174984,244.33188,-57.609726,-56.746304,72.94448,-19.764378,-25.64541,-22.606146,-31.876417,11.81492,-38.964424
-923.94507,-373.31628,-68.92697,247.53201,-51.40143,-66.17407,70.084854,-2.4723163,-26.381554,-16.79876,-19.526373,11.986818,-29.107193
-939.57697,-374.242,-60.43286,246.52878,-71.19885,-61.898018,78.55946,-6.2304096,-24.68322,-22.225628,-17.931408,6.67148,-43.833847
-954.2703,-388.29242,-67.64517,254.18451,-64.12628,-54.168045,81.30534,-8.177962,-30.513704,-27.799866,-35.62002,-10.303028,-46.690308
-960.9312,-349.40973,-64.26586,241.13843,-61.172867,-75.596176,62.425568,-4.1522727,-29.74178,-23.6366,-22.656435,-0.84064674,-36.899364
-997.7397,-357.39496,-56.98033,239.36638,-76.48402,-68.27545,66.606186,5.7057867,-21.147125,-28.067154,-27.406677,-12.404617,-42.970818
-1028.314,-335.78174,-59.258537,230.61368,-75.4595,-50.685394,64.92351,-18.765903,-19.057728,-17.889154,-19.133554,-2.245192,-20.13644
-1075.8995,-357.3101,-60.327507,248.31038,-63.15821,-54.961998,80.94941,6.9090033,-22.336914,-25.45271,-18.30671,-10.012344,-50.47798
-1072.3113,-371.39993,-88.33885,231.99136,-69.84535,-58.20656,81.59694,17.647049,-19.679478,-30.444805,-26.760416,-7.7514467,-40.40166
-1066.8647,-359.33234,-91.49317,214.80925,-61.262135,-39.418076,86.24261,15.803869,-25.791786,-25.90858,-13.689363,5.031191,-32.20112
-1047.7239,-376.3734,-84.39682,228.81992,-57.87084,-33.371437,69.107056,15.74083,0.93112755,-21.288755,-21.462597,4.089424,-26.756956
-1049.5753,-388.78192,-88.88857,201.46768,-64.52753,-37.284523,78.99317,3.6531534,-26.233232,-37.24446,-28.827295,-9.635177,-38.741333
-1062.5231,-397.3155,-82.36989,189.68031,-57.4597,-49.670433,55.580246,5.4312363,3.7384777,-11.052546,-2.3153315,10.896109,-23.98772
-1041.0615,-387.08142,-91.87027,166.08142,-90.233475,-28.136091,73.43216,17.80853,-13.643906,-11.681189,11.323686,8.32543,-21.321117
-1034.3203,-385.34082,-94.781586,184.53552,-71.682465,-24.05156,82.36492,7.4855413,-21.717537,-25.67294,-16.39024,-9.9384575,-28.753178
-1067.7334,-375.4485,-80.53223,206.34758,-83.81041,-46.068737,89.242096,4.713503,-28.164818,-16.666422,-1.0533609,-11.537434,-41.00624
-1084.5886,-385.49335,-60.190178,205.24918,-73.87421,-51.598183,72.67363,-7.743509,-38.223503,-34.00023,-6.6349206,-13.252808,-43.405083
-1163.0212,-419.44537,-56.701866,233.95154,-74.085945,-26.755844,66.50247,-14.150725,-25.191816,-26.04,-21.016447,-28.513733,-50.48339
-1135.7898,-415.75922,-64.00342,236.06636,-87.108246,-28.237307,71.45974,-6.8496428,-30.583618,-24.870972,-6.153924,-10.713562,-31.521015
-1170.3763,-419.3991,-26.635836,225.68048,-97.08122,-14.109813,77.30342,-1.2095258,-11.865522,-23.605267,-0.049818248,-4.4868155,-25.553549
-1136.3303,-404.4055,-43.474503,210.5093,-98.327774,-10.479564,75.055145,-11.556578,-12.264879,-26.36517,-6.338524,2.3977947,-12.169836
-1112.5305,-419.55154,-61.30538,205.24869,-91.8054,-19.32269,84.08253,12.938581,-1.7579651,-12.912311,15.195566,-1.901475,-31.516777
-1140.5015,-454.97736,-89.66609,179.34518,-118.24097,-18.991833,73.147,-3.2587497,-29.625467,-25.887861,14.476418,0.7527981,-34.923958
-1126.3105,-432.86395,-75.36409,157.0896,-120.42258,-4.2625923,92.56041,22.038498,1.1176128,3.6650233,22.028214,4.958423,-28.769928
-1112.2983,-439.74213,-66.4299,184.02325,-118.16617,-19.486229,58.75117,-9.906557,-32.681656,-18.589886,1.136865,-1.1454926,-24.460878
-1067.0548,-430.92664,-66.35808,200.95001,-102.013,-7.8821764,87.578674,7.6721516,-28.646652,-24.952059,5.4083457,8.619535,-28.486732
-1131.4976,-470.41074,-83.98119,211.00949,-82.14157,-21.007046,75.005585,8.443651,-36.583153,-7.1228213,18.382725,-0.49009275,-37.34278
-1089.2367,-437.95636,-70.28867,210.0596,-105.74582,-11.170772,70.77025,23.304956,-16.076756,-7.486388,23.662182,21.484543,-16.801205
-1104.1375,-435.66473,-62.291542,211.0804,-108.40653,-23.556778,62.395233,28.69468,-11.7066555,-6.8570576,19.783335,6.3425694,-26.695185
-1068.5281,-423.63562,-54.55816,192.24548,-117.26027,-18.756527,53.048332,7.8712134,-29.80634,-30.506374,-4.732252,-8.958913,-21.190151
-1036.4556,-419.16364,-66.234764,190.85773,-82.38491,-9.186316,43.721947,10.378133,-22.55676,-22.465687,10.707042,-14.2939415,-23.144033
-1024.7621,-416.33768,-76.94112,185.52792,-90.07818,-2.98389,38.91517,10.69829,-27.66143,-14.8187685,15.073941,-16.720417,-30.751976
-1046.563,-425.59387,-67.74155,173.84238,-97.22415,26.9351,33.07304,24.236012,-18.434635,5.9244366,11.353921,-12.713432,-17.754688
-1021.2314,-418.9994,-83.02879,161.78358,-94.60866,31.806599,2.6662788,19.59578,-23.796658,19.090984,31.035345,-9.879432,-16.500206
-967.8383,-343.31085,-91.92482,133.72473,-83.8446,22.184696,17.023785,33.896793,-16.471523,30.456001,54.040344,6.0157633,-4.4045124
-1083.9918,-204.5405,-29.215038,170.96298,-82.85146,16.07354,13.651482,42.862236,-36.17967,11.606613,21.595535,-21.835117,-18.48222
-1150.9669,207.4516,138.08667,170.63293,-136.39108,-37.369522,-54.970078,27.51395,-20.366364,29.1017,12.431431,-34.0495,-22.94344
-1059.6785,387.12506,51.826984,110.444984,-89.478485,-71.739655,-92.339165,-14.164183,17.685915,3.8494635,0.82308143,-13.47174,-6.6077857
-1081.3721,441.55066,27.84049,77.001945,-81.78186,-85.71177,-105.93187,-19.148415,13.520798,-0.7575073,-6.376799,-12.509226,12.774841
-926.2882,433.69403,-15.712671,-17.444307,-53.76722,-57.27283,-101.69789,-44.230675,-3.4955335,-0.84793854,2.1694121,9.802476,-7.9343476
-824.1936,424.4848,-64.45224,-51.538055,-50.77063,-39.98304,-91.47813,-58.661247,-26.126242,-0.41498423,18.799536,14.195303,-4.291012
-728.2276,390.37988,-88.705574,-74.7017,-48.403564,-46.543465,-79.410065,-57.19371,-42.967903,2.2896447,31.755371,16.194967,-5.6297493
-693.0084,368.98328,-95.19409,-89.14541,-57.380375,-52.427048,-73.73752,-55.646736,-49.101448,-3.7999382,36.948753,16.214033,-6.883436
-693.6028,365.5574,-96.118195,-93.55736,-48.216537,-64.90077,-79.23903,-50.992775,-37.570423,-11.0236435,31.29632,18.150486,2.6072693
-673.28503,358.95407,-107.32939,-89.31369,-50.76777,-71.42155,-78.43643,-49.70523,-45.4692,-24.836378,30.391695,32.65425,7.304178
-711.25696,367.81833,-101.8221,-86.40106,-46.25146,-78.40791,-90.3559,-51.874367,-36.141052,-24.871479,23.497278,35.295574,12.78775
-784.0396,401.68713,-93.26849,-63.32902,-38.407722,-79.67828,-105.19237,-44.77663,-21.870846,-30.203514,13.007439,24.688766,9.817519
-730.3729,372.8163,-85.6564,-74.96701,-50.484406,-74.70221,-87.46826,-45.620064,-46.421146,-25.35979,30.072433,33.856903,-1.2130928
-699.38635,368.22345,-85.618164,-67.21525,-53.713295,-69.571945,-83.586,-51.363216,-46.509785,-22.295603,34.034542,33.244926,-8.671299
-825.4985,420.80798,-61.602654,-28.990656,-41.072502,-81.85172,-110.294304,-28.921522,-4.902704,-19.02867,6.777689,10.243483,-11.827454
-883.34216,446.46838,-51.166267,-26.26762,-46.096954,-69.57765,-95.141174,-24.2771,-0.3227167,-17.680668,-6.5509276,9.449555,-23.403557
-993.4454,465.1761,-17.673054,-1.5635716,-56.153545,-74.14817,-85.988556,-18.991037,21.872984,-7.314945,-13.223144,-15.976225,-25.12723
-1036.936,469.2389,13.34251,-12.880335,-45.201683,-67.37856,-76.60492,-17.67974,18.054283,-2.5640173,-22.92877,-24.222626,-23.613735
-1249.8068,488.45807,46.041122,18.827492,-23.017662,-82.99242,-61.188496,-19.786842,32.82905,-0.058599472,-35.62216,-29.444395,-23.202415
-1679.7875,495.36496,137.5255,53.571335,-42.792763,-95.79549,-40.71196,2.4196417,50.977226,-6.6972227,-45.486233,-24.436783,-11.195585
-1813.0776,434.72498,153.37653,68.6958,-35.64853,-86.04951,-45.586426,-5.0521026,37.673775,-5.534629,-14.774589,13.991509,4.920244
-1903.4653,409.33722,139.91653,67.845856,-37.76013,-97.249756,-35.92822,10.31946,40.378574,26.947361,-9.30875,-1.3296585,10.532688
-1931.4629,393.31042,157.78812,84.00071,-34.867252,-114.36412,-52.76114,-11.3072815,25.750515,15.064491,-20.443321,3.823011,5.6131163
-1936.0786,399.75842,160.60826,63.024807,-40.52321,-116.03774,-60.524788,-8.593413,23.04232,13.560865,0.50929576,25.398722,15.385498
-1933.0634,401.51575,156.23587,53.316856,-42.518364,-104.71541,-47.85932,-2.3641007,36.22139,20.591429,0.5723488,15.626062,12.724857
-1967.0194,372.6192,162.39818,55.78839,-24.004097,-88.548584,-29.6722,14.249762,30.67839,1.7430167,-9.861577,7.4625716,12.230226
-1956.2351,382.07834,146.25934,31.512978,-49.685883,-105.34587,-50.087643,-0.9132197,24.567379,10.287506,2.3833482,12.081387,5.327445
-1908.1241,396.07324,166.91682,46.697464,-24.424425,-78.044754,-44.74006,1.2528193,38.471157,19.379831,-11.523782,7.7064815,6.975667
-1450.5801,326.9862,78.54166,66.1194,11.231885,-25.574268,-61.458458,-9.526771,15.503214,8.859289,-20.519169,-3.752861,3.3962345
-1260.2236,417.01044,44.878372,50.51369,-5.127228,9.100596,-58.658325,-60.802002,-29.783115,-33.737057,-23.835796,-0.74804306,6.1268206
-1279.0304,411.9652,56.86824,79.72558,25.700985,-57.709934,-118.55372,-101.507,40.75619,-18.917995,-46.20451,-15.747158,8.9263115
-1292.704,464.51254,29.089897,38.44278,27.357937,-57.80033,-108.21506,-70.07619,45.96707,-46.17534,-81.17049,-10.654482,21.66548
-1158.8376,421.2901,15.345971,46.258728,-5.419197,-55.892685,-95.41893,-54.14769,-19.012165,-35.37867,-40.19023,-16.485338,32.027782
-1355.3188,486.07593,39.08577,12.633032,-15.8924885,-39.40834,-94.18116,-57.06958,6.6323338,-39.98558,-36.325016,-41.173607,13.4052105
-1666.525,440.0277,44.6376,-11.077994,-0.4767189,-22.98935,-42.675034,-51.5129,-9.439896,13.21711,-31.358927,-30.419907,10.368679
-1608.3684,413.26965,25.296616,-16.143269,-14.195566,6.2718515,-32.75589,-49.885918,31.922768,27.223206,-48.901577,-55.23799,-13.446316
-1604.1746,446.17267,1.2575495,-17.14143,-3.0052643,17.305956,-32.39196,-69.620926,22.147522,29.627953,-41.03744,-60.93151,3.8536062
-1761.8594,427.58047,79.49443,2.298275,-2.8567066,-13.538974,-51.496483,-53.424488,33.55037,28.19357,-42.998318,-41.97057,-2.8965883
-1737.0955,445.3828,96.80464,-18.21962,-26.66778,-9.952202,-19.149931,-33.72158,14.498449,11.70216,-16.102507,-15.599796,5.554983
-1776.3921,446.5412,102.727066,-7.0698137,-23.34933,-16.828468,-12.305543,-23.870499,22.112795,12.860895,-17.095873,-13.090773,-6.8022094
-1761.4404,438.78708,101.69507,-3.332324,-12.475568,-15.846407,-30.710846,-15.280687,41.747925,27.601717,-26.47828,-39.175568,-15.403746
-1759.7571,447.79926,106.976906,7.099864,-34.887054,-32.76519,-26.172384,-20.357433,52.131226,43.74325,-24.666395,-38.65643,-23.503174
-1753.0216,449.68823,95.45927,-6.4487348,-20.947956,-33.488083,-38.351418,-7.293194,40.097763,35.560722,-17.863594,-40.921913,-30.448515
-1809.3065,460.88177,127.3908,-19.420166,-35.69004,-35.913483,-17.264393,7.51855,29.807632,20.586376,-23.573395,-44.023396,-30.202694
-1800.4545,450.0677,107.1911,-28.321735,-45.652298,-48.625298,-28.802729,2.0010087,27.14645,18.471277,-22.088455,-34.36508,-20.4734
-1807.727,439.62262,129.41829,-30.20618,-55.985306,-50.824127,-22.155346,-10.917457,28.189312,32.650818,-24.669195,-38.58551,-20.44394
-1847.6422,445.53894,153.42316,-12.92573,-48.836174,-61.33705,-17.446045,6.7195225,49.714764,36.445656,-36.843662,-43.810265,-30.660648
-1860.5614,450.97742,177.1463,-13.622244,-66.5481,-59.162605,-9.39795,-3.663795,27.413567,27.998758,-28.656263,-27.298338,-26.9496
-1916.0496,441.56873,168.95709,-34.907673,-55.328552,-51.59887,-12.663152,23.54905,32.634937,18.505354,-29.04772,-21.925066,-15.912784
-1877.4877,437.4308,150.9419,-28.653933,-47.359688,-37.817326,-19.426678,-1.9652224,22.620186,29.1308,-24.40873,-37.85768,-14.008798
-1907.6182,408.80835,156.38864,-14.248623,-47.33855,-28.7127,-3.6158662,-8.965478,15.692021,25.424408,-15.110465,-24.374844,-29.128532
-1919.562,430.5583,165.97762,-24.160389,-31.145735,-31.698505,-16.394749,-8.115461,12.0722275,16.656265,-12.474554,-18.73587,-13.5674305
-1945.1938,419.82928,190.03638,-13.862532,-49.189285,-43.884377,-19.9451,-15.405163,17.397652,13.388712,-30.131012,-13.612551,3.7460299
-1985.5243,407.77258,191.16574,4.195429,-37.41157,-49.50925,-27.788078,-20.200745,13.527033,11.738785,-36.023193,-7.840763,-5.716082
-2003.2856,393.7125,187.37244,-4.0564876,-32.562424,-25.453339,-17.783304,-35.055984,-0.74055696,15.5614395,-30.330803,-16.29396,1.9955337
-2003.9564,398.75085,174.61038,-28.461765,-36.03384,-11.99642,-7.5764127,-29.362675,-2.0645761,3.9063673,-42.91388,-15.9817,4.057862
-2053.368,379.87537,206.32806,-11.341883,-54.358032,-36.41436,-27.913536,-17.381031,16.642946,6.2900333,-38.845985,-20.456015,-8.9905205
-2013.146,373.22403,121.77994,4.192348,-37.182945,-48.47654,-36.83096,-18.415672,-18.547026,-17.159546,-17.369051,-15.79518,-7.9761643
