-2006.8147,230.87057,186.93274,41.710762,34.73619,-5.4554677,-20.556557,-19.661465,-35.045197,-2.2514255,-20.151957,7.763056,2.8433552
-1825.8762,227.06192,198.98459,59.14346,29.474392,-30.18232,-38.534237,-20.97107,-22.621977,2.3351521,-1.1965173,17.496428,11.744329
-1773.3744,273.90723,196.95966,58.041164,42.5971,-36.13591,-33.275475,-16.381924,-28.353357,5.337842,-5.1569276,13.848651,-3.2584343
-1705.7551,280.34152,202.19666,77.237915,56.15421,-52.36385,-46.114235,-14.393341,-10.387129,-6.8179,-16.633116,-7.3085694,-13.151239
-1670.1243,315.69727,205.9318,72.25552,54.615932,-53.254272,-46.968956,-15.955481,-28.548004,-13.324293,-7.6927423,7.3019905,-18.788002
-1583.8826,341.84344,193.76614,69.140434,38.25589,-57.424145,-66.858696,-9.480156,-16.007164,-15.508162,-10.268536,-14.653349,-21.362335
-1493.7188,379.203,158.47015,53.97659,29.016228,-83.899765,-75.17274,7.178047,-1.2861814,-3.9987564,-9.42123,-30.089817,-29.99598
-1388.6089,414.95724,126.72953,17.414577,13.987221,-99.20599,-80.92897,27.928696,18.46835,7.243305,4.3454776,-39.998882,-30.051403
-1269.4578,445.91272,96.7323,-0.043596387,-17.811417,-104.28616,-83.26024,27.371311,16.26889,-6.726983,-1.3607066,-31.63647,-18.759888
-1123.1328,448.10977,51.4292,0.51821375,-57.288483,-100.1035,-67.306465,15.44146,22.32948,-23.526432,-11.397551,-23.14738,-6.3073797
-1068.308,459.14343,25.878572,-4.1075363,-55.062786,-109.91201,-53.57791,-0.6315651,13.18071,-31.798859,-8.219985,-10.7814245,-9.618647
-1027.1768,461.13013,4.2647095,-26.986317,-43.27079,-99.02981,-63.587723,22.423111,4.785345,-46.26828,-0.05385423,-9.036253,-4.70905
-966.0744,454.76358,-24.514568,-48.50083,-46.38284,-64.302284,-69.977325,34.46452,5.8485594,-57.347145,12.152294,-20.827852,1.9455556
-913.04016,442.49597,-52.026108,-49.173058,-49.214718,-41.291313,-69.40944,38.081783,3.4803417,-58.516388,13.359337,-7.85038,-1.7133157
-910.1051,431.2878,-71.656044,-43.850136,-25.089031,-32.10007,-72.724884,32.6244,-6.0661426,-58.038967,29.16526,5.813919,-2.0650182
-905.66486,429.70343,-86.72793,-59.737015,-7.5223465,-21.225279,-70.27252,37.364754,-13.469332,-57.837994,35.629025,5.384968,10.189323
-905.69366,423.08643,-87.08353,-71.16149,6.3788075,-0.48776627,-74.7563,30.249657,-15.749681,-55.9461,33.3817,13.589773,21.794771
-901.1651,415.52084,-105.49202,-61.136112,17.597185,6.6663647,-76.001465,22.134726,-18.74871,-62.090027,35.46516,22.681124,17.349655
-908.4938,403.57654,-109.12347,-42.71038,17.344904,14.608229,-71.31996,16.829361,-25.745522,-67.60569,40.685413,27.378166,21.645538
-919.4601,390.73737,-106.81422,-42.92636,27.963272,14.796585,-74.56679,19.612265,-36.11766,-72.74896,36.427494,36.812984,19.684784
-979.6365,384.1424,-104.10268,-17.88698,50.03552,0.89756393,-67.44278,15.213616,-45.996994,-70.158554,41.61369,29.296694,25.320534
-1019.4262,382.66888,-116.96765,-10.028211,65.00292,-4.794821,-59.3255,22.393745,-43.85793,-74.48393,36.379627,36.376568,18.59233
-1135.8181,374.86493,-111.03386,9.153102,110.18387,-21.471836,-52.557953,31.411697,-45.995617,-75.69478,23.928125,37.794525,10.391075
-1299.2476,338.25574,-84.18636,-0.7641946,157.6152,0.42394638,-29.179987,49.636974,-43.442142,-57.535934,2.5430126,23.818222,13.16032
-1433.5502,312.15503,-66.329155,40.821106,167.81804,6.170744,6.5573454,69.92406,-46.782894,-55.61911,6.2507997,11.314291,-12.373852
-1520.7764,283.19653,-49.576904,55.693314,175.56424,14.214842,40.307377,86.10388,-44.67971,-55.560875,0.14226079,4.3213463,-24.0635
-1485.4978,295.40842,-50.363083,55.322716,173.44205,6.311636,16.878555,73.60564,-46.796272,-53.184174,-4.9071407,12.101244,-13.979944
-1427.125,311.6457,-83.731064,44.23165,208.7537,21.098522,-17.165329,44.803818,-37.129993,-47.07986,-17.56057,4.957081,-7.0231285
-1293.0461,311.38895,-127.471565,40.026756,194.72292,42.066704,-25.110573,6.4969215,-14.182009,-43.68567,-38.772163,7.1324596,-4.6338162
-1082.1561,387.86884,-118.569595,-7.214778,129.08937,5.200803,-56.34057,1.4739087,-32.67713,-45.24437,-18.733904,12.907122,7.676756
-918.1098,429.1109,-136.06683,-27.797054,106.0458,-23.993816,-93.99271,3.396616,-55.836754,-57.744675,28.543337,13.456131,17.400934
-738.86835,373.648,-139.50847,-29.424015,57.60655,-26.280441,-98.83284,22.924397,-45.385773,-36.72659,58.13939,6.3034735,-0.47974014
-643.86316,368.13547,-130.86218,-49.009933,37.842365,-20.812473,-116.48103,20.7797,-31.616714,-31.845825,66.09281,-1.3171387,-4.133232
-594.96716,373.11615,-143.19762,-42.324585,10.994379,-12.534847,-120.465485,37.625053,-31.089813,-32.294548,68.75357,0.55150795,4.487941
-562.40424,383.0462,-165.67834,-43.48951,15.257658,-12.699341,-112.01674,34.088776,-24.81248,-29.323925,62.582813,6.0777435,1.6965828
-547.4663,376.6408,-155.08627,-47.61702,14.427211,-2.9262543,-117.03399,38.7054,-11.388109,-44.252518,72.25229,12.294098,2.442624
-536.02814,372.3166,-137.78406,-75.500916,43.124065,-18.980341,-103.357925,36.660458,-16.013659,-43.761055,68.10103,11.984261,1.0687256
-525.5757,373.435,-143.20169,-55.74421,29.389795,-19.697063,-88.359955,26.51394,-20.979538,-37.11761,60.02681,16.011047,4.420307
-522.2862,359.18127,-128.525,-73.73099,52.16093,-8.8705635,-101.31709,33.763332,-18.644049,-51.93914,58.72738,20.046799,-12.632351
-516.5082,361.05954,-148.14749,-53.262913,57.107773,-13.370617,-87.59613,12.869879,-38.23189,-44.651928,41.424984,28.289852,-10.601764
-564.63,381.1831,-146.85765,-48.393948,78.986885,-11.960386,-90.80003,12.141539,-31.997536,-80.31897,58.441124,23.92812,-14.834419
-568.37573,361.1206,-122.23587,-32.904198,64.44813,6.476349,-105.811935,28.784128,-61.719784,-68.27813,38.00089,37.67591,-14.165829
-648.4938,381.10468,-134.75795,-6.541664,86.90384,-1.1175747,-91.993515,9.543138,-59.841774,-75.610245,35.951355,38.29462,-5.4280148
-829.0637,398.91998,-147.70941,-1.7995567,129.73749,1.5292263,-77.86586,20.32127,-38.82885,-95.50548,32.496105,44.939255,-9.330721
-1099.6321,383.61578,-134.0303,10.749615,207.52274,52.525658,-51.009483,34.671055,-8.378293,-62.95904,-22.627842,-10.583431,-17.587666
-1162.9141,382.79688,-136.81165,28.072147,220.43999,46.82624,-60.876617,24.430561,-4.352827,-51.94323,-21.879755,-9.155516,-17.870268
-1218.9944,383.82214,-132.93869,18.943466,226.04651,42.737373,-59.828518,19.644053,-8.065718,-35.23143,-21.319351,-12.307611,-7.584982
-1275.9658,372.94156,-125.54172,21.689068,227.9234,31.119537,-59.947426,19.152313,-0.24468136,-15.844334,-21.638916,-26.204945,-21.5023
-1302.9191,350.06668,-118.44574,27.813808,228.39767,25.954235,-70.672226,16.419456,-2.8830042,-10.088209,-9.93241,-25.74671,-29.007298
-1348.0967,331.4213,-127.85101,26.323627,227.39276,31.32928,-61.213367,18.978886,11.901297,-3.6731987,-17.253088,-38.2623,-38.77352
-1363.728,314.81616,-122.37876,24.480862,211.46262,21.426285,-58.71437,9.342844,6.541216,0.09591675,-10.089135,-36.140858,-42.605583
-1414.7527,311.78082,-112.09437,19.507118,205.48955,22.71908,-61.559902,10.085611,-5.614916,4.510627,-1.2854836,-33.09564,-34.62455
-1450.0945,298.226,-102.44147,18.084316,215.49432,28.541264,-50.2913,12.806944,-6.953331,-2.2278328,-6.213005,-37.626064,-37.42558
-1452.6436,299.65704,-98.79248,30.056614,208.7089,28.495857,-42.957863,18.680182,-14.849758,-11.935154,-8.675637,-25.630764,-34.242924
-1468.381,297.89038,-92.76189,31.054686,218.67752,29.450142,-40.156013,30.048597,-20.168968,-16.032505,-6.875026,-26.014229,-35.43146
-1476.3545,297.26776,-87.373985,40.11541,211.08453,24.827894,-32.601486,37.380295,-22.607534,-23.48061,-8.741385,-15.3741255,-24.537039
-1462.076,308.22397,-88.314064,37.920727,210.64163,19.133614,-28.958626,50.472816,-16.815872,-35.67752,-9.292363,-11.720526,-25.651241
-1471.2856,299.87054,-77.21948,53.854366,222.33815,17.457079,-40.1345,46.125736,-14.542423,-36.69435,-8.29833,-17.491707,-23.123295
-1468.4092,292.3455,-87.30769,55.25379,225.49805,32.11424,-32.402855,46.411705,-14.306453,-35.786575,-19.282251,-21.314743,-24.404903
-1469.9603,291.96948,-90.83095,59.505234,214.44638,29.441298,-28.374107,55.186348,-12.428857,-38.525604,-21.446486,-17.106035,-22.343193
-1466.8046,294.89847,-96.44917,56.587387,220.72864,32.002983,-25.494095,55.045227,-9.829774,-39.442337,-24.86819,-18.374836,-24.162788
-1485.904,294.65436,-85.87663,50.2419,208.4678,29.164251,-22.332024,64.76356,-7.6058016,-30.748045,-24.79913,-19.365461,-26.621399
-1503.7491,297.20343,-65.1096,48.330727,187.59401,20.941807,-22.924213,54.372826,-10.802315,-35.58931,-19.467318,-9.291139,-18.101824
-1522.4392,289.13928,-58.818836,45.632343,184.83325,24.86827,-16.248692,50.237,-16.464848,-37.275024,-23.152546,-11.939981,-22.022144
-1547.166,287.30478,-46.794025,36.244957,171.06996,27.320074,-26.003178,43.048508,-10.953768,-28.762257,-22.548933,-16.409641,-22.483194
-1587.3245,279.99835,-20.839687,39.233013,156.86024,11.569262,-33.92729,31.40807,-12.6572075,-22.915617,-24.37936,-17.777506,-18.06813
-1617.1122,276.46228,-8.357875,27.232353,131.88075,17.801102,-25.702972,28.657068,-6.10466,-26.102898,-43.82246,-25.621918,-6.888811
-1584.1113,288.11343,-22.74769,-22.16729,101.2572,43.323143,-19.012285,2.1661687,-25.807762,-31.29295,-27.276684,-2.1744223,-4.7896414
-1473.559,324.2186,-45.237785,-84.30681,36.47574,34.293217,-51.73977,-44.514767,-45.545727,-32.02658,-14.795445,13.751358,13.401684
-1518.6321,301.91418,-35.1695,-73.97713,22.90699,-7.6290846,-58.280155,-16.05131,-48.71361,-41.26252,-3.9759872,27.401224,33.64549
-1580.3589,284.3261,-18.646002,-94.855034,-14.509085,-24.446606,-51.114105,-28.525517,-61.82531,-35.178978,8.421323,32.391388,40.287193
-1562.4957,291.01245,2.7622433,-94.66053,-40.400375,-30.92834,-50.048565,-29.830513,-39.677586,-30.52671,0.74948895,28.977074,31.274166
-1448.7463,289.93018,-3.336472,-84.745636,-36.533905,-41.474243,-31.201603,-10.615858,-26.700495,-29.192629,-13.704466,2.510868,26.817495
-1353.8047,318.80847,-40.717777,-98.72333,-20.05708,-47.80328,-21.80487,-12.676031,-14.760551,-25.497103,-6.5524006,-9.311506,18.39433
-1254.7047,325.26447,-49.318768,-103.65366,-13.796537,-70.24242,-27.381432,3.453411,-40.26639,-45.996483,36.249474,-12.394485,19.596157
-1140.3262,353.68237,-81.92813,-53.908768,-22.404793,-78.72389,-43.43672,4.042061,-41.22554,-41.505604,48.922745,-17.848103,11.091517
-1096.3491,347.17413,-73.30983,-36.014557,23.451668,-94.09724,-59.920803,-1.752964,-18.612427,-26.123444,48.231228,-25.142239,-4.424304
-1010.3319,364.2763,-95.06538,-22.95013,3.1396189,-97.8978,-75.59149,5.879223,-25.297562,-44.99984,48.282837,-22.629877,0.87437725
-947.1666,380.37207,-83.38585,-52.796345,-1.6667547,-117.10121,-70.66198,17.143318,-30.360325,-47.270744,47.807415,-21.63645,8.914388
-835.2046,364.48962,-91.70159,-61.191677,-36.46115,-101.106476,-69.18066,7.338667,-22.881575,-50.19332,41.24134,-15.927681,22.801355
-809.29834,376.8896,-83.64884,-95.37784,-27.60125,-90.90366,-83.40396,13.031094,-22.798143,-55.845535,46.43881,-8.619833,17.720892
-794.94244,379.30194,-76.06944,-126.30037,-25.423841,-81.10086,-92.11716,24.919777,-19.746206,-66.37034,49.64998,-4.999115,15.126017
-810.29486,401.5598,-102.25826,-118.69331,-34.69937,-57.657063,-104.1449,39.403328,-21.942062,-66.91084,45.652966,-9.791964,27.569057
-788.7969,397.95825,-127.8316,-115.34855,-25.899305,-42.803646,-102.77442,32.770008,-16.666428,-63.996174,48.834873,-15.423878,27.433296
-781.497,394.52017,-138.74927,-105.651886,-22.650871,-35.688965,-101.95311,31.098812,-6.7665663,-75.40291,48.753468,-11.06184,24.352024
-799.0647,412.40442,-155.1654,-100.53511,-19.006462,-45.41911,-88.79797,23.349073,-7.725562,-79.18924,46.5879,-10.414478,26.828255
-797.19714,418.50433,-162.0177,-91.00819,-25.962095,-33.92071,-96.997055,28.730873,-21.364592,-70.49557,39.510067,-4.5579147,28.833735
-791.1492,410.87607,-158.0889,-91.99035,-14.748651,-62.53823,-77.17601,11.997606,-11.615265,-80.301575,39.459175,-5.3502007,32.728703
-805.7916,429.05804,-165.84793,-86.33764,-15.548551,-53.609848,-93.581375,25.920212,-13.093998,-70.498505,26.81321,-3.885723,26.197811
-787.4569,414.7619,-163.92651,-79.87512,-9.335314,-51.599976,-99.417175,27.196033,-3.5414906,-61.80339,12.941119,-0.53704643,22.443388
-801.0969,430.37247,-181.67612,-71.83051,-4.09105,-57.23152,-105.853,49.591873,-8.988303,-66.03767,10.15076,-10.73848,30.278305
-805.5578,430.65033,-173.69792,-73.97592,-10.680724,-48.622925,-109.5526,71.40103,-24.060028,-64.14792,-0.10995708,-8.323368,29.723843
-796.4871,426.0359,-178.0992,-64.37475,-16.86356,-46.417805,-110.46242,81.040146,-24.213753,-75.50014,3.842603,-14.596325,24.92823
-799.799,429.15463,-177.21765,-71.79434,-0.7876798,-50.128174,-123.277435,105.359726,-39.93715,-75.085724,9.398405,-17.727558,9.907915
-778.1998,420.63452,-184.76445,-42.03559,-14.446397,-61.944542,-103.91345,94.89347,-35.988388,-81.41699,15.151013,-22.078224,10.362463
-782.1548,424.99704,-180.48691,-38.036533,-17.430273,-66.84085,-110.25444,103.5141,-35.800644,-84.02739,11.500697,-19.835579,4.5001545
-763.43787,414.3034,-168.68729,-18.350723,-43.29456,-65.11267,-107.035255,101.43491,-21.624096,-93.95947,14.91324,-27.027416,8.796166
-764.32825,420.1026,-166.77951,-9.233124,-38.69768,-89.47158,-94.71846,103.04235,-21.36721,-85.322815,-7.3505416,-8.969639,-1.4905357
-754.3495,420.06543,-174.1741,9.1752,-48.45443,-96.20419,-93.10297,103.80065,-14.24091,-86.74696,-12.299507,-3.224701,-8.510471
-731.4134,382.06284,-141.40633,8.167774,-43.916454,-102.1892,-80.48378,94.69105,-17.681026,-81.99138,-17.306358,-0.8292122,1.5861177
-756.1322,398.76105,-152.95053,27.88076,-57.982193,-101.573524,-81.34602,95.70656,-9.6365595,-82.46108,-21.124739,3.6632767,-1.965498
-757.1328,397.76123,-156.4881,33.30767,-61.6093,-111.38409,-56.85824,76.84863,-1.6444142,-83.0499,-22.385633,6.2719,-7.9833174
-771.67786,395.8399,-152.58377,38.01277,-65.57037,-103.08997,-72.613815,82.74506,2.9610639,-80.25078,-16.468128,-0.70672226,-8.833092
-798.6239,407.9676,-162.0469,51.291653,-69.16714,-107.958115,-71.45829,77.26239,14.210452,-77.87243,-15.416103,-4.739876,-10.499351
-812.69934,405.48688,-152.77823,51.835724,-72.74377,-110.68782,-74.83919,75.870834,11.769997,-69.68355,-15.630768,-13.474541,-5.9844513
-823.53674,406.42267,-136.92764,45.057697,-84.46337,-102.62591,-82.17264,79.90675,19.148548,-75.67981,-10.138551,-13.535465,-14.303634
-849.81195,413.79498,-131.58792,36.8687,-74.53836,-109.07089,-78.94644,80.152855,14.460955,-75.28861,-13.925189,-16.179533,-14.647081
-872.16565,421.82526,-120.61665,26.92679,-55.796223,-129.13574,-69.13045,86.5264,11.295876,-70.462906,-22.394794,-10.675549,-25.528618
-882.48114,416.7171,-103.98879,29.083004,-66.382996,-115.449265,-69.34171,95.931366,3.9525557,-70.562225,-24.272,-19.199158,-21.631329
-914.63916,412.30972,-82.978645,25.070568,-55.685493,-114.465126,-67.05027,99.51149,-8.992855,-67.12866,-21.699894,-16.620472,-26.31364
-938.2932,383.9729,-47.517246,31.735878,-63.52899,-96.11167,-77.69586,93.74603,7.523555,-63.978348,-20.609137,-6.4840183,-29.054714
-989.2035,372.06873,-19.664303,2.5451999,-98.78817,-64.249435,-63.629578,74.31961,50.42199,-45.538635,-48.07439,-19.700264,-30.920662
-1162.25,219.41217,49.868046,47.821896,-156.9293,-15.529146,4.122801,68.03485,58.58564,-3.6562984,-70.10573,-2.576525,-0.051445007
-1052.628,47.808983,26.835144,38.747322,-216.8692,-20.155983,17.513493,99.57514,37.459164,-3.4393158,-51.88115,14.046539,-14.949708
-960.56433,26.237717,40.98529,23.14728,-253.69595,-34.047607,16.667747,54.610664,18.292503,12.5779915,-50.477837,-15.244057,-4.909694
-672.3917,71.12134,16.683102,-15.778824,-286.62244,-38.067924,15.977326,85.44701,15.004761,8.926674,-45.88761,-22.743391,-17.286217
-750.6266,21.497473,73.77391,-13.642992,-288.3705,-72.1268,4.088442,106.75005,-0.3410883,-16.25597,-21.844322,-7.7676554,-18.698505
-752.5071,7.9622426,66.35296,-19.202286,-316.1541,-65.806786,31.016155,83.7943,-16.28697,-14.138531,-15.331046,-8.057232,-27.483782
-679.0973,-17.119055,32.479683,40.869576,-323.84293,-78.32283,55.70409,87.40089,-0.26862538,-7.7393885,-31.45281,-3.091696,-3.628861
-777.16394,25.663616,53.73411,33.227436,-296.82596,-77.16618,51.29583,81.88998,21.244198,22.585426,-13.595304,-9.1298895,-6.507403
-798.6395,-30.458187,19.228697,45.98683,-242.1709,-9.346231,71.76753,61.59932,-4.8347015,0.4209547,-7.4048777,-16.019352,0.32425427
-858.8412,-8.797496,-3.706895,49.216072,-206.2369,-9.902422,45.8186,69.918816,-25.105885,-14.541192,13.161912,5.2563066,-6.2888536
-1044.2534,-74.61241,-21.251902,77.53346,-165.75047,14.446777,27.826359,69.68333,-34.7017,-12.384836,8.223878,23.304487,12.493739
-1092.0663,86.14175,-6.928362,152.07935,-14.851858,104.721176,1.707695,25.913673,-47.17805,-30.834234,9.972987,-6.9702625,-28.201511
-1027.9851,278.47098,-83.28833,110.26871,126.32268,50.36068,-35.909935,-3.6244264,-45.55359,-52.391163,28.083544,3.446701,-74.993034
-970.2113,294.30075,-128.39015,110.23334,177.17165,62.16797,-45.283943,-23.750015,-38.37661,-67.531784,34.308018,11.5095215,-109.538185
-902.96326,300.8376,-148.22382,109.50882,197.30005,63.61231,-48.56311,-38.818348,-44.55313,-75.8734,37.58799,14.321682,-115.39299
-882.10364,332.4495,-174.15652,126.46646,185.83551,76.17688,-58.70652,-50.7445,-43.41993,-84.85132,48.156075,8.700428,-115.9452
-841.45667,327.80087,-159.57628,125.58103,177.28915,81.718414,-65.90343,-58.798607,-46.640007,-80.14421,47.689117,14.464737,-117.64504
-827.1144,330.20068,-152.92517,115.680435,186.77493,73.30742,-60.91529,-65.38819,-52.346985,-78.891525,41.31332,15.640579,-109.08275
-837.3287,354.10553,-166.10156,134.37033,162.50305,73.506226,-58.265656,-68.70504,-56.137833,-85.43494,33.200504,22.116512,-93.92964
-878.7029,385.67087,-145.54471,109.188446,163.60475,48.714134,-51.223557,-63.846817,-62.625687,-84.44729,25.952358,21.057505,-86.0148
-889.4714,400.8943,-132.0119,104.73346,150.3515,27.674664,-55.019405,-49.63645,-76.15838,-83.64977,21.080553,11.825584,-53.04264
-893.96423,399.5077,-117.351585,104.932274,154.49527,-2.25584,-54.372807,-40.88285,-89.26431,-83.41913,11.987494,6.533169,-41.7559
-909.8397,424.4856,-89.94098,92.03322,107.68082,-12.775341,-56.90993,-12.219984,-71.78934,-93.03563,7.220806,6.938595,-58.298466
-945.2692,457.77905,-94.36235,90.222694,78.54738,-34.36914,-61.8107,25.023159,-53.53424,-98.25859,7.3435135,-12.393093,-67.84788
-939.2782,454.2694,-78.11415,85.68617,46.80905,-49.81011,-66.2542,49.54058,-41.71757,-86.71451,-5.7647905,-23.705189,-51.826763
-912.1961,438.7921,-60.846024,72.86043,20.547348,-68.38388,-62.123116,66.7863,-33.577477,-74.036934,-21.05702,-25.92846,-47.74153
-974.3438,478.98267,-66.16106,58.164017,-0.65045834,-77.93007,-55.910896,66.90796,-13.94584,-80.65277,-21.064493,-25.235886,-44.617065
-1019.2528,492.09335,-50.19889,29.564318,-22.364494,-64.10011,-59.47885,58.02517,1.3157883,-73.75311,-31.020021,-27.254704,-32.034195
-1131.6699,515.03644,-5.268923,-6.906823,-47.849888,-48.560066,-40.700115,30.868994,11.839212,-48.5828,-44.525925,-32.805016,-12.7381115
-1475.949,477.3973,70.81832,-80.77461,-70.47167,-29.470486,7.826415,41.34089,22.998495,-37.655205,-47.975018,-29.277596,-9.961561
-1354.0099,456.83057,55.037186,-60.056976,-83.3887,-9.0564575,11.851532,-8.464897,0.12301016,-18.675892,-41.287037,-14.225338,14.393206
-1169.9836,537.5646,45.09766,-90.43869,-90.65794,-17.954231,-48.028534,-18.726524,9.418785,-24.13374,-31.684233,-11.106448,-11.475506
-988.63446,477.7923,19.81239,-60.303764,-94.100235,-60.289684,-22.41748,-31.043783,-37.609497,-3.2242184,14.309217,-34.55773,-28.644089
-907.82513,436.3805,18.317373,-41.40399,-94.867615,-78.11254,-18.2289,-30.686085,-53.511414,1.7436771,30.654928,-42.965202,-29.523254
-858.6727,422.7921,3.6083717,-45.93464,-97.63583,-66.22602,-31.027283,-45.515396,-45.90603,10.590374,27.703047,-30.824745,-38.657997
-826.6445,400.60718,-6.5568433,-18.14277,-96.129555,-91.877884,-34.36447,-28.979628,-46.106712,15.782764,26.581242,-31.840656,-38.901367
-790.0709,374.131,-19.62831,18.868715,-86.42682,-136.4144,-46.941322,4.6134796,-32.893112,-1.0738077,17.527565,-31.250301,-26.273352
-785.6242,365.61816,-17.34472,40.10041,-82.626785,-155.52335,-52.88639,16.415987,-11.692707,-13.82817,3.9989207,-17.08216,-32.088245
-850.3112,390.0384,-5.343638,41.489162,-62.562595,-167.29462,-78.9278,28.62796,29.10241,-34.88391,-19.32425,-12.988756,-27.865112
-825.3229,375.65338,-0.7687874,50.769318,-69.0671,-154.1854,-82.45886,33.19642,23.275478,-34.21669,-23.713024,-15.625679,-21.208828
-836.0864,374.4427,-4.249172,49.698364,-53.988068,-150.84692,-71.18092,25.196789,24.678059,-51.62821,-21.86234,-26.385647,-1.716363
-960.1575,440.5689,-27.113033,31.41877,-10.210632,-136.95758,-95.27906,63.79177,-3.8507094,-66.81598,-23.885775,-16.28865,-16.861124
-980.0686,428.56097,-28.563402,32.43513,6.906925,-130.72348,-85.493546,85.723404,-28.299131,-62.193222,-33.908012,-9.25226,-25.88717
-1083.2231,447.71823,-46.6012,42.110565,32.13018,-133.65417,-70.735405,97.25588,-22.684883,-79.62787,-35.73933,-13.907024,-31.673466
-1178.1559,439.41846,-46.983368,42.715313,62.678856,-122.48101,-69.75985,116.774895,-19.81716,-84.9613,-42.79596,-12.180893,-39.79294
-1429.0632,392.5644,-15.448517,33.044823,79.177536,-88.400635,-64.463196,101.88815,11.8648615,-90.94144,-46.161118,-16.079456,-28.952835
-1880.4429,282.95862,102.12397,36.63831,41.52928,-29.069645,-28.676636,25.873558,-8.475815,-32.703323,-3.8602803,20.071915,7.134363
-1918.4219,250.76425,77.572266,9.140383,37.37494,-23.456688,-8.0460415,25.690527,16.778847,-4.788886,-5.584186,19.831703,18.18523
-2001.6765,234.24986,90.41838,8.332588,47.779152,22.064287,22.63165,50.44487,44.148193,34.96528,13.603595,28.58193,30.49353
-2021.7699,223.43909,111.20462,30.341105,63.502098,24.212978,-4.417927,26.478466,21.210815,13.560503,26.683592,42.87435,35.53913
-2011.3676,206.52219,104.26402,5.7253666,25.23514,10.601877,0.5572834,36.89796,20.920284,14.567135,17.437006,29.801952,20.918827
-2077.5957,185.52628,95.167816,0.37849164,53.10859,29.230722,3.116621,29.17786,15.2543125,23.239067,28.926456,48.442406,42.170563
-2032.2837,174.9716,125.30204,22.503666,46.70581,25.277857,-0.25761604,28.840374,31.18715,20.930283,1.2101594,28.481628,26.999638
-1372.846,188.46231,-109.335526,-27.004879,75.93626,20.86073,-98.884155,88.42627,32.3545,45.789925,-15.984232,46.988068,29.063837
-1411.5413,200.38577,-32.68344,28.418207,80.33679,10.77707,-85.629166,76.29789,3.8121066,5.4151077,-49.629753,12.709599,3.5093527
-1623.28,377.10864,101.95148,49.002953,58.34132,-64.241776,-98.76372,43.450294,14.52935,-27.861341,-26.061073,-31.750803,-49.924034
-1556.1245,377.53223,97.75162,77.60878,40.654915,-67.80293,-100.658516,34.811043,14.373112,-48.0754,-15.672596,-22.588736,-57.886272
-1563.0688,386.79755,101.0716,93.74976,50.377136,-78.73491,-84.974045,19.886766,12.600925,-39.399345,-4.7796173,-23.570482,-56.78909
-1587.1536,407.98254,117.37631,95.36604,39.74138,-79.46487,-75.1558,13.691633,13.355476,-26.34156,-2.6670108,-15.379481,-48.9457
-1592.5872,391.5901,142.66351,88.77307,25.74126,-63.29216,-77.98512,-10.551462,22.006357,-22.47057,-16.16023,-8.7686,-45.65824
-1630.6183,401.27356,145.76166,96.85812,26.538876,-56.645363,-87.35179,-38.185196,26.358932,-15.469948,-23.721066,1.1507812,-38.22554
-1602.5017,405.81396,139.605,95.16196,28.04959,-48.615482,-80.649086,-42.14946,16.344429,-24.716053,-14.024936,17.759022,-35.354584
-1608.5383,416.4428,154.02495,110.0636,18.01067,-61.75547,-88.84277,-45.21113,25.681358,-23.999733,-17.26007,20.275673,-37.123817
-1575.4504,423.9386,157.79492,97.51158,4.9399014,-63.656452,-72.78052,-34.517933,9.384378,-30.46921,-9.7775755,29.895926,-27.121641
-1573.823,429.67627,172.53378,106.71684,-7.8883038,-75.776764,-70.1049,-34.81725,15.067135,-11.992956,6.8272686,24.006922,-37.325203
-1594.6118,418.8377,182.79065,117.93095,-5.1205473,-87.78405,-66.62986,-30.118496,5.5707016,12.377449,17.115238,19.36915,-48.71326
-1571.1437,397.56555,182.20914,107.882706,-27.05128,-75.067924,-64.82253,-44.303993,15.258827,23.873394,13.138455,21.287823,-37.271942
-1528.7239,400.9335,182.14734,65.7085,-68.366104,-66.7143,-53.161926,-54.173782,11.292648,40.258347,22.1198,50.79872,-8.037603
-1476.8773,206.2189,171.63461,174.43144,-139.62048,-58.33851,-26.784714,-28.893864,34.417496,76.1945,39.217083,91.541214,-3.8067627
-1207.9661,77.88519,127.74815,141.95668,-156.94241,-80.473366,-3.6874409,61.495586,7.237178,94.768585,27.236286,92.097534,-22.752087
-989.53436,90.398056,78.147705,153.8649,-184.41997,-91.97478,-2.8600702,39.299187,-6.6252327,45.300888,7.8389854,44.616577,-46.903454
-1061.3075,67.02439,142.41069,121.25994,-195.58357,-71.10654,-39.54993,22.397505,-6.616497,53.577335,25.831682,46.3726,-28.126709
-985.2877,82.59247,150.56805,101.80696,-230.53009,-77.67154,-35.200676,8.431141,33.427784,71.22685,27.00277,60.517838,-21.143723
-1013.4852,51.203403,136.46402,102.1464,-220.5875,-112.31842,-29.118029,26.829876,3.4939451,60.293953,19.379808,27.9197,-34.804073
-860.9037,64.963425,159.40826,115.441444,-222.00757,-98.07674,-61.14225,35.85874,-5.739004,49.666473,-11.002429,11.62929,-27.868616
-928.662,-57.516228,125.6214,128.21097,-225.8544,-108.5333,-11.436459,46.264183,11.846003,82.03487,38.17012,55.59178,-24.845205
-1014.8688,-25.656137,160.4632,113.13241,-240.46954,-105.91829,11.120242,22.699512,8.981138,61.448692,-0.83248454,40.75393,-24.655973
-1038.9055,23.521385,146.36343,53.6119,-220.59897,-91.929535,-4.5233707,35.51732,22.227306,50.64055,-14.32031,30.153429,-44.419926
-1227.4082,99.2097,153.174,88.31175,-177.33557,-78.654594,4.3235874,39.381847,47.723026,91.214745,-7.5201173,20.217354,-42.935078
-1282.3042,384.49466,124.325905,23.393654,-101.39507,-85.1775,-61.279472,-24.031425,35.70981,58.265594,-17.589224,-5.1470203,-18.612679
-1004.64136,392.5265,40.476295,22.434387,-116.65526,-132.03036,-81.879425,2.8335228,35.416912,39.523426,-24.085123,-28.298382,-25.629856
-1001.9643,409.90115,41.827137,26.202404,-113.84778,-151.74208,-59.1081,-20.591688,5.8396444,52.232193,-20.812878,-44.60234,-4.65306
-922.22485,392.53082,34.404457,-9.335903,-97.08189,-127.45215,-74.28377,-36.53013,4.1613874,17.86692,-10.983821,-22.039764,-7.7286015
-871.6281,396.2342,12.5022545,1.757534,-107.3612,-131.96838,-68.11021,-29.490051,-2.2796535,10.959861,8.941326,-41.915276,-16.085432
-833.7788,388.22424,3.4040842,-7.509818,-112.86543,-112.48625,-66.33763,-37.424973,4.0606556,20.570946,8.608073,-37.779438,-28.336279
-768.8307,370.52176,10.564687,-49.659447,-110.04435,-70.38785,-54.211624,-58.615726,11.174493,24.16317,-6.922563,-27.65165,-19.340435
-813.5803,388.28558,15.204426,-39.367447,-103.9718,-60.97283,-43.078228,-49.962696,1.679599,5.103243,-2.258443,-42.43184,-7.003394
-817.04285,388.96783,7.7493424,-16.486351,-118.164215,-61.16413,-31.328026,-43.449966,3.2038548,-16.739243,-32.385292,-30.274845,0.2676704
-857.7728,424.24536,2.0279622,-21.189913,-91.53491,-55.11712,-52.94581,-12.130337,-0.17627382,-56.255592,-24.509802,-11.644981,12.300676
-821.2287,385.73462,0.26538026,5.5928173,-76.15916,-42.298264,-39.05581,-35.00789,-36.7689,-61.682587,-2.798609,1.1528912,13.461964
-825.8713,399.67157,-36.30361,20.132046,-59.70763,-19.338623,-47.139954,-37.120075,-48.54541,-66.82628,-6.029634,-3.1183434,23.398956
-922.6531,431.1685,-56.29816,44.61003,-32.71034,4.4336777,-72.83013,-32.288975,-29.539478,-85.372635,-7.029376,13.905491,5.3856726
-934.37885,417.5225,-74.18977,65.38304,10.852715,16.510345,-65.554855,-41.263382,-31.039547,-89.77471,-1.6329944,21.901184,-1.584508
-952.61804,421.27863,-75.861145,70.197525,62.02129,12.360378,-69.18584,-42.95883,-41.104446,-86.340836,-9.133979,26.93589,-19.289696
-942.51807,402.31372,-88.03221,106.29236,87.20163,31.519564,-85.29353,-61.05204,-45.125595,-82.35541,-3.4694502,25.319275,-41.542503
-916.93243,382.8571,-91.32359,107.464966,112.96344,54.716362,-105.552605,-50.76977,-70.35015,-76.69086,-6.485259,35.15619,-47.646584
-929.376,378.7261,-113.21012,114.977615,144.89171,54.10668,-98.91735,-60.47368,-72.60739,-66.80385,8.154278,40.961517,-59.86708
-930.3558,348.05585,-143.28001,130.4439,152.27545,80.93642,-103.7357,-49.88217,-62.807053,-63.36243,19.62504,35.143444,-67.55646
-960.4756,316.80054,-148.10416,135.47089,169.17633,86.443436,-109.480835,-21.64995,-75.30523,-38.102318,16.68702,12.830033,-58.15473
-1033.6998,316.43515,-149.45004,122.25653,204.18204,71.120895,-88.191956,-21.057352,-63.306393,-26.777557,11.5646515,3.9069843,-65.45679
-1107.6086,318.65536,-153.42639,129.69086,199.3667,75.94429,-90.75203,-26.016062,-48.03212,-25.88306,22.147617,-4.846936,-78.387405
-1169.8682,312.1676,-147.83397,125.64363,212.42615,71.153114,-73.85825,-41.78984,-41.214912,-26.902868,21.89763,-0.7426853,-75.63875
-1263.4338,300.32153,-133.20908,128.36435,221.83148,66.901436,-83.06959,-37.89545,-37.429054,-10.175698,20.149458,-7.7444944,-73.82961
-1343.7847,295.79285,-138.79715,115.063675,224.59679,63.179573,-74.52759,-7.33366,-34.71097,-12.38973,16.714539,-36.461624,-68.648636
-1384.3325,284.36154,-126.23538,105.3396,228.52936,51.634598,-86.59022,-24.197739,-28.988293,4.531431,14.006038,-22.082819,-57.128834
-1411.8918,290.94543,-125.97182,93.85202,216.30922,51.9128,-86.97589,-19.740408,-28.099749,-0.41723347,12.41676,-18.970798,-54.238747
-1438.5594,272.81,-109.946365,86.59078,209.27698,65.20449,-80.77183,-23.677067,-22.682661,-12.078807,4.2302904,-22.46904,-54.051735
-1465.95,295.8049,-105.56069,72.782745,214.55139,67.82597,-87.94925,-29.108059,-29.468594,-17.575165,1.6055495,-22.248558,-53.158794
-1463.8584,309.966,-86.60279,65.305595,204.13245,70.24124,-90.481155,-25.172415,-39.244045,-18.641762,7.9133143,-20.215015,-51.724438
-1463.735,318.25986,-85.98445,57.499718,206.65851,78.807396,-81.77132,-30.475506,-36.061096,-19.99871,0.7730875,-14.195343,-75.94941
-1432.1393,329.5609,-84.235756,55.498035,207.94827,93.18094,-90.9248,-33.603638,-54.83158,-16.589626,4.4202614,-11.869258,-56.696213
-1396.2947,331.7897,-89.43656,62.81396,214.09933,92.22145,-84.3769,-38.082825,-55.214348,-31.788288,4.788561,-6.206908,-64.57866
-1338.8899,328.85638,-75.84276,54.73558,207.07065,103.010086,-99.585495,-24.438976,-74.36374,-17.650883,10.095162,-12.956214,-60.80327
-1327.5051,352.27808,-85.39519,52.14892,203.71555,92.0108,-71.27786,-45.444767,-61.861076,-31.11356,-2.6431594,-4.8141594,-68.35102
-1295.982,359.58972,-91.56801,60.123642,193.1757,97.47976,-72.229195,-59.221848,-65.074104,-50.960983,11.394217,0.30576897,-58.67684
-1275.5326,372.3004,-87.25788,45.21772,176.58437,88.73422,-66.40466,-46.301888,-78.62276,-49.599762,-2.2297,10.27072,-48.21294
-1265.1387,378.91528,-88.18779,38.648327,143.94785,80.12116,-49.44036,-40.156,-71.24992,-59.68121,-4.0010457,14.322361,-42.941074
-1279.6841,369.5277,-60.541374,35.134926,122.56161,80.35858,-47.972076,-37.19413,-61.595085,-62.123447,-10.457479,20.584309,-38.419594
-1324.2599,374.82016,-42.68009,35.474167,95.14432,67.47165,-47.071342,-30.62697,-40.938225,-77.7842,-11.01967,23.410156,-28.463995
-1390.7993,371.32233,15.079183,11.362151,73.320694,45.560917,-37.424538,-13.449074,-33.904507,-59.40274,-28.612242,19.69651,-34.975697
-1447.2616,313.9593,41.039078,10.628887,34.406776,50.40866,-34.774403,-31.164204,-43.330418,-34.062447,-33.282345,-2.684122,-21.63284
-1649.0215,261.38855,9.3431835,29.959919,43.600998,42.530212,9.520229,-0.04906988,0.773509,1.467979,-21.865509,-11.527567,-8.931451
-1647.8474,337.79904,57.305477,-27.43291,-42.220306,22.475792,13.72566,8.4994755,26.241615,18.144981,-16.486713,-2.267497,-13.28191
-1652.3096,361.97015,79.23445,15.787587,-7.916365,21.85189,-16.908108,-22.60624,21.23315,1.841227,-19.908306,-11.789616,-20.87498
-1628.7327,387.41434,111.194336,10.839674,-14.395376,-6.134694,-38.85566,-24.900635,33.750584,23.467468,-12.966844,-21.306961,-47.514126
-1634.1704,390.34302,116.684845,32.409607,-5.3791533,-15.87225,-62.93242,-16.108093,46.069374,10.7221155,-10.676772,-15.178668,-51.5729
-1648.0547,367.74557,142.3281,48.498425,2.3771248,-35.976902,-70.43388,1.6639309,45.072563,-15.766445,-3.0017242,14.045105,-36.55877
-1659.8937,363.79578,131.70859,59.685062,-2.8721542,-37.256256,-80.10637,13.663759,32.655106,-17.468527,5.463529,11.385065,-43.02778
-1692.2341,344.57178,143.31972,65.540054,6.291973,-37.25905,-47.869057,9.572828,0.80202866,-19.396698,9.458756,1.857233,-43.659855
-1722.2786,343.4163,144.32043,68.80646,9.280058,-24.357895,-41.778576,-4.5922937,-13.688376,-20.088139,10.898874,-3.325057,-29.017136
-1741.3408,342.93564,150.56772,69.87581,0.9606285,-12.908751,-42.056946,-12.838783,-9.946894,-10.339494,2.460852,-7.1153364,-14.98951
-1741.5933,331.41006,161.39278,65.81162,7.4171124,-17.517994,-43.227455,-20.51285,-18.428822,1.5976043,1.9226624,-7.3318105,-18.089016
-1744.2776,347.11407,143.0285,62.01898,5.446377,-15.937863,-41.584793,-27.946983,-5.675027,-7.6326723,-2.9862552,-7.67772,-19.703323
-1761.5679,345.47852,156.20901,58.05391,12.61364,-34.488815,-44.632298,-23.09951,-6.366424,-3.660171,-2.5928726,-11.97398,-18.906961
-1777.5115,335.46906,165.8208,66.53448,4.6461544,-40.678818,-54.744385,-22.505291,2.52073,-1.0791395,2.0011876,-6.142377,-29.703972
-1774.804,339.93085,170.37038,64.67276,-14.198257,-37.88141,-51.09188,-20.346298,-6.7583494,7.002138,3.9385521,-7.816391,-15.818374
-1776.6709,340.08057,163.34395,66.36855,-8.050307,-42.73985,-63.362183,-36.588093,8.314386,28.6145,-1.0529388,-18.255728,-30.928522
-1762.2009,348.70508,156.4011,48.076584,-8.2898655,-32.239872,-49.771564,-34.026115,-3.657342,18.309713,12.48975,-14.228434,-21.862923
-1770.8586,331.58298,162.79407,52.09829,-11.049016,-36.595455,-54.636772,-42.06613,6.7148623,20.130363,1.2197366,-14.729214,-19.494728
-1775.9231,339.3356,156.87271,44.531246,-9.20284,-40.07415,-51.576622,-36.53661,6.9406404,14.812555,-2.125794,-13.337053,-20.01846
-1823.1107,332.5844,165.45168,43.267693,-10.744942,-35.91095,-52.74029,-31.216515,-6.568165,10.275724,2.5778198,-12.151033,-24.817822
-1799.9226,312.548,156.03534,42.822693,17.205778,-22.346043,-64.565605,-38.5422,3.919878,10.903559,-6.9949307,-9.112249,-20.284678
-1834.8801,330.94714,152.42819,36.60703,8.4347925,-12.7643385,-45.91285,-48.47776,8.140423,11.706531,-15.272391,-11.604405,-19.662607
-1864.1554,311.02237,138.3277,38.331078,33.493195,16.278414,-45.717667,-53.64444,7.2545824,17.66716,-6.672215,-12.682856,-16.266361
-1852.2183,283.02478,96.18111,16.362259,48.327045,37.84417,-22.209414,-11.657291,28.504768,25.094013,-15.346209,-17.72966,-18.659996
-1951.7634,250.65677,132.49585,35.609367,32.07956,34.486202,-14.189632,-25.830023,14.845834,13.742746,-7.2543416,8.342913,-9.830827
-1958.362,248.25867,149.36574,29.296608,38.054893,12.257748,-22.874138,4.4334145,29.595879,20.183851,22.057425,11.059515,-7.935749
-1974.8252,224.32074,125.388565,25.810688,45.43779,27.914276,-3.480597,10.420238,18.962505,14.697387,-1.2388827,0.6106348,-3.917387
-2114.9868,155.86115,97.24225,4.952374,31.098549,30.169724,22.637993,38.381897,41.348934,26.092878,8.860197,27.175268,23.589268
-2142.5625,171.48482,128.7778,36.375755,28.556675,19.618477,14.839481,19.015114,3.8287206,12.621723,7.2327504,0.33729982,-1.3858838
