-1750.6658,-29.594322,-45.38184,156.60263,-26.995628,61.84869,34.194138,-0.9173962,67.07004,29.820402,-56.874767,57.306793,0.76270294
-1519.7378,-115.87671,-66.068665,170.46027,-34.807674,41.18134,-0.2626109,-27.110056,36.381966,4.7586174,-74.086586,73.817505,0.69306946
-1389.7356,-237.81213,-81.236626,158.36871,-70.816345,51.5739,34.915844,-3.9368548,59.852524,35.859367,-64.61538,61.703392,3.4621582
-1282.0964,-326.30853,-113.98995,145.20609,-72.44491,17.270937,-1.2493286,1.1765661,72.2852,32.045918,-74.46316,56.369328,-0.855793
-1150.4658,-363.15134,-100.020615,154.33893,-75.56899,-4.267369,-19.986729,3.6864805,67.52704,23.98896,-83.621216,56.86975,8.993137
-1059.3345,-450.47372,-111.919,173.41428,-65.76262,4.415063,-16.47517,-9.66452,52.37648,39.149353,-89.32848,66.82162,6.3194675
-1101.61,-502.93686,-167.76018,124.059654,-86.0654,0.7394575,-36.113342,11.1795,50.613518,21.257025,-93.663025,75.29513,2.6561947
-1018.07733,-416.653,-92.595184,174.62123,-57.92491,8.587916,-36.23922,17.588186,42.44799,12.506878,-74.625755,68.323944,-10.02376
-1041.5342,-466.52393,-139.90714,167.0094,-53.533348,-6.0061097,-28.357689,38.448307,38.48747,7.2844315,-71.86548,74.6722,-4.2737503
-941.6017,-382.60052,-78.18449,173.25763,-72.3889,6.3041906,-17.304863,7.4986567,23.08379,22.67765,-80.11949,55.16198,-8.374725
-1024.0654,-481.8913,-99.817505,158.9154,-96.26298,8.224492,-2.5787687,18.751741,35.41175,10.335854,-49.192135,71.514656,-16.129147
-948.87067,-348.56308,-99.00928,130.04356,-123.08455,-18.040209,-21.410522,38.401688,42.600296,8.01425,-60.406864,71.81461,-4.3772755
-1146.6536,-289.54425,-112.60364,163.3985,-83.882935,0.9617901,-9.582731,8.1561165,41.933006,-1.6054115,-39.26405,95.48474,11.877722
-1388.4963,-115.27582,-74.37119,164.3978,-77.755226,17.382229,-41.418613,13.021189,57.94242,16.939152,-19.455322,94.46828,-1.8266811
-1545.5515,157.83875,-8.180651,169.30487,-16.753464,18.454556,-43.692657,38.579315,28.306114,16.488201,-59.838642,46.193798,0.15467358
-1156.8594,333.55045,-30.36119,62.390087,7.3656673,-13.656895,-54.85029,8.6632395,2.9876947,-29.352203,-40.684696,14.696219,17.9963
-1024.0886,332.02777,-56.052082,23.379967,8.275833,-18.206835,-53.088562,-12.554168,-14.419813,-34.103874,-22.485388,22.665419,23.173529
-982.971,339.8437,-48.457985,3.8483896,18.64642,-12.726635,-44.07212,-25.946999,-24.667831,-26.695621,-7.4036455,30.969074,25.069252
-969.5263,350.21088,-54.66654,0.1835165,7.506037,-6.9816895,-43.84232,-31.816063,-26.584324,-26.886253,-7.0568247,36.57019,27.73566
-933.6846,352.68616,-61.75508,-9.252237,7.464029,1.6096487,-52.11765,-30.71135,-26.76701,-29.442274,-10.45887,41.397316,25.762463
-881.4966,336.97308,-61.208824,-17.429987,18.942719,1.2385623,-54.201595,-31.751682,-24.6264,-35.04885,-7.466161,41.463326,26.944038
-855.6219,334.4035,-67.40531,-22.720497,22.523481,3.0965452,-60.68709,-29.608658,-17.140404,-37.21028,-4.9624076,41.659637,20.587166
-792.4969,309.59396,-67.05127,-40.365643,19.741573,1.1451049,-63.35692,-25.608803,-4.784744,-39.786427,1.0366735,33.87128,8.978947
-747.32153,290.41003,-73.049355,-53.2861,4.435343,-5.5418005,-58.172585,-22.776644,0.8340905,-36.501556,-0.08712866,18.764387,7.517083
-696.70386,268.70654,-86.58113,-58.543266,-3.2875366,-14.916433,-61.419304,-1.2512636,-6.592568,-48.52612,21.386307,-6.923626,12.327122
-652.4945,231.25085,-95.20963,-77.6302,-7.608574,-33.964607,-57.054512,2.0753126,-24.70483,-45.108482,16.209665,-21.456423,28.579952
-615.7663,199.30667,-115.43459,-68.159966,-6.9866257,-49.209564,-47.798283,-10.38139,-42.759293,-35.485718,2.8386788,-13.807348,31.355703
-586.3129,170.07643,-136.38818,-68.474266,-23.172691,-59.03517,-44.679443,-33.8591,-46.979675,-41.200554,-3.380762,-12.123984,28.560883
-589.89136,184.09448,-113.10861,-59.7937,-15.594206,-61.14336,-31.24834,-25.344166,-42.63063,-26.77203,-11.21901,-14.315388,17.409306
-603.3374,193.47784,-114.606125,-53.685562,-9.893448,-66.85432,-29.229517,-16.008076,-49.716927,-14.774816,-13.031185,-13.985587,18.458082
-625.74414,206.36679,-124.72035,-40.787003,-12.670485,-69.92092,-19.988874,-20.868595,-48.450645,-10.982264,-24.688822,2.4304094,10.437513
-648.6184,211.85385,-109.38309,-43.194702,-8.67594,-54.204212,-25.434654,-7.666521,-58.23325,-9.180773,-31.79094,1.6386623,23.99104
-681.5637,229.38115,-100.393524,-35.94053,-2.4556546,-35.59169,-33.56848,0.74417686,-60.883633,-12.138475,-17.115095,-10.540815,28.16933
-683.38824,230.4534,-89.635315,-38.268448,1.5361757,-32.69555,-32.95719,-5.314138,-50.408195,-13.736619,-0.5670309,-20.355038,9.06908
-712.494,255.66298,-85.13013,-49.618713,-19.45028,-36.264244,-28.138042,-10.169527,-48.800163,-10.322142,0.55368143,-25.868334,6.5290947
-737.7634,264.30405,-86.69887,-36.79451,-29.751884,-41.18895,-37.38694,-14.632242,-50.221718,-13.396464,5.9593844,-30.536434,8.973936
-743.8307,276.7411,-89.1989,-46.632557,-17.13453,-40.42686,-42.674744,-8.02609,-41.025543,-17.82349,8.946862,-45.429104,5.8103848
-774.4689,295.24387,-100.52491,-40.981724,-23.137383,-24.032536,-38.73292,1.540266,-30.336197,-28.046032,-5.312271,-45.515224,11.76444
-752.27484,266.1452,-93.778534,-48.788055,-17.107199,-23.48603,-26.994698,1.6234074,-37.83123,-29.554884,-17.64976,-37.342155,11.601782
-800.3921,273.612,-96.48106,-49.755013,-20.943138,-4.0957193,-40.717155,-17.851658,-30.32142,-39.49732,-20.867144,-38.11746,16.590086
-862.9233,301.81625,-87.41158,-38.32889,-25.875063,-0.83848405,-38.35244,-26.176384,-21.236086,-36.875927,-24.209402,-33.816235,13.7351055
-910.3235,313.32147,-76.857086,-38.5319,-35.98831,7.5983386,-39.37972,-13.99144,-13.855051,-29.027397,-40.07814,-27.306656,18.438005
-905.4617,312.13953,-66.40859,-32.7082,-47.866856,-3.5422049,-30.887856,-16.962627,-17.261955,-40.642105,-34.33082,-10.543465,23.790298
-879.61566,312.9983,-76.1898,-40.89037,-29.26638,-3.6332471,-29.135975,-24.88451,-15.977198,-47.325974,-29.321186,-13.827372,29.734522
-936.7113,336.67096,-67.53616,-24.297646,-50.758934,16.194527,-38.171806,-32.3482,-13.973419,-44.950737,-30.5446,-1.4083366,20.822685
-978.01495,330.55035,-47.73892,-14.663357,-53.492012,35.993256,-29.774149,-36.640934,-26.159609,-43.38463,-30.457365,10.535601,24.628664
-1021.83484,317.37292,-41.462376,-2.1773515,-27.254894,40.548286,-13.196916,-33.74738,-30.364702,-47.97168,-41.135525,10.72575,17.256392
-1210.5577,343.1981,-6.7757072,16.99298,-6.3525553,44.306786,1.281484,-23.702248,-27.829227,-53.37888,-42.791943,-12.773273,-3.33105
-1325.0068,388.312,29.058952,37.036575,-52.456253,29.527988,21.302597,-0.11853647,-7.930665,-40.528053,-55.485527,-17.886133,-16.190952
-1352.0015,371.16046,49.624943,48.3736,-41.592472,39.11523,15.437849,-3.4858532,-4.22626,-34.029312,-47.751717,-17.566742,-28.368061
-1348.3386,355.06372,32.734276,68.76846,-26.732136,37.23027,7.1923256,-23.41808,-6.5587864,-34.49816,-39.05553,-9.285452,-29.254877
-1346.0886,349.5656,52.889015,47.63995,-27.754177,30.149715,6.505356,-15.360304,-8.454549,-37.150158,-42.41635,-21.07526,-28.285755
-1397.2993,383.39117,22.7183,76.449036,-25.27249,23.443691,0.27089596,-31.008614,-18.041073,-30.281826,-43.926365,-18.893291,-17.534393
-1356.3049,353.64832,22.683348,54.822098,-14.479795,32.048363,-6.910348,-23.731817,-19.052872,-45.74577,-45.27459,-26.891079,-31.298843
-1252.7269,345.67737,-10.957193,29.7722,-9.513828,24.800037,-14.378632,-23.779587,-30.391834,-41.676834,-45.68549,-22.953476,-15.365422
-939.3275,251.10626,-90.80768,8.990385,33.452297,7.222068,-40.759388,-55.530422,-66.416595,-53.295662,-28.700382,2.8217545,28.60538
-801.2365,196.14175,-126.01077,-1.8651237,-2.5456605,-30.517906,-59.209133,-46.29849,-81.017166,-55.867817,-22.806896,14.7466545,42.990948
-678.26526,131.66808,-142.40639,-25.742592,-31.043385,-46.31776,-44.57257,-60.833534,-76.34541,-59.725185,-18.11616,21.30045,49.367176
-597.1599,100.5296,-160.46722,-15.589414,-40.44633,-40.918224,-45.55656,-51.486526,-74.52881,-60.64459,-17.935566,25.1534,60.881363
-555.4667,71.97473,-146.53006,-17.205868,-51.30536,-36.865875,-51.114307,-48.734566,-73.64294,-60.082954,-16.596212,23.64003,59.87931
-546.1032,73.31425,-141.84735,-16.02073,-49.850243,-33.362514,-49.968666,-46.22645,-68.307724,-62.579807,-10.87099,20.769032,61.088547
-523.5796,68.1371,-139.68782,-18.391094,-52.263733,-40.70584,-45.649826,-48.129402,-61.463524,-64.53199,-10.954247,15.950386,56.47753
-529.8338,75.2641,-147.08292,-17.565355,-59.54531,-39.584747,-52.284966,-47.69887,-63.06549,-61.99077,-7.376067,15.86554,54.674347
-517.69946,80.41568,-147.86957,-24.926943,-63.528748,-48.0886,-52.275127,-44.979675,-59.28452,-58.87594,-5.9572325,10.684988,52.08343
-507.7071,87.08164,-143.33829,-27.269987,-69.062,-49.6251,-53.840008,-42.606873,-53.61228,-56.00805,-6.0022964,7.951235,46.943367
-512.2588,102.446434,-142.3062,-29.55857,-68.57473,-52.412,-53.16848,-39.629463,-48.767815,-50.68856,-5.2783527,8.195406,43.61605
-509.74667,109.10486,-139.09723,-32.945652,-70.60102,-54.28486,-54.720207,-42.320927,-45.90692,-46.893967,-3.6773887,8.037218,33.216995
-517.4075,119.14768,-137.65472,-25.130814,-77.74193,-51.329803,-58.08956,-42.348557,-44.76981,-39.023003,-3.914347,14.987484,26.84171
-519.72736,120.730736,-126.25207,-20.488306,-75.361984,-53.370007,-52.269016,-46.627014,-42.22539,-35.108597,2.4381204,15.897128,30.286114
-521.06244,111.302826,-114.16347,-15.825133,-74.194275,-49.905983,-58.13176,-43.340767,-49.416214,-28.945507,4.771225,19.89135,26.464806
-537.85504,122.6124,-122.04478,-6.1545706,-72.83638,-43.583275,-59.72706,-44.130806,-54.651394,-29.206387,5.7816896,29.298634,33.59679
-554.7207,127.44423,-126.59612,4.4417715,-70.088,-36.12941,-66.56493,-42.94507,-63.810177,-24.611351,7.6531043,37.600426,33.00366
-546.8452,113.91672,-118.129234,0.4239006,-62.21888,-38.617992,-62.762672,-50.026558,-63.872307,-28.779572,13.81477,38.16693,38.606018
-553.037,113.82985,-122.995804,3.7313213,-61.614464,-35.29281,-63.77739,-53.84485,-66.05571,-31.01516,16.704987,40.96855,42.049194
-551.81055,107.0215,-114.682175,6.1697636,-61.498528,-36.534935,-63.968307,-50.259502,-67.55012,-30.245956,12.419007,41.034508,39.31604
-545.22485,106.334656,-118.11131,1.400135,-64.97633,-35.913567,-61.908077,-48.436302,-66.07871,-27.932062,11.267859,38.0076,35.995068
-546.6617,106.52525,-113.21416,-3.880826,-65.04466,-37.03153,-60.012352,-45.210033,-66.80333,-27.037254,8.191861,35.910458,34.37361
-549.449,121.28453,-123.989746,-6.3801446,-70.3446,-36.90395,-57.47891,-40.599052,-61.773895,-30.775196,2.827557,29.718967,33.22278
-535.19946,115.43904,-125.74632,-14.654436,-76.19631,-40.55876,-58.907234,-39.73491,-58.13294,-32.183334,1.6176851,22.33097,33.281292
-552.62854,128.97925,-131.93977,-9.556227,-80.17852,-40.091362,-62.448383,-39.89781,-58.938263,-27.057444,1.5656832,21.686228,28.947731
-558.50226,132.73755,-131.32527,-8.05877,-84.334526,-41.34247,-66.79207,-39.926792,-59.01769,-23.914967,1.8465093,18.370712,27.419048
-548.79626,122.84624,-124.18162,-12.548758,-79.111946,-45.02626,-66.21884,-46.648094,-56.442722,-25.047926,6.6869965,17.194925,29.696537
-570.7394,136.97186,-129.02444,-5.6725903,-81.34358,-44.293575,-70.42914,-46.914577,-60.285667,-22.270794,7.836905,18.535988,26.917297
-569.6173,127.49367,-123.83168,-2.840994,-74.601746,-43.48492,-74.08771,-50.03762,-64.97443,-19.822037,12.2311945,25.668629,24.941683
-568.5376,127.56904,-124.24634,0.87605286,-70.34303,-41.754738,-71.59426,-50.173973,-61.565197,-24.936953,13.966179,28.457037,33.99703
-564.19,121.143776,-126.16365,2.278594,-70.651924,-37.30607,-73.77908,-49.672783,-69.12189,-25.495592,10.438568,35.082253,35.62431
-554.17786,116.28311,-120.4944,0.36138725,-67.8257,-38.14876,-68.13431,-49.190758,-66.21217,-27.237762,11.851776,35.09634,37.871723
-549.3445,120.793526,-127.87904,-5.4921913,-67.92498,-38.957756,-64.340965,-47.027596,-67.98012,-28.519043,5.2213445,37.980682,34.443146
-566.0485,136.95044,-138.08112,-3.4824886,-70.878975,-40.62027,-65.24013,-43.248188,-67.457855,-29.277233,0.75495726,36.532894,32.68035
-569.5594,134.0836,-133.28938,-8.865338,-63.650433,-48.75697,-59.92844,-52.28763,-59.088673,-36.382988,9.237146,29.98867,38.892414
-581.79517,137.65927,-132.12128,-8.997059,-60.032936,-50.097748,-60.395447,-53.360428,-61.622032,-35.22303,10.313089,32.549507,38.336533
-598.1254,143.8779,-130.63849,-4.4618263,-57.76966,-48.3874,-59.23597,-56.781326,-58.516182,-37.798332,18.60399,28.76908,45.308487
-611.8733,143.59308,-128.4038,-0.108270645,-60.758312,-45.35631,-60.37241,-60.823227,-56.96525,-42.9591,27.879377,24.075401,53.453926
-617.84766,146.62238,-127.857735,-3.06075,-56.848465,-47.69805,-57.95757,-60.361633,-59.103546,-41.85653,25.704382,29.052485,51.23448
-614.7676,138.28606,-123.068184,-2.5429716,-51.15632,-50.92775,-55.75815,-62.99795,-58.92153,-40.916267,27.321472,28.750114,51.887733
-614.12756,144.30542,-124.1451,-17.203999,-48.480267,-64.998886,-50.233376,-59.325928,-57.71475,-39.30031,14.406651,29.75886,41.80779
-627.8395,160.02682,-126.82619,-25.477821,-41.25543,-70.31123,-50.55455,-57.28089,-60.533657,-32.81765,9.5065565,28.787592,33.382206
-626.05347,162.27054,-127.8658,-31.452065,-38.84361,-74.34054,-50.611412,-54.804535,-63.113937,-27.351097,6.356979,25.10408,29.503067
-632.5581,169.56049,-131.90575,-32.756134,-37.27489,-75.27597,-55.841465,-50.140507,-63.667667,-23.037907,0.27866888,26.729767,24.610485
-631.6416,172.60388,-129.05286,-39.33114,-31.615253,-76.43557,-55.914738,-47.87211,-66.8377,-17.404865,-2.699041,29.385395,20.476295
-629.5422,169.04364,-122.62433,-39.73271,-33.524944,-77.4162,-53.51938,-49.36048,-66.69806,-15.788427,3.3258786,25.378828,20.098913
-626.75195,158.7031,-109.82855,-52.500694,-27.411568,-77.34177,-57.490486,-48.467392,-75.88161,-10.994978,6.083191,24.750593,19.07207
-635.8886,173.65161,-126.084015,-40.80911,-32.219368,-75.67212,-52.62248,-53.539833,-72.065575,-11.251888,0.42738253,32.367588,15.394501
-630.6442,167.30774,-126.9921,-46.65927,-28.16404,-78.28287,-50.10307,-57.561012,-70.23027,-15.747571,0.5334597,35.10333,16.123005
-607.095,151.10992,-124.534904,-44.563175,-27.509317,-80.27191,-42.475586,-63.106316,-64.10593,-20.735119,-2.4551625,40.314342,13.871807
-601.86255,146.33347,-125.101456,-42.563835,-29.863415,-78.89294,-39.94873,-63.407135,-60.275337,-25.757355,-3.255024,38.487152,15.755812
-604.50555,146.03983,-124.60094,-48.212753,-19.669466,-81.44203,-33.841038,-64.034805,-59.167885,-28.824217,-4.2670817,39.90796,18.84903
-609.1919,146.03448,-123.68349,-46.383385,-15.770657,-79.46565,-30.562649,-63.65468,-58.96307,-30.662106,-3.4840674,38.631153,20.808353
-620.8936,153.73071,-134.80695,-32.50495,-24.209946,-71.26436,-31.58441,-62.748177,-57.61102,-35.997627,-1.8064854,36.124825,25.867893
-632.4623,158.46341,-128.62418,-37.514423,-17.846857,-75.82563,-24.862122,-55.221317,-56.143738,-39.404003,-7.616152,32.327854,30.813065
-650.18756,159.36893,-132.63185,-31.32951,-24.4489,-72.220184,-24.1636,-51.372856,-58.939323,-52.95764,-12.901807,28.392181,42.149147
-665.9945,150.28708,-127.481094,-38.610424,-15.42948,-66.1624,-26.45425,-49.3463,-69.332214,-60.36608,-14.787875,22.897865,52.069588
-760.14874,170.33089,-123.08854,-27.622639,-11.113249,-37.04699,-30.991772,-52.247665,-91.621826,-69.62375,-12.987169,18.44133,62.900986
-889.23615,204.75307,-87.93909,-27.997993,-8.588573,-46.237328,-29.72976,-47.98206,-100.71768,-78.31145,-19.022139,20.087154,46.01682
-981.52075,251.3813,-71.39602,-16.395454,-5.3188763,-19.014315,-19.96608,-46.733963,-97.97296,-66.913445,-23.982615,8.444252,41.540524
-1149.7837,276.08228,-42.44355,-11.430412,17.548119,19.318306,-17.360355,-36.00823,-86.168106,-72.47278,-32.672882,2.1300964,18.483463
-1619.772,332.10303,12.574788,-48.81544,-3.1822333,62.518894,-15.257301,-32.681175,-53.15069,-37.375893,-26.674074,29.360283,28.842857
-1922.4751,434.95166,-22.000566,-90.74484,-10.331316,9.19258,-13.037733,-36.861267,-47.10322,-27.47701,-8.216825,41.607384,34.15317
-1966.0425,442.81818,-5.3178935,-101.11441,-14.300929,-4.4726634,-45.889465,-55.367413,-62.91383,-30.631042,-4.4958696,49.404785,53.688786
-1995.1301,434.95428,-4.1533313,-102.29532,-21.457897,-29.687992,-46.447895,-49.220863,-63.33419,-31.434225,-15.427864,48.388344,49.68579
-1594.798,318.41534,-2.1368985,69.18877,6.658887,70.58739,-20.410057,-62.22736,-16.843246,25.143345,-16.84727,-6.3465757,-10.151438
-1386.6107,324.46484,-36.66352,51.73861,54.208427,65.67129,-30.400764,-57.3345,-24.973896,20.684547,-15.541728,-22.686096,-32.76295
-1312.9264,300.9004,-10.16319,66.27984,30.00767,39.85896,-39.665077,-53.55188,-23.07005,18.397469,1.872836,-15.447075,-44.82391
-1263.7095,290.0207,-10.217958,68.85306,29.59701,27.988045,-36.810745,-59.37264,-10.477959,24.254673,-0.11360227,-22.561657,-45.348022
-1246.0936,296.16187,-12.767889,64.365555,34.085957,23.553913,-46.15068,-56.4384,-5.3877735,29.129147,-1.918809,-20.24849,-50.179123
-1258.9126,303.57242,-7.188724,76.77678,19.6305,26.255901,-54.79161,-58.40639,2.719717,22.919132,4.6222305,-17.670605,-55.700096
-1250.9114,298.24823,2.0496168,78.284424,14.287491,26.186474,-65.84949,-56.899437,9.034243,18.00723,3.2742949,-17.81402,-53.71884
-1245.0258,304.7412,5.5509014,69.20053,11.875158,24.168911,-68.11403,-52.01313,7.2299786,17.118324,0.6507824,-23.094559,-50.93416
-1255.7245,319.8071,-0.5591221,74.45796,6.0985775,9.201815,-53.90698,-48.72332,3.2462616,16.291294,-5.4291615,-34.24482,-49.116234
-1264.6733,338.04333,1.965949,60.62476,-12.513582,21.656706,-50.175705,-42.586693,-0.84752655,12.976892,-15.514901,-50.451233,-44.482056
-1246.5393,323.41687,-0.40268612,60.748398,14.037474,-0.539073,-59.87232,-35.93746,6.8381977,10.698071,-31.44644,-56.32134,-52.854927
-1260.1089,339.50867,-37.414364,57.08031,37.874516,19.183882,-62.067097,-61.86054,-1.1955433,18.023827,-34.809948,-59.00582,-56.86686
-1241.6023,320.7085,-31.996904,47.76841,40.754677,20.030281,-66.882385,-57.98743,-0.34262466,14.3099,-39.391388,-64.719154,-61.71904
-1269.2539,332.00616,-28.884674,46.067795,39.70186,14.025206,-63.359966,-58.75202,-4.5162697,12.451664,-37.089806,-64.783005,-58.460194
-1302.3401,339.7795,-46.888725,62.540752,47.157463,30.6314,-67.74853,-57.225815,-12.394737,12.003805,-36.0558,-58.016464,-53.591324
-1312.4989,330.16895,-46.29888,59.64962,62.130272,27.256294,-62.0559,-57.804886,-10.328047,7.1225605,-32.775955,-64.10365,-43.161255
-1335.6481,343.00934,-58.857983,64.627,62.576942,37.55269,-66.86857,-59.689438,-12.890631,9.359299,-36.979,-56.467926,-42.111397
-1306.2794,313.71173,-46.44215,76.49347,46.879673,42.01969,-70.69366,-50.498196,-14.834467,-0.7945633,-23.755032,-65.92582,-36.76561
-1296.1084,306.60898,-35.9134,79.65611,34.271328,41.529354,-67.16305,-47.80856,-17.210077,1.5537968,-22.405659,-57.2537,-38.655663
-1359.4933,326.527,-33.102203,76.96061,68.1288,35.686592,-71.194084,-52.418354,-12.576054,1.14114,-21.018211,-47.608402,-42.952854
-1371.3843,319.60583,-31.999031,84.06942,71.61642,41.78559,-74.49431,-51.28325,-16.048622,4.901169,-18.794956,-59.098923,-36.541805
-1359.5758,316.2625,-27.782337,76.775215,69.7932,38.81158,-72.9339,-55.447372,-16.736616,0.1383419,-16.608765,-49.928017,-41.594017
-1340.7695,303.86963,-32.369766,84.49751,66.343445,53.73961,-75.58096,-65.67524,-14.536406,6.6898346,-14.765123,-52.97637,-46.07936
-1341.0093,313.10156,-39.015614,76.98044,73.36239,50.943497,-81.11554,-63.37456,-13.56802,2.6950092,-9.832415,-55.352715,-52.1721
-1323.6692,310.88055,-41.40055,81.52153,68.51349,40.481205,-75.01718,-61.318794,-12.486067,-3.0517712,-10.645929,-52.791245,-49.456047
-1325.0848,290.23383,-48.371056,112.51289,85.08821,41.455627,-74.20889,-52.470024,-19.665665,-0.27233887,-14.029708,-51.2082,-36.701336
-1353.9121,296.98846,-43.132294,114.041,86.08065,59.40188,-90.15981,-58.15555,14.132355,-10.074953,-12.114327,-51.598396,-48.577225
-1331.4684,306.8692,-40.028828,97.96066,83.09741,41.507446,-83.75722,-44.605934,-2.647808,-16.161577,-11.332795,-47.047028,-45.769493
-1325.8461,310.37988,-35.227608,93.08848,87.66669,29.994291,-76.613205,-44.205173,-9.370144,-14.7420845,-14.067238,-37.556538,-47.63098
-1327.5552,314.7489,-40.322247,100.52205,101.089615,23.144745,-77.51436,-38.732018,-14.458286,-7.9761314,-13.12098,-40.326008,-39.914898
-1340.0581,318.57498,-32.802372,97.321014,106.24742,29.336117,-85.064766,-25.82651,-3.9862595,-22.12872,-8.960208,-34.536793,-46.599964
-1329.7327,318.5607,-48.758133,106.45214,113.315186,37.388466,-86.604126,-32.720062,2.2423992,-14.430897,-15.170074,-31.76463,-46.32866
-1232.333,261.1927,-48.941235,115.2419,127.7242,31.362514,-73.3902,-47.582138,0.17710495,9.49996,-22.106829,-30.270098,-51.159687
-1256.7295,263.34677,-23.534443,111.35271,111.65294,40.883057,-76.39861,-54.53394,-5.8766575,10.829607,7.803375,-48.45685,-49.074135
-1281.1792,272.05243,-20.955006,100.96301,107.92933,47.999916,-64.295074,-47.41648,-2.2278461,6.4637814,6.5289083,-41.920647,-49.097862
-1352.3245,248.69104,-16.454298,106.06555,140.0907,61.461422,-57.97248,-34.954437,4.9020977,13.097904,-6.886413,-37.444767,-53.575577
-1462.4019,195.32285,12.476898,138.26016,141.90439,109.0092,-46.454895,-39.716293,12.946821,12.880718,-14.98655,-48.194874,-45.612183
-1508.5815,216.52364,39.245342,122.93639,101.573685,101.383865,-19.857347,-11.384684,9.321123,-3.099348,-22.668385,-44.846817,-39.368675
-1513.6152,246.63707,41.864838,130.99219,61.686478,81.34991,-14.275624,-3.4366274,17.032576,-2.92305,-16.15682,-46.449406,-41.45424
-1492.8966,262.2962,56.863335,133.14685,53.915237,52.82927,-31.136806,-0.34252787,5.202408,-12.034937,-0.08842071,-20.869474,-36.446507
-1521.3447,274.5173,58.356316,134.25708,74.50018,41.622837,-27.718304,-8.790611,-1.0011396,0.6411152,-13.870862,-3.0638602,-29.160725
-1567.7302,230.48221,51.960274,161.82861,97.088,63.3637,-15.283829,8.206067,7.893879,17.916336,-8.606998,-23.051857,-34.668545
-1510.0293,266.22626,41.65612,134.4707,89.23192,75.39549,-22.081753,-3.9276428,3.0922127,13.625999,-8.587524,-20.95597,-47.57784
-1498.5657,240.2675,64.94314,143.03029,91.5278,80.81143,-32.057175,-5.310199,2.2390556,17.219213,-8.856863,-19.185034,-37.149105
-1482.2556,237.56992,22.375225,155.3933,100.36955,80.07871,-20.369446,-6.203491,28.55134,15.18958,-18.726645,-20.042278,-23.515207
-1439.7571,278.6283,31.152557,116.42413,86.44017,79.11023,-11.504896,-32.27867,-7.333543,13.876161,-17.291843,-8.151174,-19.793118
-1429.7311,231.0223,-7.4548235,138.5955,122.341156,117.94585,-16.647934,-46.10525,-14.928679,10.206654,3.1818078,-21.259949,-40.17454
-1400.0751,244.48341,-7.1434402,113.88859,102.78578,101.42676,-13.682489,-35.85432,-28.677734,7.5515456,5.535731,-21.187437,-39.5562
-1344.4723,219.2096,-43.69688,114.74017,109.348175,96.67392,1.4866676,-41.920887,-22.355246,5.130248,-0.012024664,-32.92639,-45.81772
-1262.0598,227.4372,-66.059555,91.793,100.46477,69.298996,-13.892406,-38.091763,-25.090664,13.236486,-0.7618316,-26.32461,-40.850933
-1088.7749,176.405,-90.27046,79.7547,106.357025,41.839466,-25.357887,-44.69194,-25.62462,11.135589,-0.012714187,-24.559895,-29.150015
-994.7559,148.47566,-109.17999,83.259705,97.24855,28.70871,-26.637474,-50.372032,-20.507868,8.975974,-2.6289895,-21.13567,-27.628168
-980.73083,161.01059,-116.77815,81.88422,83.83031,19.740349,-27.414408,-47.453934,-12.516432,11.199822,-15.154927,-16.393822,-24.09303
-947.9234,170.05676,-120.123726,71.989746,73.412796,8.895674,-34.202583,-39.502617,-2.7274523,8.045356,-11.961258,-22.733635,-23.489761
-933.1202,166.12582,-116.89856,58.814674,84.24274,16.24979,-45.44318,-41.801476,-4.5319815,11.106861,-3.2822642,-27.637455,-24.974178
-882.4479,158.764,-128.10887,46.607803,90.38867,29.170822,-52.75826,-44.232487,-1.0690937,9.678349,-3.269445,-20.262728,-26.500492
-895.9971,170.32974,-126.14485,49.790478,94.56106,20.123486,-60.169292,-34.205143,-2.7522058,11.438595,3.3250263,-29.278568,-24.991264
-901.5095,192.14044,-140.29498,53.085052,88.60504,13.703274,-57.695076,-34.60432,-1.9306946,16.14103,-3.6121776,-31.21418,-28.734388
-898.4988,187.26767,-129.92258,52.75488,86.92958,14.201986,-63.178066,-33.335655,1.5456028,18.063791,-3.2711024,-37.685555,-28.08727
-921.56665,220.6873,-136.78378,50.9737,80.9023,3.3502984,-63.739147,-26.13748,7.9369373,18.79242,-8.27967,-35.848694,-32.514534
-952.5397,257.3069,-143.19879,54.49743,69.344894,-10.793612,-64.91083,-10.990555,11.044393,17.141754,-14.13604,-33.077377,-35.13171
-918.64874,244.7474,-146.59778,45.65261,79.70833,-8.542209,-60.839344,-10.840942,8.29079,14.9144,-13.1219015,-35.30771,-34.456223
-892.934,230.78542,-139.3375,34.415634,84.03022,-7.1077566,-54.421566,-11.83403,8.595015,11.6165085,-15.576881,-37.133385,-34.63166
-883.138,222.45946,-144.48651,45.787994,83.34448,-6.286728,-58.311657,-10.152527,8.874889,8.6139345,-18.489584,-34.88011,-41.100124
-871.6322,209.02005,-140.49657,42.1737,90.15023,0.7479396,-57.377594,-12.585878,6.21686,4.6667557,-20.763601,-34.65229,-39.802124
-866.9219,196.34036,-135.92749,40.279465,97.66129,6.5712314,-59.677338,-14.302019,3.8064346,-0.38858986,-21.023277,-32.86767,-38.86413
-901.7328,194.4375,-124.79914,41.976845,107.33423,10.262693,-62.61326,-21.679745,3.3155289,-0.49968624,-21.671412,-29.535187,-39.70657
-972.53973,222.17114,-131.19858,52.813545,101.698235,20.933441,-67.68744,-21.957392,-4.381592,4.2275534,-27.398499,-23.614307,-42.11199
-1014.9508,218.19022,-99.89523,47.87288,89.90718,8.402296,-52.573692,-22.760773,2.0095444,-3.2686005,-24.641333,-33.907867,-40.842102
-1081.8319,240.72168,-83.410995,55.272896,68.07558,4.6685066,-50.622696,-15.749033,12.195963,-8.075962,-31.30359,-29.548645,-46.86837
-1271.7731,309.84714,-66.69844,63.5921,73.05544,3.8561764,-60.11125,-4.1974487,28.222286,0.9199896,-35.532948,-27.21938,-31.993984
-1302.6136,337.67102,-29.010588,43.3261,39.364765,-10.997489,-56.861298,-1.7736149,24.803198,-10.953474,-35.301853,-8.818563,-24.599356
-1290.3625,340.79254,-17.642553,43.601944,16.319773,-21.72622,-43.542645,-6.755163,4.0230827,-10.66398,-20.472137,-9.519145,-31.58617
-1283.9353,332.064,3.1034489,45.407326,3.333724,-28.910744,-37.947487,-5.043499,-2.748621,-13.595005,-11.693575,-9.463688,-36.092537
-1271.4281,323.39392,-0.06651306,56.82121,10.548693,-31.206554,-47.64053,-6.0834885,1.9903545,-9.221073,-12.649183,-13.054228,-32.889587
-1269.9369,321.0919,-8.051462,63.519623,20.850883,-32.32793,-55.1789,-6.3517895,4.4848146,-7.320879,-13.920289,-12.694603,-34.439487
-1272.1748,313.60797,-7.932666,68.14145,27.582363,-37.022015,-56.2806,-1.8571587,6.7133894,-10.61084,-14.625067,-10.814682,-29.716373
-1313.4246,330.7146,-15.36519,71.436165,24.941223,-28.225231,-58.675507,-2.3183002,6.7944536,-5.8664737,-16.672934,-14.3243885,-26.860275
-1299.4409,317.84918,-13.876853,64.85003,24.004543,-28.069487,-50.78735,2.1662083,8.4255705,-10.259364,-20.712883,-8.956235,-23.556305
-1332.8368,335.91785,-11.936139,58.06401,16.246637,-27.006508,-39.781788,11.8075075,8.654255,-17.143656,-19.736816,-3.2943864,-17.851784
-1397.1309,368.0683,-8.510122,43.441994,23.078613,-16.303291,-39.356544,13.368067,14.311201,-17.607979,-19.882685,0.7512255,-11.297422
-1446.2996,374.34644,-13.876305,56.321674,28.82075,-7.7924523,-29.785095,22.627743,22.26486,-15.348654,-33.84024,1.62748,-14.936598
-1430.5327,324.83298,-32.79653,83.10965,57.301376,4.2943373,-19.837017,15.211058,44.937675,-10.02684,-38.021446,-8.573917,-19.521477
-1430.8787,339.48694,-18.927738,80.093506,48.462013,12.713808,-18.136875,18.081049,20.449703,-12.389744,-22.33893,-5.0920277,-17.582462
-1457.9755,355.85608,7.9575167,78.04384,41.377968,-0.27011538,-18.102127,24.109474,14.577024,-14.253907,-23.665674,-1.2031221,-13.743328
-1434.6738,324.58453,-12.444035,88.64684,65.106,8.084273,-15.70859,20.137222,24.08519,-7.4889846,-31.132473,6.7715297,-20.63211
-1448.226,354.31622,-1.9005861,83.53465,48.76703,-1.8067265,-21.418043,26.041763,17.770002,-14.511843,-20.609436,-4.4580517,-16.268667
-1439.9111,343.5744,-9.202114,88.94397,57.600876,-3.5287206,-35.07302,30.766727,28.79628,-16.954056,-28.30201,-2.990508,-19.405869
-1489.0018,339.87695,-12.981036,102.87369,64.84855,10.816196,-55.04351,34.22604,41.23201,-18.722979,-43.889538,0.072439194,-15.479347
-1459.4001,330.4897,0.9348135,94.259384,52.36624,-21.085266,-32.023434,39.00679,32.249123,-25.200865,-35.87837,-0.33097076,-16.279936
-1430.2963,313.07953,0.56363046,88.964516,61.270447,-10.335933,-40.26939,23.679913,28.147095,-19.799927,-26.56301,-6.623826,-22.230072
-1448.813,309.41113,-9.897932,96.140594,63.242805,-16.63179,-38.56695,37.35472,35.502464,-20.79909,-39.922264,-1.9597454,-12.268144
-1415.6128,305.26926,-1.9090829,95.70842,48.35424,-27.767307,-40.855755,32.625736,27.220917,-16.420631,-26.938917,-0.06649494,-16.352127
-1449.9075,313.30273,-7.500576,97.337204,58.856033,-26.155527,-46.256912,32.451534,35.94787,-19.373592,-34.24568,-2.1730556,-4.165598
-1452.5256,323.0018,-20.173302,81.3294,61.28104,-6.966543,-48.844112,36.622448,31.640238,-26.687399,-22.756943,5.4829807,-13.796831
-1427.1094,332.39343,-31.16882,75.69081,62.124115,-10.790415,-43.264587,27.940924,27.605585,-19.30857,-28.653048,9.062685,-18.25384
-1420.4691,320.57083,-29.559643,84.23568,62.43672,0.992049,-46.148163,29.743233,35.657776,-29.289375,-23.308558,7.4628525,-15.258289
-1438.6316,341.06555,-40.08312,85.66596,69.074455,2.9024334,-44.519665,35.85366,30.499561,-30.663673,-17.141459,0.67088985,-11.753867
-1420.4609,327.77527,-32.620255,98.93596,68.616936,-0.8112054,-47.34162,37.408333,35.57102,-25.52073,-28.624483,1.4286375,-11.530803
-1428.343,317.45792,-10.962596,104.52818,76.83354,-16.38912,-57.55096,43.843826,48.00383,-23.740303,-43.889874,-6.1311464,-7.09927
-1431.637,297.235,-18.980288,116.904236,97.0485,-19.193516,-58.815594,37.563896,53.755493,-28.120121,-52.94381,-9.0667715,-4.7368126
-1444.0845,286.18097,-33.13315,126.610146,99.75276,-12.573727,-67.26854,46.85602,53.063133,-31.939983,-70.20854,-14.975726,2.527563
-1474.9014,301.67578,-58.632305,100.73109,103.164825,-3.3959174,-67.36899,40.040367,68.76149,-42.806633,-76.76705,-2.9839268,-4.9137325
-1479.8442,289.5542,-47.004387,101.47412,96.654175,-6.7200127,-74.192474,36.368958,71.37547,-48.137512,-71.08864,6.4578342,-6.2540474
-1494.0747,292.6127,-40.556427,88.72133,89.644424,-6.7969956,-67.61032,36.49883,62.234184,-39.974525,-71.12472,5.211956,0.83242035
-1499.1118,311.47687,-46.298508,90.18262,82.366394,-8.945202,-64.17459,33.254955,59.800114,-42.36334,-59.685192,8.722218,-6.4776573
-1492.8054,317.48193,-48.79146,103.03668,77.26941,-18.103565,-61.91109,37.753162,41.653915,-25.551205,-54.92524,0.037844658,-4.307947
-1494.0945,320.00412,-39.79689,99.28262,81.626175,-20.593134,-57.72308,42.695065,30.747057,-28.130997,-42.052235,-1.0734863,-7.0670605
-1500.3857,321.33426,-39.152397,106.26489,83.55415,-20.01806,-60.59989,41.595287,39.369957,-27.710907,-42.91664,1.4166641,-6.7368546
-1494.269,322.67474,-31.46487,96.25453,83.66454,-15.672838,-54.77656,36.48063,38.007553,-26.086853,-35.151005,0.085042,-0.62234306
-1514.024,342.85876,-31.598324,98.19417,71.25255,-11.457744,-50.478867,39.107597,38.107613,-25.951542,-37.335854,-1.368269,3.0156765
-1518.918,351.44073,-32.086475,97.22907,72.93733,-4.4181805,-50.6232,34.437668,32.877365,-16.956158,-39.55646,-2.2072153,-0.9310808
-1561.8469,359.62662,-18.41972,106.33172,70.8919,-4.4619265,-48.842678,27.745686,34.846542,-16.030493,-42.313923,-4.9593863,-1.8783131
-1625.1547,384.9157,-15.660779,105.744995,68.23024,-0.3208742,-39.26494,25.013689,29.25943,-12.010577,-48.88072,-18.306519,2.4339037
-1620.4601,351.10333,7.9617214,95.00151,55.914276,35.954025,-39.536964,14.317333,31.893854,-18.844997,-65.28873,-10.743598,10.43273
-1627.5686,333.24353,18.464172,83.97694,60.15334,31.68592,-27.08952,12.135099,27.527054,-18.1642,-70.09464,-15.440918,10.571426
-1619.8026,332.00476,7.205081,84.63954,52.57864,20.38113,-17.75676,8.268911,28.267277,-16.58934,-70.76145,-21.47469,11.149746
-1650.3922,356.00787,-5.0444856,79.62605,53.889572,29.770218,-40.477905,10.454565,26.594315,-13.529955,-67.67652,-15.148481,11.408302
-1627.1555,329.6848,5.2431917,76.2585,57.168896,26.064514,-42.174557,3.5830708,31.062374,-21.048048,-66.81077,-5.3752728,10.56702
-1618.1804,333.411,0.7160964,79.32387,49.739204,17.933945,-48.100105,8.746044,41.370438,-29.038248,-69.19294,-4.0497265,7.1452923
-1524.3114,286.66278,-1.5909072,89.31436,48.89807,7.2261906,-34.831726,-9.177178,31.232363,-22.947756,-73.84752,-7.9215035,-3.670473
-1488.8484,289.16443,-31.573141,83.14767,33.542088,18.156197,-27.318716,3.7585201,28.065857,-23.152367,-83.9793,-23.393814,12.144065
-1471.219,265.54755,-31.871887,122.39193,-5.1286426,26.337868,3.9410515,-3.5817204,18.295166,-12.104565,-95.422775,-37.5806,12.65873
-1444.8218,193.10275,1.9162397,185.60889,-76.83852,28.00128,13.596871,-2.724968,-2.6502905,-6.6830463,-76.26758,-35.804367,-1.6162912
-1334.2324,-91.3678,72.89096,249.2373,-126.10655,22.263683,39.57402,10.958533,-23.345613,1.9141464,-68.24358,-23.789782,-5.9672947
-1183.4619,-256.81995,45.782528,266.48383,-116.00932,62.49515,42.260006,0.8971734,-37.988914,-15.921416,-50.05193,-23.84346,-32.810555
-1133.5339,-322.97577,50.942757,253.50461,-110.78389,77.82608,40.751846,-6.0082674,-42.99479,-0.33749676,-40.62942,-8.434699,-20.789358
-1157.5255,-332.6182,40.562607,229.54568,-121.22931,78.51219,36.339108,-6.069231,-30.19632,9.040194,-38.16782,-7.3662605,-28.793262
-1164.7756,-327.75098,16.330746,226.33026,-107.309,63.197205,32.50384,-9.936823,-51.137505,-10.944678,-44.256935,-7.6457148,-21.370796
-1201.7976,-323.07294,27.54914,221.58946,-109.244354,47.017227,28.13836,-10.341621,-57.35862,7.4630404,-25.727018,-8.065043,-22.25744
-1253.027,-308.056,31.51906,233.24544,-99.56612,52.674736,39.030296,3.7828622,-46.76604,24.069464,-19.261066,-13.284136,-5.3766594
-1253.1224,-289.39795,49.66207,223.83005,-104.351425,70.16704,28.27137,9.50823,-46.59297,6.7651978,-25.110102,-6.278949,-1.3622875
-1252.548,-289.2829,51.689926,219.18893,-89.14558,54.49513,16.336304,-13.706477,-57.6056,5.3929787,-34.403633,-19.501907,-7.6144867
-1218.6367,-305.80188,29.369114,199.92761,-105.52636,75.88068,18.84694,-21.417593,-43.53691,-1.2714525,-39.746593,0.6838125,3.1440296
-1241.5588,-332.4698,19.488531,215.74057,-100.52899,68.10419,-5.6442556,-26.931263,-34.353283,-5.3803215,-30.514664,8.552755,-1.3488464
-1248.2523,-345.73694,16.769766,195.19547,-139.78748,59.09501,9.680631,-13.892248,-21.656933,-10.215151,-31.395256,7.8050094,-16.280872
-1238.9978,-326.22034,16.356878,230.29095,-138.22916,78.764786,36.118736,17.060589,5.223749,9.091092,-22.091919,22.094234,-1.3319539
-1309.5759,-237.85559,3.6952577,236.91632,-113.44479,86.66203,38.129105,20.621944,6.35244,21.292759,-17.177626,17.80518,6.4839354
-1433.4717,-42.559265,26.428614,208.29565,-49.798645,87.81816,29.362923,16.594128,-8.379626,-9.348112,-23.757734,33.893234,26.622105
-1343.0531,282.7379,-8.560649,72.1729,-55.59667,65.999756,6.2643824,-19.686666,-8.347784,-47.59993,-55.62321,13.92568,32.01779
-1011.80237,278.7832,-92.74302,-9.6156225,-8.270026,33.539257,-21.545359,-37.471024,-67.57512,-51.687164,-34.94924,1.8370781,44.799477
-945.38495,264.4222,-118.54294,-25.358934,-9.063567,-13.904351,-49.486847,-52.557518,-71.48765,-55.152348,-9.858399,17.640606,50.780327
-938.04834,297.02423,-132.3483,-20.960192,-22.601755,-30.407825,-42.71687,-61.256454,-52.512028,-20.443914,-8.512451,9.958059,39.097683
-906.5628,293.1554,-147.78351,-28.075102,-15.12842,-37.230045,-39.16257,-50.384712,-39.507458,-21.603119,-9.756409,27.505917,51.985935
-816.5952,246.12726,-156.5476,-26.849209,-10.6120405,-56.138092,-46.524452,-48.62034,-24.824978,-21.083872,-12.949918,40.31835,41.052036
-944.9449,284.34412,-122.47072,-41.676125,-17.300371,-47.96242,-61.53923,-43.53066,-35.4142,-14.648137,8.357618,45.39017,40.14846
-921.0857,243.41248,-120.90545,-38.14618,0.12513733,-59.18904,-72.23007,-63.547356,-54.101116,-2.0411491,34.515842,55.30804,31.443867
-849.8387,218.32016,-139.06905,-31.417494,3.836831,-72.85832,-56.291336,-66.88212,-43.17727,-3.8369293,23.857674,58.05076,21.102242
-833.8914,211.70636,-142.33511,-16.795734,-6.1541204,-73.19398,-52.881836,-65.1425,-42.079144,-11.587837,40.3409,48.700413,23.652576
-818.6172,204.7453,-147.76825,-16.093746,-3.8225298,-77.715546,-48.786522,-74.00649,-39.39978,-13.279785,38.532116,46.399323,21.669756
-789.0991,186.83325,-117.88847,-23.196985,-6.057448,-79.7067,-36.302673,-71.15105,-30.526236,-15.10524,40.68882,40.267776,19.578081
-839.1978,226.42892,-130.67526,-17.497757,-20.149128,-75.11496,-44.596653,-58.12689,-23.418594,-13.784231,36.83798,33.068863,19.844856
-846.379,241.48912,-135.479,-34.23452,-29.476307,-68.25706,-53.133236,-51.51078,-20.508476,-10.087347,27.634615,27.873491,21.074543
-819.1538,235.59256,-138.74225,-49.97888,-21.026628,-60.099873,-58.62468,-51.29651,-28.495583,-9.442966,25.113525,32.33518,24.483242
-829.5339,230.31781,-126.22392,-57.752583,-12.354708,-61.1084,-62.63524,-53.88639,-41.370533,-0.13642788,37.900127,30.93208,25.32713
-838.752,226.80194,-104.2115,-66.03699,-21.499895,-49.938866,-72.387695,-54.188766,-48.617596,-10.693342,37.67152,31.26283,22.04729
-885.17285,266.22052,-93.42143,-74.17195,-42.68355,-44.707504,-62.17463,-53.211952,-40.64378,-1.8320532,28.406229,32.87155,6.3739777
-899.76794,256.1198,-64.09999,-75.37952,-65.04232,-28.524315,-64.32765,-54.40084,-39.62491,4.9247,22.960985,29.158693,13.564215
-892.58496,253.35669,-66.72479,-82.0887,-79.005554,-28.778515,-64.311,-47.075367,-48.45761,3.905509,31.85465,27.426392,5.8166504
-882.88293,258.87082,-65.247,-89.83675,-71.58577,-36.29148,-60.3135,-46.081436,-51.58961,1.1186867,29.91783,24.031452,4.4259415
-848.14996,241.61969,-51.630943,-93.04776,-66.3499,-42.253433,-52.54873,-44.09204,-55.750298,-2.3393927,27.684599,23.370953,8.641945
-806.4467,223.48428,-67.54334,-96.486084,-57.167915,-50.600758,-60.360767,-40.635956,-51.012074,-10.121064,34.661373,21.149136,9.599239
-785.51025,215.0312,-81.79654,-91.33363,-53.714783,-60.288834,-62.494453,-32.292984,-56.391525,-2.0587764,36.920383,16.08751,14.568228
-756.7853,207.58965,-91.681,-84.005974,-54.273445,-61.145493,-62.990322,-22.526733,-56.92904,0.016180038,36.89492,12.5847025,15.1709
-756.8832,214.39716,-107.51158,-73.32504,-54.46739,-61.10377,-66.577934,-13.9245205,-58.910053,6.7812066,34.371243,10.655169,17.32021
-747.0481,211.63147,-104.779305,-79.2126,-53.078667,-60.756626,-66.96919,-9.16434,-57.018574,7.1753373,33.12821,8.631781,18.737759
-762.0405,224.99237,-114.58995,-71.24871,-57.06266,-56.20753,-71.282455,-9.648987,-56.068626,10.586292,36.01774,10.48246,13.390528
-792.77136,239.31761,-103.71789,-74.99469,-54.441628,-49.916454,-71.86418,-12.946758,-47.387066,2.6070542,46.12172,5.7272115,12.199387
-764.58,221.57234,-95.95915,-82.67418,-45.110424,-52.197296,-67.08158,-17.10519,-44.643234,2.8454432,43.46362,8.661736,19.897718
-787.8154,224.84592,-111.98732,-82.03543,-41.97918,-55.333202,-69.449936,-29.73278,-44.89302,7.6018267,46.75244,17.118458,17.750238
-788.4581,207.25305,-108.42698,-75.19711,-38.818916,-49.679234,-69.76489,-35.565754,-54.11142,10.285982,50.380123,26.706865,23.557182
-828.51636,235.95825,-104.11631,-62.476303,-42.357063,-43.03625,-67.07412,-41.401306,-48.683296,6.9199247,53.60076,25.61222,16.109064
-856.5955,242.94003,-101.623985,-63.469543,-44.147797,-47.798546,-62.264492,-46.202908,-51.65859,1.5588436,59.391743,34.556686,14.879932
-854.62476,246.02466,-96.463165,-65.68388,-51.50536,-37.11846,-60.93253,-54.635475,-46.91881,7.2289658,47.17961,42.047935,15.317455
-867.52246,252.2794,-94.71606,-66.49164,-57.232933,-38.373894,-68.47127,-50.420044,-48.3503,3.5639896,53.618187,36.783463,11.208111
-861.4297,248.9668,-83.12511,-67.30535,-56.749084,-33.272987,-63.926826,-58.29789,-42.94384,5.7095757,52.629402,42.289326,9.75522
-855.5872,232.25241,-72.16509,-79.36066,-57.607716,-36.78566,-65.94235,-64.23726,-42.878365,7.161026,52.518646,42.641457,5.9156513
-853.48425,235.63458,-73.176926,-79.87453,-69.02434,-34.635582,-63.463615,-66.56227,-37.753746,7.837532,45.537834,43.362522,3.377985
-872.5871,238.02036,-79.738174,-77.023926,-65.58705,-37.35128,-69.134384,-67.13844,-40.400227,9.496063,45.058666,45.614365,-1.7321815
-862.30524,224.50974,-82.764084,-82.094604,-62.967075,-40.065483,-72.07013,-68.88463,-40.59439,4.0440273,47.96066,40.749146,2.6344013
-871.89,226.8805,-73.37953,-83.20795,-60.564545,-42.178577,-67.63646,-69.76611,-40.546295,5.2585964,48.12478,39.97258,-0.58989716
-884.08636,233.06107,-67.238205,-81.27915,-56.532314,-42.92152,-63.503197,-68.8896,-40.56636,11.547497,45.85879,41.814335,-2.3135834
-911.9239,246.00409,-71.438866,-78.294,-60.82772,-38.17714,-58.953197,-69.39368,-43.39737,19.625763,46.119873,38.286396,5.929434
-943.8028,258.40808,-64.803474,-76.02833,-60.430084,-38.143997,-52.451687,-73.85861,-48.092064,29.430632,48.073124,31.375208,4.058716
-958.7704,273.3756,-69.19556,-64.65323,-59.873352,-30.259424,-56.55641,-71.846306,-46.669445,26.328995,44.392654,38.42038,1.7096138
-957.5439,266.46155,-69.29799,-67.110085,-56.301086,-39.097393,-55.437378,-76.401764,-50.199036,25.703827,47.237522,40.11125,1.1739731
-939.28094,262.86667,-68.89215,-73.2039,-53.363792,-38.13028,-55.954407,-77.18677,-50.53504,22.184288,46.60015,35.570442,8.307428
-970.6569,271.63882,-57.80512,-65.94354,-51.232513,-36.59939,-52.632507,-75.9362,-63.840683,22.773363,55.809223,29.752508,10.198721
-988.10046,278.57495,-61.124935,-54.303062,-49.2001,-37.088173,-56.481255,-82.729385,-67.966606,18.418941,59.89874,37.687794,11.11894
-982.38885,270.74716,-60.19467,-44.9345,-44.20752,-41.623505,-59.30993,-88.15623,-69.54094,13.728659,57.35587,42.764343,9.565638
-1023.5498,286.19812,-57.5958,-31.063541,-45.51873,-52.854935,-63.60945,-83.71399,-67.54412,6.912981,60.695366,48.60515,6.5628223
-1061.5447,306.5817,-51.407936,-30.072876,-50.884228,-50.511463,-69.23132,-74.37928,-60.72912,12.080335,47.35997,40.544025,14.972082
-1079.9521,302.75763,-37.42016,-31.650154,-52.46945,-44.363617,-72.32799,-78.95177,-54.48271,16.425587,46.514107,34.286266,23.028564
-1076.8606,310.73053,-41.805634,-36.95037,-60.032417,-43.59223,-65.80571,-77.82428,-52.971024,18.062565,43.20704,31.036327,23.365326
-1077.2881,319.9888,-36.577312,-44.586758,-56.405273,-43.613285,-66.35016,-65.43893,-35.36258,13.078945,17.382442,28.731041,40.741577
-1051.2712,296.62964,-42.18457,-38.548626,-47.578705,-36.616344,-65.89577,-79.86209,-42.05404,12.408411,36.754673,33.617943,31.432327
-963.60474,255.01892,-54.613422,-54.397507,-47.65898,-37.98168,-59.442543,-91.574585,-58.670326,17.715237,40.46967,41.38138,25.58219
-946.98016,246.14072,-63.354492,-53.077744,-54.80729,-42.121517,-52.487892,-89.9412,-75.043396,14.909193,48.9259,37.37471,22.477905
-963.219,253.78267,-66.48992,-40.59489,-53.33702,-43.880745,-50.966133,-80.796776,-81.15473,8.516704,56.439766,34.780376,14.527588
-965.5913,246.51106,-59.909485,-27.727808,-43.401596,-38.651516,-57.951336,-78.65413,-73.09787,8.002207,59.149677,30.802343,11.603577
-949.14813,222.36383,-54.69984,-19.799543,-34.645653,-41.194954,-58.903446,-78.74076,-75.85756,1.4316359,69.728,29.103935,16.796736
-912.80615,216.50426,-68.482925,-29.51937,-31.607368,-37.65484,-54.78437,-76.96561,-81.19426,7.6215916,61.388847,28.284338,24.443592
-926.32623,227.63275,-67.27702,-32.319126,-36.290245,-53.48445,-43.886105,-71.6723,-91.09712,11.096941,63.794144,22.769152,17.023792
-918.10876,230.0227,-67.23517,-31.773182,-32.23176,-56.048878,-50.29695,-62.169983,-82.304886,4.5496664,62.62589,16.581203,16.757801
-941.3839,242.38084,-76.51819,-12.70074,-35.67173,-62.7929,-53.81652,-49.792892,-72.58102,-2.9967384,55.979256,18.144007,16.949316
-949.1481,251.32724,-98.421555,6.4248085,-35.132668,-69.531105,-59.101933,-34.89304,-60.59815,-8.088327,35.249546,27.98387,19.474056
-910.09485,240.56763,-126.63578,23.225723,-27.344957,-76.20347,-57.448654,-40.062748,-48.581104,-10.95476,26.700958,33.210526,23.495968
-861.40454,218.41841,-131.59587,8.168557,-5.4798923,-84.42427,-54.490177,-42.71904,-54.131226,-7.3562717,30.036606,31.525415,20.390627
-804.2954,185.06201,-134.86954,7.412956,-3.8833816,-79.33467,-56.60979,-40.7085,-68.27445,1.2169895,15.836112,35.39553,23.593386
-755.5259,166.64224,-147.08124,5.6481366,-5.5002356,-78.2366,-53.599922,-33.05949,-70.72853,-6.484722,5.2341604,34.605434,26.41568
-776.5544,187.03075,-152.7409,-4.304283,-1.4108257,-71.888306,-56.323486,-29.66096,-70.87532,-12.116581,1.2171612,22.351135,27.534351
-840.07635,228.04848,-142.50368,-26.950249,6.3313446,-55.836998,-64.60298,-34.50168,-50.434013,-23.02482,4.207863,8.749243,21.24814
-908.8496,275.54443,-123.58528,-28.29002,-15.484297,-35.360367,-59.36377,-34.460995,-29.214485,-20.207619,-11.304835,1.5604315,6.917701
-1021.3782,324.5273,-85.545944,-32.981,-50.085213,-38.231712,-34.170387,-21.332031,-14.17714,-7.652911,-28.81448,-14.11173,6.7183256
-1087.1763,331.4552,-59.50685,-48.90223,-70.95325,-27.591244,-12.36451,-13.613209,3.0852985,15.394347,-38.936363,-34.801548,-9.977033
-1151.5978,319.64258,-37.14839,-47.10883,-72.664566,-32.649483,-25.131844,1.0909021,20.39981,24.605572,-17.421923,-44.692173,-24.297821
-1283.1052,363.42578,-27.998798,-34.656307,-76.74898,-41.499878,-12.951499,7.9463825,18.38913,20.479034,-22.735388,-25.324455,-19.73412
-1394.1624,371.85562,24.079803,-46.024357,-70.56525,-22.85434,-26.948133,16.547895,41.4347,19.353836,-30.068514,-16.65276,-15.976435
-1486.815,375.6883,18.21687,-12.185385,-44.4372,-33.83053,-24.990114,27.978294,29.367134,8.738024,-6.7389417,-6.231884,-16.837158
-1551.5509,362.03427,42.80136,8.147166,-37.731773,-30.95634,-23.105799,19.024166,7.212061,1.1516695,4.054558,9.075394,-2.476425
-1757.9425,398.64743,74.0379,21.274559,-12.585087,-9.608068,-60.250385,31.99981,9.644988,-8.499849,-14.5225935,11.307535,6.500186
-1842.5889,399.64365,86.492645,22.351444,-0.27307224,-5.1851482,-53.324326,40.663284,21.702751,-16.924332,-31.486633,37.466423,14.195908
-1864.2893,395.88495,76.32833,47.42904,4.658594,-4.6039886,-58.40032,40.152096,21.836285,-4.1284904,-15.027322,40.315876,15.421989
-1787.8662,387.17383,97.437225,61.469677,-19.191574,-18.883175,-43.06287,22.056776,-4.21167,3.6251345,-1.9589552,27.783405,25.341923
-1859.7869,395.31555,106.80589,68.54967,-15.623592,9.646305,-52.34957,24.919731,16.236475,-5.42525,-17.77938,23.882542,42.73062
-1732.5515,401.58246,63.68567,43.19549,-6.195653,7.5124655,-22.120182,0.7980585,-6.509568,-9.505585,0.37012553,36.963066,13.14767
-1707.5269,398.7045,61.5944,58.235962,-11.680923,-1.1795425,-20.257635,10.147728,-2.3647652,-11.118026,-24.255459,7.312642,19.000713
-1750.3019,413.883,71.639565,74.87926,7.9634695,-8.582487,-32.27842,4.6509705,1.572895,-8.342737,-44.39434,4.745727,9.027899
-1621.808,369.5422,38.13877,61.006153,16.446619,8.020272,-14.08411,5.77847,8.780373,-16.574154,-45.499454,-24.00481,-16.757523
-1513.9924,357.13824,37.709652,35.88977,-5.568057,-4.962879,-25.350399,0.64791346,3.3479533,-5.7444496,-32.5,-16.581848,-7.6439843
-1505.4866,360.26764,40.921783,36.397423,-20.991318,-11.233907,-28.220697,1.846833,3.6362534,-2.948185,-16.43939,-13.436619,-8.230795
-1492.0994,362.8249,39.372505,33.91521,-19.11075,-17.154554,-27.790655,3.3684168,-3.2155695,-2.6467328,-11.085864,-7.2204843,-4.57815
-1497.9592,354.33716,41.331337,40.71946,-11.2588215,-12.992298,-34.386353,10.455914,-2.2707903,-9.948856,-19.322866,-13.491772,-9.072724
-1476.4299,349.095,37.092354,37.04287,-14.074224,-13.424147,-27.062527,2.072568,-4.3570757,-8.444228,-16.510075,-11.638085,-8.303347
-1480.5652,357.55716,32.14202,40.134743,-14.707794,-8.835379,-31.682402,6.459135,-7.7129526,-9.62811,-17.15049,-12.455949,-14.310142
-1473.4006,354.11963,26.44041,41.9374,-12.976256,-9.975545,-31.045065,9.877172,-9.968799,-12.629243,-20.717854,-5.7057257,-7.5423594
-1460.9478,348.32526,25.036312,39.28995,-14.862911,-10.983427,-25.107584,6.889171,-5.8941045,-16.28148,-20.488197,-4.456276,-7.314775
-1474.1757,353.38382,24.817883,37.830322,-16.072693,-12.036987,-25.48057,6.7846375,-8.227054,-18.405262,-14.153497,2.3564186,-4.7460165
-1460.5065,355.10214,25.423347,32.262627,-15.586771,-17.81557,-28.043324,5.9932423,-4.877288,-10.858885,-14.684884,4.1725144,-5.77503
-1462.8762,360.83713,22.960365,29.849237,-15.3079815,-10.93454,-31.272186,4.7248664,-5.2057066,-10.752142,-19.252314,2.1912198,1.7911019
-1461.9216,360.6461,20.666542,35.75443,-15.975323,-11.003271,-31.386873,7.1848197,-6.5950866,-9.878376,-14.947478,1.465857,-1.5418105
-1491.357,365.85272,25.224411,37.601463,-9.171625,-5.80863,-37.71768,6.955181,-8.407036,-11.711233,-14.69668,1.8748164,-4.928447
-1475.1033,354.32257,20.696133,41.899445,-7.463575,-10.990351,-37.936657,4.7597046,-5.087199,-16.08649,-16.651762,6.890177,1.8765562
-1500.7366,363.22717,17.938774,47.96965,1.0057421,-10.931108,-39.25699,-3.7545843,-6.4702015,-10.568915,-10.297211,6.1658297,-5.7432337
-1563.8339,370.2538,28.406893,62.553024,22.808407,-14.335428,-54.012897,-3.2161808,-7.723548,-3.4248123,-14.740926,7.721657,-9.188096
-1552.8918,369.33658,21.936962,73.82595,11.50993,-14.782289,-46.790443,-2.4418411,-4.922645,-6.7049685,-19.546598,-3.261422,-6.952909
-1512.8562,365.3885,25.51518,58.09349,-2.021995,-16.008541,-42.3207,5.117815,0.07148135,-17.97406,-28.101387,-3.149373,3.3124986
-1520.352,366.50577,35.891563,53.66798,5.1897426,-10.719637,-47.057213,1.2803555,-0.17643166,-14.727236,-19.34644,-13.673025,-6.6903
-1498.8987,372.26398,21.898296,51.222744,6.358302,-6.0088162,-50.48697,1.7753658,-1.8227329,-13.7165165,-20.527685,-8.195154,-2.9179382
-1517.98,367.27148,28.346054,68.13248,6.493493,-18.535635,-49.230797,4.358074,1.4866215,-15.824352,-16.56579,-11.384735,-3.0829678
-1520.7263,365.7412,28.849594,66.52954,4.429654,-13.81306,-57.608932,9.456286,5.872423,-14.235113,-26.254412,-9.667833,5.0120497
-1539.8354,367.98416,39.514786,55.47918,10.484846,-13.393728,-61.16819,9.840941,5.837041,-17.499933,-27.92718,-2.0987773,10.451148
-1555.639,377.9168,34.61214,68.199615,0.6225574,-15.806177,-55.48566,1.2721367,4.229554,-9.66251,-24.875618,-0.9561863,10.929704
-1550.7573,365.53326,43.044052,67.22594,-4.8564343,-3.7399278,-71.55338,9.420494,7.2533283,-17.761639,-19.353315,-5.9095526,18.048409
-1582.9316,381.76727,46.006817,60.56206,-0.576916,-5.516837,-66.81644,-3.8696728,9.255687,-12.20472,-21.49919,0.8357949,13.607945
-1567.219,378.07205,39.18634,63.601257,-3.5669549,-8.740459,-67.74151,-0.82492447,4.917146,-7.991109,-21.527761,-3.6408126,10.050318
-1524.5491,353.5755,44.71859,64.67334,-11.389049,-7.215048,-59.208878,-3.8389864,0.10625696,-16.875013,-7.320597,-12.021341,7.6271787
-1522.5278,356.61053,40.616257,67.01788,-14.45715,-10.727099,-47.646156,-1.047718,-14.763216,-17.690355,-7.2515655,-6.7846165,-2.989872
-1554.479,363.55063,45.530125,70.08723,-10.998039,-13.54009,-42.25872,-0.5908432,-16.580128,-13.625509,-15.39459,-11.4028,-5.5233126
-1526.446,345.10083,50.884155,67.227615,-14.741358,-10.557812,-39.96865,-1.0796471,-16.377579,-21.8973,-8.035149,-14.933823,-7.2184896
-1543.8057,363.6093,41.02142,62.551197,-9.5010805,-14.04838,-39.41175,-0.9651346,-18.412094,-18.63413,-19.946255,-12.516994,-12.384816
-1544.7961,360.026,46.631126,57.408382,-13.30546,-6.63781,-37.02968,-0.22675705,-23.670792,-23.812668,-17.734262,-14.761421,-8.897198
-1546.5299,359.22583,49.097275,59.636604,-13.726833,-5.147694,-34.971252,-1.1164436,-22.912596,-29.342575,-18.138449,-8.735238,-8.41485
-1545.8276,359.9272,54.569584,52.531612,-5.4107447,-6.9310637,-30.401274,-2.9571848,-22.678371,-22.411364,-16.027485,-12.089666,-7.199865
-1555.8625,361.0345,56.3917,59.063923,-4.7011228,-1.1615117,-34.624947,4.069624,-19.638927,-21.179127,-14.536731,-14.772152,-8.557629
-1566.1741,357.96075,46.09241,72.28986,6.116736,-0.21151793,-37.757195,7.1647882,-4.596058,-17.892023,-27.42512,-8.690897,-7.2844048
-1580.9797,356.86697,49.24893,73.72299,0.69324017,5.588622,-40.05824,8.090517,15.361022,-15.663952,-23.921476,-17.553997,-4.6158953
-1561.0723,352.1781,42.464718,73.93905,-0.19325018,-0.84525967,-39.811928,16.993933,8.512351,-14.650089,-22.032026,-7.5909696,-7.284934
-1512.7949,330.67206,52.044746,60.538494,3.716178,-7.2057023,-36.09429,17.811848,4.8140326,-13.661304,-15.536235,-12.926964,-9.841718
-1500.3962,335.82108,42.526787,57.451874,0.7807522,-4.963376,-31.06085,13.601012,2.3939533,-9.313368,-18.386847,-22.522655,-5.3102536
-1507.6385,347.544,33.16947,61.409966,-4.930046,-5.38342,-30.464622,10.231869,8.952074,-11.413355,-25.64107,-20.823801,-7.6188545
-1512.6077,351.50452,32.23655,58.042423,-2.7298918,-3.692174,-32.597702,12.509367,-0.817364,-13.4284525,-22.382147,-24.752365,-7.21305
-1518.4375,355.1989,34.95832,56.542328,-4.938452,3.3639715,-38.76007,15.418983,-9.84581,-18.336643,-17.291033,-21.221916,-7.6295013
-1515.413,354.8406,42.084274,53.350433,-9.674387,1.4580683,-33.30159,13.108387,-16.795486,-20.889187,-18.074295,-17.244808,-4.0738897
-1494.4011,347.51154,41.208954,52.128082,-7.5795727,-5.2636013,-28.511969,5.08154,-11.184601,-25.026112,-26.040035,-15.80991,-5.137817
-1491.6636,348.99573,39.629303,50.696346,-17.1717,-4.3602633,-24.312523,6.6478696,-14.206902,-25.94298,-33.37586,-28.718672,-3.2189827
-1471.7441,340.7908,38.658665,46.65284,-16.575724,-6.1039295,-26.68549,8.1077385,-12.528372,-24.53737,-41.04278,-29.028845,-0.8508587
-1471.75,346.38037,35.060234,43.669605,-18.627598,-9.075761,-24.44028,5.202243,-13.778704,-30.135002,-35.270466,-21.955051,1.9338555
-1489.0602,350.52557,40.5835,40.535534,-17.289268,-9.03073,-20.331505,-0.022193253,-17.103706,-25.65452,-27.318722,-20.782187,-6.5548515
-1499.2253,353.12137,44.5578,42.040737,-18.613976,-6.055925,-23.2081,2.725546,-17.474583,-24.376701,-22.523502,-26.417,-5.0643735
-1502.8027,350.3733,46.441246,46.53176,-19.675201,-0.30962706,-24.929028,3.8072739,-18.490538,-21.66898,-20.354492,-29.966644,-6.427271
-1511.2478,353.6928,44.432404,49.835278,-9.248124,-9.242843,-22.666164,4.342764,-12.987187,-19.250881,-30.365486,-23.07608,-13.48323
-1531.077,359.35046,47.164825,52.502888,-7.918426,-4.9850636,-22.267464,3.7718122,-16.68141,-16.512302,-23.26969,-19.710732,-18.409159
-1533.6989,352.4718,48.964752,57.5704,-2.426729,-5.2740555,-25.71662,4.1050305,-9.957525,-17.913715,-19.33111,-13.630269,-14.441481
-1562.7592,363.07642,49.172363,64.23328,-1.9013648,-8.425728,-35.105637,6.889356,2.0004897,-7.969576,-17.922863,-14.250523,-11.278196
-1536.4238,351.80505,46.578705,59.678062,-5.6986322,-7.0552254,-33.76278,9.004791,-1.0235777,-9.7513275,-10.760202,-4.188843,-13.809529
-1513.6365,342.8938,48.96031,55.724564,-14.986483,-4.1143837,-30.73159,16.740227,-4.3259363,-13.10805,-12.24975,-15.3560915,-11.834216
-1509.5405,343.84467,44.35685,56.965508,-13.836769,-6.61895,-30.56226,19.094063,-1.1773095,-18.301907,-18.942165,-18.95374,-9.832388
-1518.8118,358.78735,33.441467,58.387474,-14.11796,-4.3175483,-31.578135,13.96005,-4.430304,-10.397888,-21.81825,-18.791021,-6.688295
-1503.526,348.9888,38.79165,52.190315,-6.7702093,-10.126615,-25.572727,9.025536,-10.649352,-9.865517,-15.085858,-13.5496025,-10.059558
-1479.4037,347.23108,33.8014,46.181435,-12.920286,-9.197916,-16.302395,8.3794,-10.594759,-17.192015,-19.213709,-9.26066,-10.0194645
-1455.9573,352.32077,27.942291,34.839104,-23.678549,-3.3026843,-12.041437,16.895819,-12.640877,-25.31931,-27.557732,-12.485706,-0.58923626
-1401.4084,342.21927,19.986664,24.333242,-26.648499,-6.5471134,-1.9463272,16.609154,-10.443137,-29.837475,-35.128963,-11.740172,3.190963
-1363.7532,339.91486,5.4113374,23.300602,-33.01798,-8.045157,1.4835577,21.96782,-11.399017,-35.04091,-39.75759,-9.728086,-1.6863251
-1344.4492,337.857,0.64283943,19.354746,-37.25084,-8.738882,0.97667646,24.082355,-10.968995,-37.22589,-43.39486,-14.127895,-3.4262202
-1334.2759,340.25305,-1.7504573,15.594366,-39.660606,-9.440666,0.030464172,25.912281,-11.827654,-38.640312,-45.52042,-15.734966,-0.05926466
-1321.2598,330.92245,9.179554,4.9119334,-34.65663,-11.751745,6.9019427,21.497055,-11.74724,-39.256233,-46.626225,-19.49131,1.5283723
-1336.428,345.79492,0.78597355,7.94002,-43.42626,-5.2478237,5.3366404,21.122456,-13.674024,-39.581562,-47.535667,-24.46941,0.97090054
-1344.2393,342.2627,8.620863,3.0753307,-38.2472,-3.896215,8.348347,16.8439,-13.957611,-41.60243,-48.738945,-26.34399,1.1489768
-1341.749,335.10095,14.167666,1.1808592,-37.53977,-4.5184026,12.135023,16.397743,-19.624783,-45.471775,-43.70751,-17.718105,-1.4358435
-1345.9741,339.7281,8.588645,3.4730253,-38.286926,-6.916494,8.263256,17.684662,-24.279137,-45.57031,-37.937946,-8.756897,-6.022114
-1355.3118,345.36,4.290861,9.563921,-38.92987,-8.629179,3.867547,17.165138,-22.624357,-43.300686,-33.241787,-2.3392334,-4.0406303
-1359.6356,338.4625,10.329732,11.276094,-35.363228,-11.155982,0.4502163,15.611468,-22.397089,-41.873093,-30.686617,-2.2395535,-1.1352291
-1377.9067,336.59375,18.55997,17.666306,-34.28952,-6.9160647,-6.943574,18.375431,-21.982918,-39.22194,-31.502472,-4.1094913,2.7662659
-1421.4817,345.88574,25.659891,22.84359,-26.550285,-6.399768,-8.237778,13.24992,-15.54752,-32.412178,-34.262375,-11.358639,4.8577137
-1453.5035,356.137,25.412682,30.443495,-19.274147,-7.1693516,-16.187763,7.2348747,-13.344854,-21.842001,-23.533117,-5.69125,-1.7187562
-1487.8616,363.844,32.767593,34.301132,-18.624054,-10.116222,-21.007074,-3.8605628,-6.84633,-5.4502134,-8.486437,-1.1563013,-7.449617
-1490.2317,350.56018,46.99418,35.41384,-13.44652,-17.597105,-30.299692,6.3956485,-1.9632325,-1.9842769,-11.593569,4.1796055,0.32826376
-1501.8285,352.25793,48.870735,40.280495,-23.814665,-18.193594,-16.977386,14.357232,0.76156425,-20.246437,-24.996765,-3.3669767,3.388145
-1474.1106,347.7718,45.779133,32.67507,-23.773327,-13.157885,-15.300422,7.273795,-6.8440266,-17.034983,-22.90239,-8.094828,-0.46814656
-1468.4109,350.84613,42.45117,27.862476,-21.820343,-8.538387,-15.181345,-0.8171973,-11.682698,-11.822156,-14.951981,-12.624984,-5.067157
-1470.4651,357.22333,32.29904,28.658024,-18.25103,-7.1014824,-13.956749,-0.122731686,-13.497269,-11.349784,-16.68495,-8.8324995,-8.370022
-1458.0631,355.16202,23.562649,30.0376,-18.667875,-3.2232587,-13.335675,2.152955,-13.021564,-14.89945,-20.250923,-5.89696,-4.828786
-1446.085,350.16214,20.475245,29.64412,-18.722225,-1.5036206,-14.201253,4.0284066,-12.507626,-22.27979,-20.083015,-7.179048,-2.651794
-1432.567,340.08408,26.516033,26.711761,-17.24545,-4.385309,-12.647286,8.312769,-11.660343,-27.076233,-28.247986,-6.5299807,1.1569333
-1411.9678,335.8111,24.323112,26.148155,-22.865644,-7.193592,-13.220728,10.535792,-13.786556,-29.471584,-31.793217,-2.1818762,5.198284
-1402.9329,340.27042,17.17895,24.963097,-26.161255,-7.238797,-13.840825,8.813095,-12.985466,-29.347633,-28.980742,-1.431447,5.002999
-1402.858,340.1446,15.656823,28.289053,-31.189384,-7.744556,-14.118965,7.8033686,-12.884184,-30.01886,-31.916166,-8.148463,3.731697
-1401.2917,333.14532,23.062622,24.867748,-25.89909,-11.332853,-12.165834,2.7910194,-13.824858,-31.156517,-32.5855,-8.369694,3.4143462
-1403.6556,331.5951,27.237644,24.620438,-23.54966,-12.073282,-13.525672,3.3590028,-13.061146,-29.221903,-29.842546,-9.662306,2.7821789
-1408.9491,335.9617,26.511482,24.836376,-24.850128,-10.05342,-14.679163,0.49538398,-13.292967,-29.649391,-24.599245,-3.3733454,2.064157
-1420.9261,346.65744,20.010902,28.09232,-26.29005,-9.379034,-16.213673,-0.09170675,-16.17591,-23.56218,-21.999603,-0.80956936,1.6400232
-1408.3115,344.02548,17.871723,27.436832,-29.480148,-9.253374,-16.662716,0.3635292,-16.952913,-22.78925,-19.87211,1.1349325,-0.93245125
-1416.1597,343.9424,21.6721,26.889526,-27.578354,-7.1247015,-17.901789,-2.7970939,-17.399805,-21.117195,-18.122005,2.4664698,-1.8394828
-1425.3401,341.69727,26.728996,26.158138,-23.763996,-9.576176,-16.856354,-3.1587825,-16.40346,-19.521976,-19.214754,-2.1159334,-1.52742
-1437.6375,349.11578,22.67002,30.141685,-25.03581,-5.2051144,-18.925926,-2.0439553,-16.212143,-21.714375,-18.132957,-2.752843,-1.3451719
-1431.7334,340.25284,31.091179,25.705448,-22.735691,-8.726912,-16.142662,0.16849518,-15.134458,-22.021791,-20.398415,-3.9661465,-0.3727846
-1422.9744,338.90698,29.81272,25.26577,-21.965996,-10.395675,-13.962446,0.6317172,-16.710234,-21.418484,-18.067099,-2.1719656,-1.9453964
-1433.3677,349.41876,20.134817,29.155006,-27.536858,-8.980965,-13.570771,3.3646164,-17.035221,-21.561348,-22.210247,-1.216814,-3.2533894
-1406.7498,339.51318,19.333662,22.804045,-26.381931,-10.330155,-12.212093,2.0910153,-16.747984,-20.935806,-21.776,-7.999626,-6.816351
-1408.6694,342.31036,17.043856,24.143368,-27.626923,-9.538945,-15.2398205,2.0273013,-15.03175,-18.764454,-20.668219,-14.411095,-9.977768
-1430.1665,352.00946,20.896172,21.462309,-28.772171,-9.326026,-13.461086,-0.74144936,-13.83003,-15.346043,-19.13296,-19.146748,-20.961824
-1454.6772,352.6653,35.139202,17.90276,-22.340672,-14.048161,-8.924725,0.45269203,-11.601418,-12.26285,-22.729746,-27.696905,-34.98994
-1461.6012,358.78314,35.327374,17.310947,-34.566536,-8.783014,-9.076048,9.761902,-8.053299,-9.724802,-25.889606,-41.19931,-46.671864
-1381.1653,344.97162,19.517523,0.60473824,-41.507507,-12.337349,-1.6127994,16.322815,-1.9486141,-19.257164,-31.10657,-36.473877,-43.482513
-1383.4658,359.65488,-0.6387162,7.818945,-40.510498,-18.543499,-12.85549,25.215073,8.695147,-24.189865,-50.976166,-47.133743,-38.027855
-1354.0698,355.3838,-0.94817114,-4.8481026,-48.04431,-16.600159,-2.8501146,22.12728,-0.7574768,-28.406353,-52.3345,-37.638103,-30.298534
-1378.782,348.9563,3.1388636,-8.436302,-39.3224,-9.141737,8.052618,22.029297,-10.851023,-41.404076,-57.016876,-36.98603,-22.813234
-1423.4686,330.9104,15.311729,19.768074,-22.795898,-16.812838,-7.756564,26.536602,-3.2394795,-49.614,-61.724422,-35.52333,-12.388477
-1467.699,328.86078,14.415465,36.583035,-15.838615,-6.876896,-6.2977047,21.335995,-6.9162216,-40.19996,-58.70178,-38.176575,-22.93369
-1729.0187,357.61282,50.324078,43.841995,26.061724,23.760967,5.317429,4.8225107,-3.0723486,-27.484499,-50.68858,-29.323599,0.8980304
-1788.7004,362.14404,72.803795,70.619,35.73696,17.862597,-15.883129,-4.7150908,10.922562,-6.172016,-38.251167,-25.048153,-6.524643
-1846.3228,367.62375,77.55797,76.523254,50.756973,19.931162,-14.120544,-17.28075,-11.004669,-4.399382,-32.13444,-4.7768073,5.467152
-1845.7719,378.01868,57.415394,88.548454,52.16666,19.148409,-23.632307,-20.931644,-8.065112,-5.069906,-31.724026,3.096939,7.0265684
-1801.6123,371.31952,37.906372,81.733536,54.674137,37.949585,-36.30283,-26.40256,0.62617254,-1.2550302,-35.340763,-12.325785,6.294616
-1732.6813,326.46964,31.037443,94.117966,70.36565,36.8891,-45.649616,-35.168365,13.6135235,-6.2699223,-42.444424,-10.175386,5.548612
-1761.5532,331.90845,26.17871,117.26926,75.521736,38.336365,-54.764328,-43.249687,17.613138,-1.805131,-56.092735,-16.551102,14.2915745
-1824.6519,376.38416,1.6163945,107.15017,87.68501,46.39782,-31.750992,-49.844116,7.182518,-0.4542942,-62.4554,-13.754574,18.082737
-1817.7097,378.60156,-16.470585,106.26051,68.171974,31.337605,-1.9953852,-34.692936,13.972068,6.10063,-66.021576,-30.124636,9.563115
-1799.7002,388.1908,-16.596905,94.31046,61.46808,24.452421,12.471903,-11.698711,18.457243,-9.674398,-70.07786,-26.421812,5.4717255
-1811.1405,391.43054,-10.791198,73.68587,65.237915,46.45826,5.1843395,-12.420564,21.81372,-12.0703945,-65.46689,-24.459562,10.103275
-1849.6033,401.4182,-10.644704,42.905663,83.17197,56.292786,-4.089669,-5.398243,28.852303,-20.447613,-69.39212,-17.706467,2.6506147
-1930.3685,410.56055,-19.632668,27.440954,109.47824,67.87918,1.9036806,-6.1024714,14.266349,-26.47248,-93.52261,-19.442833,13.282176
-2006.4661,393.38123,14.954589,16.647945,96.09206,83.57808,-7.077503,-9.510994,20.378042,-47.027557,-91.50052,-19.274233,16.031412
-2141.6504,373.13483,56.14952,15.47385,51.82498,44.3846,-2.718122,-6.0500956,13.052572,-31.729717,-93.078636,-27.239597,12.924398
