-2210.0713,279.5455,99.25463,67.00313,76.3147,56.24333,-8.89802,-12.844105,13.661346,28.418488,-35.50809,-13.8167,7.3126416
-1909.5259,323.90768,89.19809,96.89082,97.37376,57.25471,-12.051969,-31.219643,-2.019728,24.13472,-45.009007,-44.472343,-8.945996
-2006.8816,303.00415,150.20737,135.55518,106.28937,63.6408,-27.96104,-52.891518,-3.5470424,31.433468,-38.667213,-33.802944,-0.66869223
-1929.2153,327.65167,113.71611,126.57768,123.60684,75.088455,-18.067703,-44.37107,1.4612556,25.909515,-46.974113,-37.570297,-10.428816
-1937.6364,318.36896,139.8534,138.8826,114.602875,86.202065,-20.697353,-33.419033,8.613897,12.091938,-48.085064,-45.289303,-4.0319366
-1881.712,315.7245,125.66948,149.49829,114.83136,72.47367,-17.996141,-34.067623,5.200631,26.417072,-42.843357,-37.66892,-8.994658
-1799.3678,305.27545,106.08624,174.77815,103.607285,76.18615,-21.21076,-35.334743,12.692125,24.35421,-41.2774,-33.277683,-14.268499
-1745.4349,299.49506,90.20436,174.91876,108.17674,73.92775,-11.211589,-31.964706,-12.807949,25.940039,-44.09878,-34.25551,-1.019959
-1758.9136,333.21124,89.21155,161.0917,116.730255,67.903564,-1.9016371,-38.471466,-12.58451,33.924553,-43.41537,-33.303246,-6.3080378
-1719.2441,343.80463,91.29574,164.37445,113.256386,68.848404,-4.9614935,-53.712585,-6.2565527,30.688332,-40.20074,-35.434242,-7.7015524
-1690.0581,338.97345,97.33362,163.57693,124.55252,95.84065,-39.209827,-44.0842,-11.871807,12.435516,-33.6739,-33.843918,-6.438029
-1669.4496,358.88376,98.8855,136.4851,109.37622,118.28476,-34.70528,-49.754,-4.7474275,9.175655,-39.65691,-21.11168,-7.337503
-1611.7655,360.3219,76.349335,138.42209,112.24683,102.02392,-11.105185,-50.238457,-24.317986,12.281325,-38.771366,-31.989624,2.9545946
-1382.8716,356.0497,15.43029,71.075905,105.69685,115.532974,-19.00302,-15.34742,-60.737453,-40.993206,-25.345085,17.732933,14.55711
-1066.458,366.0793,-53.68309,16.820408,40.568455,64.458534,-44.253494,-28.902561,-24.66927,-45.502426,-5.021274,35.89714,1.4710684
-944.678,334.1922,-71.51431,28.018751,6.487577,55.858612,-38.211643,-36.945206,-5.619294,-20.506268,8.952218,26.323502,12.24594
-815.1397,306.0543,-100.00668,18.589619,-5.5607796,45.44564,-30.209888,-19.47584,-5.571624,-10.864213,34.51626,24.734604,12.387734
-722.6272,279.70343,-105.03653,2.8967414,-17.94547,18.783592,-9.980442,-28.247131,-5.068265,7.715356,37.370335,34.014877,4.335003
-679.1088,263.43927,-110.29736,15.314174,-45.48877,7.519104,-20.679642,-18.031445,-22.339478,17.653582,50.22304,20.992048,13.137692
-613.3566,231.37483,-107.41087,11.83606,-49.91412,3.2633162,-24.730894,-24.784119,-14.371546,22.15067,55.42708,28.609257,1.7258229
-600.85956,220.03554,-92.285194,0.6738167,-43.912163,5.4676886,-25.201847,-29.3502,-24.041523,14.129868,68.78514,25.674301,9.584911
-563.64056,202.65884,-95.75296,-4.339966,-30.730928,4.1059923,-44.06596,-29.04528,-27.599499,5.106699,74.37758,27.603846,2.933402
-553.9724,194.26549,-104.81719,-11.134468,-20.040152,1.2556543,-40.924675,-32.73842,-38.79411,5.5803776,73.17182,27.752459,1.2254219
-574.8705,193.88263,-103.407745,-14.307216,-23.865105,4.1147966,-47.11042,-26.037495,-37.091003,-4.780012,67.29153,42.169212,-6.1034393
-527.0679,163.34654,-97.60498,-31.06702,-20.339802,-6.989952,-48.095886,-22.009888,-36.416195,-18.12181,68.72903,40.634724,-10.041354
-550.59515,167.19818,-102.45873,-38.5821,-35.064915,-3.582714,-49.669178,-24.57222,-23.398083,-30.052738,58.994793,56.804195,-18.02547
-562.65173,172.56909,-88.19481,-39.173985,-53.20578,5.578869,-63.949787,-24.449867,-10.263826,-38.129128,53.625465,61.25656,-13.3811455
-573.6376,173.52939,-82.95808,-44.881798,-51.099335,2.2076254,-69.69943,-16.982586,-20.452896,-27.365044,43.99009,46.449974,-2.9637012
-545.9424,169.00104,-115.19108,-19.686626,-68.5215,-1.8499718,-57.678226,-16.755726,-30.998516,-15.884445,46.438744,50.905647,-22.142902
-518.96326,148.00223,-101.02246,-19.294909,-37.12524,-14.069871,-52.13857,-13.386797,-30.545095,4.8551903,46.591026,47.100697,-0.5695667
-507.31387,157.01886,-102.054016,-0.36021054,-25.729284,-8.8185,-48.42666,-13.559895,-20.756474,4.9874973,46.7377,43.248825,-11.56543
-528.3709,183.53993,-96.223404,14.71264,-36.123497,-2.084918,-51.34587,-19.174059,-17.126047,-4.2131176,56.323322,38.04924,-16.341974
-519.95776,181.94057,-86.31676,10.749712,-33.215816,-15.317414,-55.272797,-24.538942,-20.544386,-0.8036804,46.445545,45.339466,1.1132278
-523.37067,180.86737,-83.58562,-1.3128504,-23.568321,-21.016018,-49.78245,-19.526745,-34.64388,-2.6398067,29.812061,53.631905,9.928894
-541.5528,188.65393,-85.85038,-14.104435,-35.031693,-22.90442,-56.986435,-22.255653,-27.707281,-8.660841,39.95375,45.891922,14.113237
-536.3988,178.05768,-81.902626,-19.052034,-44.212532,-30.029285,-63.732937,-21.965096,-24.443527,-8.748104,36.329876,43.09521,15.457171
-544.0161,193.22617,-95.18877,-8.459681,-31.254343,-39.7312,-43.448418,-25.8343,-33.647324,3.4828453,21.945627,55.23436,8.719278
-564.4464,204.25143,-107.77252,1.5900346,-35.13601,-29.122988,-41.566635,-31.257004,-33.408817,-1.5792274,27.417604,49.418304,9.832527
-571.1321,200.27325,-105.005646,5.381188,-45.508884,-7.4562664,-45.61997,-27.906363,-45.97564,-5.4429226,30.648745,44.417725,9.584593
-573.0875,196.38716,-105.08563,-4.2831516,-43.082977,-13.0553055,-52.27398,-32.594078,-60.087616,-4.1617813,11.3449135,55.57179,11.023834
-596.31915,194.74985,-108.84567,-10.960836,-45.86894,-3.0850558,-58.762627,-42.241673,-54.81919,-15.13078,12.489658,44.8169,5.3329926
-573.3142,190.64102,-112.83659,-16.682354,-35.06488,-25.576777,-33.139618,-54.201073,-52.973885,-5.891361,8.275357,54.194473,2.1440868
-576.0767,194.92145,-117.968216,-16.578827,-45.74275,-19.75318,-38.556732,-45.615993,-59.848366,-3.3542347,4.6061296,57.319725,7.015707
-590.0933,195.9814,-124.93986,-16.264887,-41.18953,-35.563156,-30.125309,-57.04472,-51.01384,0.25266457,2.2572367,58.661118,5.174822
-593.93256,176.40077,-128.35611,-22.819786,-39.12773,-38.194637,-42.49494,-63.042046,-59.942955,1.0551815,-2.5016103,53.530876,2.3827438
-622.06696,184.86731,-145.24918,-20.004929,-45.89869,-37.865368,-50.65627,-60.029415,-62.835873,4.4097633,-0.27273393,51.204395,3.7284508
-596.42224,184.263,-138.74797,-16.354202,-45.107513,-31.841873,-43.902702,-56.900703,-55.781708,0.103450775,2.315738,54.175102,2.9311085
-570.0886,173.72845,-136.17819,-15.692612,-37.70756,-43.669903,-32.409428,-71.75493,-42.533485,-6.019758,11.420779,47.358704,6.479965
-582.7873,181.74431,-139.30319,-9.9673,-31.681326,-36.103264,-38.200478,-66.75958,-52.441208,-7.6756496,11.011198,46.656776,4.987631
-552.586,165.42685,-128.11894,-13.3011465,-16.503738,-40.52856,-20.595657,-71.45382,-54.922623,-8.179792,10.870456,41.94816,2.4041767
-570.86523,188.67896,-140.93518,7.01649,-26.88704,-11.870715,-18.441849,-54.496414,-63.479355,-12.133617,13.222358,36.616528,2.3635159
-544.068,173.13547,-131.76237,10.150976,-36.72615,-11.163339,-15.425328,-58.2017,-47.292595,-16.414879,15.965986,36.930595,-3.7183075
-535.55566,159.82976,-126.11428,1.6581762,-36.991516,-24.467398,-4.902981,-70.69121,-38.432713,-22.269306,22.23808,29.588104,0.87052536
-575.1196,170.64847,-128.05145,-3.990452,-36.322407,-29.500755,-12.423888,-68.67953,-42.635796,-11.093541,15.410412,39.42016,-0.68920135
-567.2401,160.41644,-129.0423,-1.3753335,-37.25356,-27.519196,-13.700694,-68.31704,-40.730225,-12.533171,21.55589,41.47783,7.888012
-587.0628,163.78806,-124.810585,-11.6724205,-32.895744,-47.938503,-22.465511,-58.32724,-44.468018,-3.657608,14.959687,52.50419,14.631477
-592.5315,160.53157,-126.76581,-3.7800035,-40.14822,-52.372364,-28.879375,-60.612823,-38.075928,-11.35149,17.248192,54.94849,15.55464
-601.04224,143.23979,-125.180855,-6.8153105,-44.064396,-53.726063,-45.632416,-53.72386,-45.606308,-6.5235844,18.077044,63.583763,19.6223
-628.1896,150.69525,-134.71346,-9.420754,-42.091805,-55.69083,-55.41349,-47.714054,-49.413483,-0.9634361,20.763353,69.250854,20.251938
-616.3103,137.64922,-144.80368,1.4898055,-54.217873,-45.533127,-49.08883,-47.76309,-45.731983,-6.5143394,33.945118,76.20923,20.294132
-600.57654,127.01047,-139.41226,-5.1518526,-49.997128,-51.18406,-40.53378,-47.45159,-37.94535,-3.4457703,36.59947,78.25096,16.994627
-585.78094,119.778656,-143.64542,-9.367384,-50.48645,-64.674644,-34.85477,-60.218094,-24.816017,-14.186481,37.5321,69.87833,19.278675
-594.02954,126.907715,-144.97525,-7.6447897,-55.465645,-60.206757,-43.472813,-56.289604,-31.888151,-14.069504,34.627808,63.84761,22.373163
-584.80286,121.65422,-133.96254,-11.400118,-57.980057,-56.781055,-48.0023,-55.140717,-38.22492,-13.777508,27.38286,60.550808,20.560616
-582.20056,125.47023,-131.36995,-18.720978,-59.996567,-53.892242,-52.087196,-52.311142,-46.869934,-12.71793,22.101765,57.27165,19.873856
-600.4463,151.11407,-135.05438,-19.67783,-58.774155,-54.323402,-49.34442,-48.22217,-46.44216,-15.546545,19.077953,53.356438,21.071627
-596.5033,153.42404,-125.37777,-23.37678,-67.67442,-38.66875,-55.064034,-40.45768,-59.872906,-20.090576,15.840914,49.734375,21.791996
-644.30396,189.6654,-122.783615,-27.605186,-75.06853,-23.525854,-67.79155,-31.66893,-66.708725,-15.670234,13.178382,43.896698,22.172794
-640.8162,182.48175,-116.00543,-34.750854,-76.240524,-17.90743,-66.91324,-36.21904,-67.72574,-20.950624,8.85278,45.980385,10.105423
-633.1147,185.82153,-124.746864,-15.36957,-80.06299,-6.292491,-65.042305,-42.65959,-58.992817,-20.826313,5.5729866,42.79711,-0.93185043
-628.23047,178.4992,-116.79038,-19.607708,-73.19781,-0.4215517,-67.215706,-37.193794,-66.1421,-22.058487,2.161061,44.185913,-3.1098404
-645.1459,183.80974,-120.916214,-5.5459714,-70.40779,3.7741795,-65.99014,-42.617764,-57.082134,-30.629288,1.307232,42.320747,2.1085663
-631.358,173.75717,-125.82414,2.1185246,-66.36615,9.956625,-63.51349,-42.830574,-63.14514,-30.094196,-2.8055477,46.5333,1.0910873
-650.563,188.50388,-150.37807,19.465427,-64.7118,4.846636,-55.45553,-53.7111,-64.95476,-29.810684,-2.7548852,49.536392,1.9409752
-667.4767,194.61026,-144.50656,14.602337,-54.905296,-9.134632,-42.23322,-60.051666,-62.923862,-26.36561,0.10414115,57.643402,2.1953926
-630.7888,172.93329,-139.44511,18.545067,-61.8835,-14.106211,-32.188126,-65.26344,-57.463173,-32.120857,7.0209556,61.045708,7.0732784
-647.8534,185.05782,-137.07147,11.400068,-59.894154,-29.748072,-29.278711,-63.222084,-53.158546,-31.518078,9.093299,60.354214,8.567438
-628.01074,169.89337,-130.59663,6.288618,-66.40767,-35.11091,-27.20811,-65.10354,-49.32335,-34.399567,7.6671605,62.335052,10.327192
-642.1255,177.3024,-128.1404,-1.8457947,-66.2181,-45.426155,-29.396042,-58.054565,-53.771057,-28.111126,1.3794414,65.85385,9.7225895
-630.0954,166.5556,-125.94531,1.2652626,-67.772514,-43.508896,-36.09137,-54.251232,-44.721413,-24.854488,2.7166226,62.985195,15.339699
-638.284,165.49316,-127.84698,-4.847784,-67.09554,-38.990055,-47.93437,-42.010933,-49.07749,-14.141758,3.260971,61.094776,18.687277
-654.7551,171.0578,-135.06601,-3.1422806,-72.6772,-34.333855,-59.05387,-34.236897,-42.65871,-12.479099,10.233911,53.8141,23.160305
-676.69055,182.32132,-142.69373,-0.779335,-84.1133,-22.76635,-69.7975,-28.623962,-37.410458,-2.3973007,8.972129,51.356606,18.280888
-658.496,167.47754,-135.19135,-14.055515,-74.161865,-28.047325,-68.78968,-27.304594,-35.367477,5.9010468,8.971393,45.92111,23.634956
-660.6773,173.5812,-137.62323,-14.585125,-74.37201,-26.008188,-73.80009,-24.8079,-27.32544,10.074814,10.787421,36.503685,26.575653
-640.9224,161.06528,-126.63541,-20.777664,-68.60637,-27.324337,-71.39074,-26.61128,-19.291508,6.3304167,16.944088,29.468594,31.023426
-642.62036,171.71805,-131.33496,-14.091462,-74.01512,-24.929298,-67.61894,-24.946682,-18.64959,7.5393753,13.023722,30.222176,25.756401
-648.07935,178.6428,-134.93582,-7.668887,-71.31528,-40.356796,-63.729286,-20.749535,-18.191376,8.458437,11.9579735,25.700686,21.541695
-620.9645,162.5924,-124.801056,-6.1377735,-67.14163,-53.738388,-55.217598,-18.564377,-15.459974,5.7018023,8.911153,19.052418,22.75545
-612.12537,168.9887,-129.388,-10.597555,-63.808342,-61.586357,-48.034515,-11.9252,-23.501984,5.903805,-3.0558784,25.21599,16.577293
-598.0796,174.98988,-135.80301,-13.828733,-56.39538,-66.73625,-37.200787,-9.719815,-22.536942,3.0967007,-12.575758,18.22782,19.338577
-596.7293,182.69972,-146.44125,-13.602324,-60.928333,-65.851105,-32.746727,-6.5690193,-16.454323,1.7861495,-25.345911,8.14271,17.619812
-593.9221,186.39713,-151.51395,-19.024483,-63.422012,-70.79553,-29.527996,-3.8919792,-6.8272543,3.201785,-40.394943,-2.8872027,15.120339
-581.2449,175.60385,-152.11206,-27.735437,-62.557983,-77.2287,-30.046413,-0.34609985,1.3028316,6.948705,-51.158787,-9.678476,10.615801
-539.57556,144.62292,-147.91393,-38.625206,-66.08096,-73.45538,-28.024378,6.342396,7.7873373,2.034737,-48.201817,-13.327627,9.096574
-544.77545,138.86996,-135.43405,-49.793873,-72.54937,-65.34709,-32.323864,13.628721,2.2886605,7.071801,-35.34813,-13.4432745,8.053926
-569.09875,150.35051,-125.51616,-48.420517,-77.57621,-62.2724,-33.95758,9.253972,-2.791049,18.10006,-24.383568,-7.2908006,1.058581
-550.0073,148.76541,-115.65621,-68.29416,-72.54291,-65.6876,-26.120995,7.956669,-1.2952169,22.746136,-15.451097,-5.794181,-5.265659
-560.4562,168.00685,-119.8295,-73.45056,-70.022514,-64.31876,-26.80579,7.9580555,0.92234486,27.538279,-12.136202,-3.2415428,-1.008538
-604.34534,195.58534,-122.48825,-80.61262,-66.67316,-62.332466,-41.803787,-3.9589844,4.7227373,25.999554,-0.8446923,-15.557129,4.730978
-680.60925,229.54149,-112.732834,-81.53233,-63.35807,-61.22288,-57.213768,-19.199657,8.002806,20.491022,14.966989,-18.680323,-8.45018
-786.52954,276.4989,-93.6859,-79.5169,-60.853577,-60.5937,-59.694206,-26.12621,3.3197322,23.515465,13.537065,-23.801216,-15.123566
-849.5676,302.10498,-81.41661,-66.69269,-55.12518,-66.09878,-65.194565,-21.633907,15.124823,20.318726,3.3005798,-28.861908,-21.107946
-893.83875,311.5619,-69.62716,-55.24576,-58.911762,-58.500996,-67.64313,-35.24813,11.811778,34.407173,5.766537,-40.21228,-22.998669
-957.7261,314.45453,-56.15823,-47.176994,-64.92649,-52.81233,-62.155773,-34.303654,5.6404552,35.03618,13.055615,-37.30191,-28.956976
-1094.4137,331.54865,-55.541725,-13.505789,-55.196007,-72.73975,-55.958683,-11.205706,17.593962,33.15911,0.93814296,-38.303146,-32.04882
-1310.7142,378.66138,-37.97684,18.751598,-57.479828,-66.74875,-49.966133,4.6557665,26.752266,34.42019,-21.918255,-28.906929,-15.418774
-1448.9354,359.2213,-12.751833,43.57506,-39.39479,-45.67691,-41.9309,-4.0752277,14.88028,20.009666,-8.514057,-3.710535,-9.399382
-1489.1134,355.63855,6.083934,40.860485,-48.893364,-36.56564,-39.25679,1.7824123,30.50847,18.162903,-8.887883,-17.240433,0.978035
-1506.8987,326.8919,11.007715,61.436623,-44.738937,-33.964664,-65.58797,-3.481155,15.075892,7.9733677,-12.71177,-9.847647,18.44278
-1520.5948,345.00702,-5.865328,43.84765,-50.423176,-13.288152,-24.82439,-11.809763,3.321653,1.0671892,-17.308632,-13.24636,-11.457882
-1563.3918,372.3468,-2.9107342,59.343124,-4.023967,-20.103603,-35.25991,-35.200684,-8.815279,42.213486,-19.348913,-2.3242645,4.420429
-1448.366,380.71173,-23.290108,63.73073,-26.924347,-39.783257,-27.63695,-23.31691,-0.744745,24.786793,-11.726109,9.126826,0.09943083
-1216.4312,333.08475,-11.92815,23.105927,-24.961727,-56.999012,-48.53589,-6.73705,-14.017591,-1.8921509,-4.9733005,14.499109,16.871874
-928.94116,288.8123,-41.712875,-26.176407,-64.63647,-26.743763,-47.249947,-48.812157,-34.81434,25.341806,35.29697,5.4552975,-8.353653
-754.2805,249.36688,-80.00321,-53.498894,-61.20558,-31.402988,-66.22266,-40.862873,-19.904905,12.906899,30.462997,23.893753,-20.405863
-651.9807,223.2134,-104.85056,-68.23697,-54.538155,-48.16452,-73.58263,-26.240322,-26.899012,5.049015,43.22243,6.6551933,-6.686449
-556.9693,186.52818,-108.49149,-66.30732,-55.947113,-64.0573,-65.81044,-19.868145,-38.7164,23.498064,40.46521,6.077959,-3.206276
-525.4232,173.0843,-109.37331,-58.392483,-54.00434,-64.29066,-65.39201,-20.165306,-41.01799,30.611462,38.071976,13.725238,-8.038546
-504.09564,158.57178,-112.75688,-52.884293,-50.214035,-65.703575,-66.471436,-20.336363,-38.275883,33.408405,34.831394,14.529255,-16.300224
-501.25348,149.82649,-115.94361,-47.80805,-43.149452,-61.460148,-72.11932,-21.084885,-27.946304,26.958256,34.894547,2.7410536,-16.506569
-454.52197,127.369804,-128.505,-43.04952,-34.98735,-64.82951,-68.731384,-14.596291,-30.940325,30.6428,28.618645,-2.377881,-17.46522
-459.32996,132.93912,-125.54149,-44.58977,-31.954292,-53.8828,-67.427414,-7.834246,-25.437757,20.117878,27.000237,-12.608396,-11.707117
-462.70126,137.99329,-127.29064,-47.228466,-35.62743,-52.618782,-63.00656,-4.727906,-12.676602,23.544052,20.627417,-19.588577,-14.39498
-470.42865,127.33819,-129.94058,-49.318783,-31.803352,-54.237793,-68.50653,-6.2847414,-25.709246,15.646524,22.400162,-12.866024,-6.924902
-488.67017,146.85535,-125.02678,-42.252045,-28.062328,-46.738907,-64.44738,-9.163101,-28.815409,5.4172583,17.033333,-13.703353,-5.7407894
-529.3058,180.51918,-119.415924,-60.563545,-42.30575,-39.203796,-73.43382,-1.1653032,4.193329,1.713584,11.227325,-28.595963,-17.121235
-528.8892,164.26451,-121.99936,-61.512306,-37.911327,-48.389145,-72.46042,-7.594731,-6.268032,9.876646,20.125296,-22.908606,-6.269808
-571.78845,184.6218,-112.861145,-68.45356,-42.463524,-44.32646,-70.49353,-11.677318,7.766306,10.66637,17.724207,-15.358612,-5.0782366
-590.47534,184.62885,-111.807816,-76.39477,-42.9354,-40.705006,-68.51227,-13.971115,10.4893055,12.565568,22.104555,-5.6955633,-0.44862318
-640.2134,214.62733,-107.49438,-68.527794,-48.206585,-34.62178,-63.666553,-13.253619,4.013737,12.517444,24.52398,-4.5639124,0.32999337
-681.7815,229.77237,-95.91568,-71.052414,-48.250816,-37.54492,-57.685852,-9.009996,5.803352,16.24443,30.102476,-14.107463,-3.5246978
-734.8937,252.23958,-91.194954,-75.39686,-56.16436,-34.8876,-55.424774,-10.447029,3.5003018,13.080921,29.126871,-12.107561,-8.699198
-793.3549,282.14587,-55.678764,-62.50341,-57.867546,-28.77338,-48.98772,-13.126356,17.279285,29.609837,17.997826,-26.451374,-32.00156
-926.4049,331.34055,-16.640326,-44.960957,-56.33231,-29.07371,-43.110233,1.68713,12.592968,20.377335,-6.6923747,-32.974,-46.336365
-992.13464,333.29834,-7.6646943,-24.994122,-53.530857,-16.13218,-22.650478,2.2903185,6.462002,20.088234,-30.137259,-53.137283,-53.732418
-1009.4336,331.13034,-1.0209413,-38.963036,-43.824875,-28.594564,-30.610209,-6.436515,8.030468,22.246693,-31.95296,-34.25607,-47.165493
-1105.8959,362.2386,1.9227034,-6.349882,-59.8956,-24.984753,-54.764095,10.218626,21.924355,38.760056,-38.946384,-42.17868,-31.77668
-1187.061,370.82462,15.264994,-8.252789,-40.001213,-35.507687,-70.42829,53.60524,20.831718,36.589462,-54.727966,-45.33519,-26.976967
-1159.67,357.50388,-8.603484,7.057541,-49.183743,-23.579924,-69.70807,41.32508,8.424244,16.80032,-47.682026,-43.693478,-8.599527
-1165.0907,348.59332,-19.119553,17.056461,-43.88048,-21.917086,-67.09151,36.71227,18.912369,8.980997,-65.1863,-44.87702,-13.600857
-1169.2141,313.22754,-9.832982,9.032675,-33.560448,-21.671701,-55.927227,17.561531,42.921238,-4.7347336,-65.332634,-35.86639,-19.815582
-1193.7009,301.72107,-22.672771,9.025306,-13.261835,-27.239449,-70.00304,3.035019,56.041733,-4.2739215,-63.92366,-9.089546,-16.241629
-1236.5642,295.21295,-46.43977,28.317924,1.6386719,-16.366608,-75.99446,0.5759983,49.97742,-2.8815584,-60.746185,-10.76141,-1.4198875
-1246.5077,287.675,-38.13322,23.251303,9.648386,-8.182901,-66.62876,-4.9669886,43.944347,-17.903517,-69.09195,-7.730577,16.589931
-1279.5483,281.13174,-34.94175,59.719765,33.38413,-7.6611094,-67.9839,8.026504,32.23139,-41.804672,-58.94789,-9.09565,13.800547
-1230.5586,294.09735,-44.685654,51.425373,42.825413,-15.054474,-64.27644,13.859788,30.395761,-26.826925,-52.439514,-13.792467,2.1775532
-1291.3055,302.13763,-39.77745,86.81801,60.851135,-10.111181,-69.37451,9.444803,33.56012,-23.511858,-62.39096,-13.091936,15.933044
-1387.6782,323.61273,-29.121906,86.66075,90.552475,1.9700599,-71.485825,9.606506,50.337944,-27.048475,-84.081024,-11.466753,21.914474
-1403.5715,339.38168,-40.64798,94.31859,79.50301,9.062986,-63.42527,3.0130258,35.893967,-29.679356,-85.399185,-5.7662277,49.39879
-1363.067,307.11108,-19.637802,77.5549,79.027725,6.014641,-60.022533,4.633271,35.1751,-38.818718,-88.00518,3.5187283,48.495625
-1366.0525,309.44388,-28.53456,82.14673,84.82457,0.79347587,-70.8384,8.930976,37.8496,-39.62374,-86.55304,-0.2486782,31.419516
-1370.7019,331.6336,-33.165825,81.80309,64.52012,-9.690366,-81.35185,13.070398,44.100822,-33.307533,-94.66032,-6.1351757,32.44715
-1344.8613,316.46106,-29.331055,69.085884,70.12657,-15.9557,-77.03435,0.685573,34.284195,-38.119766,-87.802345,-6.792841,34.755394
-1385.9752,324.32477,-39.239227,84.971306,63.78094,-2.9200315,-83.176025,-6.1359625,26.851475,-35.283825,-79.905914,-5.170415,30.16518
-1415.739,322.63666,-47.723335,81.26912,69.103424,11.52936,-75.15588,-4.213401,30.90743,-33.204094,-87.25313,-13.175287,24.134752
-1404.8252,331.52942,-52.789516,67.90254,60.08595,3.8362877,-66.811424,-6.2736287,32.737564,-24.28495,-79.91556,-14.824174,25.876629
-1405.8258,328.8164,-56.272118,47.932743,88.5907,4.712393,-67.46569,-5.7596736,24.752449,-22.529968,-72.42547,-16.015514,25.952576
-1471.1069,359.9674,-63.047318,60.067043,91.987976,-7.1081657,-79.97557,12.748914,29.063675,-25.090832,-81.47196,-26.486355,29.841118
-1416.38,329.6839,-45.037838,66.82754,68.42313,-24.519985,-83.171646,-4.2756524,35.165466,-12.911745,-74.32191,-18.722029,27.03945
-1406.72,341.38824,-62.74298,63.3489,52.353775,-6.9161644,-87.2068,-14.342482,24.762558,-21.575916,-57.30568,-2.1739626,28.963936
-1429.2239,360.158,-67.35339,46.4358,64.737854,-8.770741,-78.144806,-9.609984,12.161707,-25.585192,-60.491734,-0.79981995,30.745424
-1453.0907,351.46283,-57.64745,49.97262,69.05972,-7.494615,-68.823814,-4.2257066,17.107908,-26.657679,-64.34698,-11.360838,17.168726
-1433.0413,313.2478,-40.963203,63.071068,73.33622,3.324006,-67.99136,-16.458525,22.435337,-36.134514,-72.69875,-2.417841,17.209461
-1395.565,302.69257,-33.764893,58.910786,68.514,-0.3612938,-62.934544,-5.0587826,17.46509,-39.454952,-70.64113,-3.5806313,16.132292
-1379.2911,305.3568,-29.566647,61.511124,56.43705,-6.5506754,-60.177227,3.5600471,20.662382,-46.065247,-73.28636,-3.8849277,26.47666
-1377.957,303.76044,-36.291195,72.87141,70.83354,-9.192771,-68.99109,14.785414,24.667484,-51.1353,-83.78627,-4.299429,23.197643
-1391.9103,300.00763,-42.427536,77.91957,90.30083,3.505244,-62.40303,3.4829361,17.880217,-52.977688,-81.33188,-9.573772,21.807314
-1394.7922,302.7729,-52.5113,83.87508,91.60039,16.314949,-61.702667,7.167829,17.911766,-53.18336,-91.93284,-9.671177,22.145576
-1375.0797,292.41843,-41.173492,83.406296,89.98557,11.285616,-64.83223,-2.9222598,21.599426,-49.66408,-93.83766,-10.527073,25.109257
-1381.2217,296.4748,-49.71511,95.140686,88.46159,17.753458,-75.42567,-2.8729625,12.19935,-51.31611,-91.8023,-7.144003,31.2591
-1384.1417,315.3474,-60.62413,85.32138,85.492424,18.457504,-65.99672,1.5530157,17.00899,-44.354446,-90.846214,-15.943709,32.071827
-1404.9141,301.70898,-40.359177,90.69232,88.6453,6.957412,-65.28866,8.09576,40.00999,-36.400272,-90.72248,-24.069374,15.666577
-1403.488,316.33618,-39.83775,100.55906,93.20149,6.5316143,-67.07267,4.963877,22.078682,-51.254356,-84.196754,-10.745203,14.269562
-1399.5571,320.67908,-39.616817,100.01085,98.91811,1.3521142,-64.664246,27.791698,29.325348,-58.56348,-90.16135,-30.269367,-5.6261206
-1408.9071,311.42685,-30.295845,99.57911,104.61853,5.875218,-65.64531,23.307636,28.013298,-62.531975,-88.52473,-16.025763,1.7976723
-1395.0808,306.00098,-25.621256,84.355194,92.99785,5.638386,-59.51129,18.763458,24.516129,-52.953484,-86.55529,-11.558531,15.773678
-1376.8214,296.25726,-55.23846,95.27262,93.33705,19.648838,-71.10601,18.985744,23.813364,-50.329117,-90.888405,-9.08968,18.182837
-1400.3601,290.97153,-56.00531,96.47282,105.12659,25.715015,-75.13788,9.391092,21.357729,-51.653545,-95.431145,-7.94928,24.015486
-1392.3428,282.8078,-53.793762,94.884834,108.99092,23.603806,-77.982925,-5.7807827,21.40902,-49.917007,-97.72903,-5.8168926,37.056927
-1372.3494,282.4143,-75.267,105.27936,121.2381,19.48167,-105.25923,-7.817453,25.771532,-49.45468,-96.14649,8.276003,35.496086
-1360.0784,291.49307,-73.309105,102.81593,106.393036,1.7914553,-107.91935,-7.2437897,41.199894,-29.345673,-87.2326,1.3638029,29.075977
-1343.0786,294.4206,-72.54608,85.0742,102.72991,10.289116,-99.39263,-0.21632767,45.09263,-35.31695,-85.86613,2.5420494,25.779093
-1326.9949,280.02032,-69.529175,79.471695,123.16235,11.5787735,-96.918396,6.660761,43.78923,-48.099365,-85.43301,-14.502222,17.422699
-1353.0878,292.618,-70.550255,103.519775,104.36281,20.022629,-113.92277,9.746582,45.185562,-43.2224,-88.62722,-11.242184,25.44136
-1388.6241,303.14868,-54.097656,118.66606,99.28339,13.476579,-109.8819,4.9926744,56.01292,-24.492275,-81.995125,-13.783681,23.777897
-1376.0625,299.04956,-39.17418,125.11336,112.39831,12.041691,-96.07587,5.178129,65.6711,-22.047604,-76.01872,-13.208904,13.066254
-1426.7227,314.2948,-22.150696,133.35202,113.98115,24.167522,-97.130104,-15.789776,53.15738,-11.541836,-61.74531,-9.458513,7.225752
-1427.9144,324.12476,-16.324203,114.01338,98.16513,28.726934,-78.52081,-10.066093,30.50868,-32.044262,-36.513676,-14.043453,-0.8548374
-1496.9102,333.45514,8.071778,112.323364,80.17276,29.218737,-75.2556,-18.996536,28.360306,-18.136353,-46.171753,-26.65797,-9.758213
-1690.9484,339.63495,32.50734,103.57552,63.978058,34.1789,-56.255398,-25.419987,43.795044,-18.239868,-58.4516,-27.56295,-12.527133
-1936.478,345.84006,41.99328,32.14291,62.453506,45.595562,-42.487053,-14.018314,34.46656,-23.42327,-51.007263,-12.080816,9.024298
-2001.1511,358.951,88.13017,36.614418,45.895134,46.005157,-48.154697,-27.847769,57.78344,-44.52037,-73.18363,-8.282314,-13.067825
-2049.7837,336.07965,71.98399,65.45386,44.980366,-5.525974,-31.08301,1.9005765,-10.424792,-45.360977,-57.890514,-22.675554,26.340626
-1727.983,107.21219,29.007772,52.648876,18.305508,17.189186,2.079166,-23.648542,-7.697111,-18.391348,-38.14185,-6.9875183,-7.5016613
-1355.037,4.2869496,-25.809593,20.739016,-3.0544972,24.615057,25.68069,3.5967941,15.045259,9.306274,-6.9401803,14.681915,2.9303765
-1574.2532,175.17557,21.365046,57.290466,-0.060138702,66.18074,4.426782,-8.434232,-18.353962,-7.91794,-10.495059,25.726133,24.23579
-1048.1078,232.47095,-59.39002,49.53031,-2.945563,40.00307,-5.3773155,-44.803986,-29.284622,-43.877724,-21.069744,62.42668,39.790146
-923.752,258.82574,-85.02622,7.8434772,4.1940937,10.232178,-26.313225,-45.981422,-39.41697,-46.343628,0.44273478,52.803314,53.992836
-873.55774,256.291,-91.36795,14.68302,-10.899723,-21.657295,-50.25259,-41.89228,-54.706867,-48.74149,11.978984,46.00442,56.63751
-859.91437,233.22308,-83.49427,17.983683,-36.410522,-43.186142,-70.51577,-56.298378,-41.913612,-27.085297,5.5016,34.595425,44.12388
-846.3343,245.47665,-79.5928,22.174194,-37.860634,-39.47195,-68.4014,-41.352264,-36.251064,-38.668655,0.93597424,52.331047,39.810307
-842.3911,252.11284,-98.80418,4.850811,-34.88803,-33.463303,-60.885883,-42.262276,-26.546856,-32.876892,7.3097215,51.85711,44.50498
-876.367,284.8165,-119.063416,-5.082368,-33.137096,-41.925262,-48.373974,-35.77768,-12.247435,-17.664425,2.473463,52.9755,43.467087
-859.5131,284.6078,-132.97859,-10.463783,-36.578674,-46.349693,-49.907715,-30.903027,-13.937283,-20.433468,4.527726,52.93369,48.180965
-850.01056,280.46802,-127.36188,-15.063565,-47.986824,-52.229263,-44.64823,-27.83586,-22.5806,-22.775677,8.934905,48.92703,51.363537
-842.92053,274.8829,-123.62398,-14.40232,-53.53453,-56.408947,-37.467022,-15.7243595,-28.795189,-14.092255,21.207903,48.002174,54.454643
-869.3092,277.08734,-106.66318,-25.549797,-43.420254,-60.532215,-30.269976,-20.353281,-20.21003,-15.084795,19.137592,48.964172,47.968025
-877.1325,269.73248,-88.00931,-10.8825,-66.48828,-42.236687,-31.150253,-24.696823,-33.177143,-28.432716,22.738968,48.459038,46.88857
-874.08856,252.07745,-67.68987,-13.385864,-62.001225,-26.367847,-37.860825,-28.935303,-37.950905,-26.894527,10.608166,52.999172,50.43815
-891.7364,260.83862,-57.685966,-15.028283,-67.11968,-23.171116,-45.759468,-38.855858,-32.36843,-23.278753,0.6306409,57.018234,51.3926
-855.7768,248.22615,-65.400055,-5.806486,-69.448204,-26.472008,-46.93573,-34.67136,-27.959774,-23.75047,6.695293,49.133595,38.049732
-835.0315,249.88046,-80.2982,10.820812,-78.33923,-35.09426,-36.248768,-25.373737,-32.268253,-30.490562,26.923271,40.030167,30.15384
-844.92615,254.38948,-82.38246,28.152721,-96.43323,-41.263702,-32.41167,-17.95945,-41.97712,-34.122593,21.93051,44.67635,32.872017
-819.9809,239.37991,-74.46131,26.90261,-97.28583,-36.9523,-36.87737,-20.517784,-34.4386,-29.566074,24.682014,41.621502,32.608643
-827.2862,244.31094,-80.16411,30.590946,-94.059265,-40.508827,-43.40122,-13.965488,-26.634552,-21.983437,27.661058,41.92981,33.146645
-852.02795,250.79828,-84.5933,20.144485,-86.6733,-33.389477,-46.33204,-12.460743,-19.272623,-17.511036,25.675854,46.393574,30.51441
-847.99994,250.2828,-91.95903,4.37879,-83.96173,-11.203805,-51.752758,-15.275862,-14.801305,-23.371367,20.551208,40.76779,30.838089
-846.6987,248.9537,-96.26261,4.4448767,-85.023224,1.8247757,-53.671013,-18.352255,-17.427948,-32.490017,14.635101,47.03876,22.206825
-835.2176,234.00626,-89.30101,1.7916812,-79.858376,11.809036,-60.755905,-15.959322,-15.630805,-41.94159,11.616791,48.26573,16.987282
-791.3602,219.77065,-94.08266,-16.54357,-74.34555,20.518559,-52.091614,-27.188051,-16.422855,-49.146393,13.002751,42.36013,20.285938
-786.27734,227.89685,-110.90102,-12.108448,-73.7574,27.176151,-44.97663,-38.684425,-19.339329,-51.829388,11.332915,41.97443,21.687798
-800.94037,240.0946,-114.15202,-6.1315374,-69.98204,27.101192,-36.89285,-49.250526,-27.0209,-45.006355,7.8284917,36.681923,22.327213
-805.7004,247.68344,-115.58908,-0.12256646,-73.177505,25.362486,-42.879124,-51.378227,-25.213146,-44.951653,6.081573,36.80851,23.11013
-868.13464,271.78815,-109.488525,10.820684,-70.44486,15.473783,-45.064945,-56.989483,-27.324192,-46.013218,1.5987924,37.895718,25.61232
-928.76373,293.14685,-99.22247,-10.179432,-36.8443,-6.1918554,-52.37731,-68.18138,-25.379128,-34.928303,-12.398402,23.063671,30.00402
-1094.804,345.79068,-80.28783,-19.033478,-20.853243,20.91208,-47.990425,-63.741463,-27.725964,-40.155373,-29.870644,20.001982,39.37467
-1311.4978,355.4262,-52.638077,51.50644,-3.477497,52.176723,-26.4035,-6.3462276,-44.240135,-47.432182,-53.727837,5.1885853,45.50576
-1339.8806,361.61377,-34.081856,77.01378,-19.664791,44.522354,-37.15338,9.228703,-30.434208,-38.569748,-67.86195,-6.338394,41.48135
-1355.6881,371.81467,-33.347992,73.69793,-5.1571164,52.071575,-46.203716,-7.571215,-29.418556,-30.678337,-62.7036,5.3970346,32.922066
-1358.0778,379.87256,-58.116554,79.27694,3.5263476,63.70392,-31.373737,-15.587765,-30.180355,-42.965965,-66.86908,5.476795,24.277157
-1291.8286,309.01367,-41.088486,73.52721,35.978363,64.415344,-25.228832,-26.220135,-38.798744,-54.093094,-58.72061,1.0714664,25.823336
-1263.343,284.71353,-39.828053,62.192577,55.62068,66.18142,-7.7065125,-34.28931,-50.82653,-52.279884,-67.61099,4.08724,23.16555
-1290.6155,324.17133,-85.222824,67.56377,36.53395,97.16322,-9.558081,-25.518978,-56.36267,-68.37396,-64.12166,8.064005,26.759232
-1088.9954,271.4638,-67.300125,23.237442,12.979024,44.614925,-24.297468,-21.844563,-74.68861,-80.591,-17.483747,44.459534,45.680145
-920.98486,265.1236,-91.21489,-13.29029,-7.011305,29.000298,-54.73219,-56.438377,-63.47102,-49.21579,-19.106543,54.59481,55.982273
-803.4651,208.97606,-90.07757,-10.522104,-29.704884,-30.640959,-74.5385,-48.36392,-56.080566,-38.42805,12.542762,46.183887,42.523796
-778.78394,213.18326,-67.59721,-4.918996,-65.20974,-32.508743,-73.83853,-43.639816,-40.21173,-28.225552,24.992954,47.008045,28.055742
-740.202,222.92471,-81.51286,-19.243433,-59.54206,-29.492304,-66.65528,-47.889847,-41.711823,-11.6771965,22.21668,38.577877,31.743505
-683.0476,211.66628,-89.542046,-37.296455,-60.814117,-25.344692,-67.19458,-45.38206,-19.912796,-1.1919479,8.608235,42.290752,31.017311
-652.0174,199.02911,-93.34681,-43.14227,-54.763016,-31.791018,-72.19763,-39.10079,-6.003132,0.21645164,13.303609,37.715103,28.211025
-625.8691,193.32253,-93.34196,-49.962746,-52.541256,-32.193443,-69.670975,-33.905,-6.6635785,5.078001,17.668617,29.9998,22.246973
-627.7296,190.07645,-123.139984,-46.136726,-62.819683,-36.57109,-71.38501,-22.550762,-13.031775,13.04716,26.647015,27.546047,28.191029
-603.03357,171.63933,-121.33678,-54.62202,-52.509857,-41.087593,-74.0951,-35.294975,-15.01851,9.30298,43.704315,31.088594,22.073555
-585.1244,150.72363,-121.39377,-36.25396,-41.11241,-51.38775,-59.08579,-25.972141,-15.174361,23.708038,24.096361,44.297478,29.339981
-565.38837,143.9286,-129.04297,-42.044373,-46.79136,-53.098194,-67.859375,-24.913433,-18.095272,33.63266,32.82787,43.72432,21.834927
-532.9326,146.56886,-114.56781,-48.0953,-52.012207,-45.395863,-59.27822,-27.368916,-11.2246475,35.260277,35.613308,33.0644,12.588367
-539.24646,156.69019,-123.635864,-40.484196,-55.30832,-53.47602,-51.80375,-26.311375,-14.677421,40.88298,26.517431,34.64627,9.180133
-527.1806,159.98798,-125.298164,-49.435783,-57.01318,-49.984303,-45.13514,-14.77701,0.93636227,46.468086,22.654932,24.74453,16.47506
-501.24042,153.2862,-126.3385,-56.27301,-62.91754,-53.274208,-36.18097,-13.580239,-3.7834044,40.076393,13.408578,17.40379,10.725062
-475.77277,155.07048,-146.5761,-56.959763,-75.71165,-52.781906,-24.957283,2.4961395,7.4346647,17.655994,6.4444623,-1.8718462,20.01649
-456.29538,148.77048,-157.54413,-70.57938,-77.66776,-51.285656,-18.735462,-3.3077946,7.6483784,11.287506,8.391974,0.23091269,16.47126
-524.8017,180.27643,-145.20935,-82.13799,-76.13791,-40.13014,-31.466078,3.0126934,-10.072975,4.4942636,-5.4485254,-15.273017,12.4046955
-582.4555,203.44568,-126.83956,-80.344284,-71.76878,-36.71359,-39.044155,2.1916904,-5.512583,-9.609357,0.14396976,-34.386723,6.768836
-662.70026,231.36597,-111.3341,-76.016464,-68.57393,-34.63488,-41.499672,-3.2696037,3.231288,-12.327728,-22.930426,-45.202232,-3.1367502
-773.81226,270.31372,-94.99921,-68.95257,-51.810337,-31.09692,-49.900986,-9.671394,1.2583895,-10.131161,-23.480421,-27.303745,-16.477272
-874.8251,312.4236,-85.12581,-65.52915,-46.332245,-30.171524,-52.884254,-17.528507,14.697584,-10.286173,-32.523327,-23.636885,-14.778215
-976.2575,304.6093,-54.951904,-47.47894,-46.02186,-35.22635,-49.097275,-19.318964,9.689151,-0.6111622,-36.932926,-20.461565,-12.652671
-1266.3397,377.23175,-43.716686,-24.331392,-19.670918,-11.679288,-26.58016,7.2757807,13.741005,-21.233654,-48.689873,-12.330998,-5.8911743
-1515.4313,418.924,-15.393429,2.858643,-39.015408,-27.213171,-12.168093,22.407661,35.645367,-27.515385,-55.462852,-0.91893387,6.331908
-1659.3903,431.77255,-0.75664186,-17.74712,-28.631662,-19.25708,-3.4245691,21.186348,33.705948,-16.825848,-47.73438,5.43459,18.5938
-1725.5239,464.502,25.930634,-46.151352,-28.37639,-23.499054,4.018922,21.99309,1.1163855,-33.2055,-47.29928,22.595844,30.660568
-1759.6353,434.8808,33.36352,-45.027695,-40.169918,-38.265305,11.39839,29.550701,8.409713,-24.761654,-53.317196,2.5191164,32.09115
-1719.1282,400.09396,25.631037,-38.447495,-31.232033,-25.198965,-35.85454,42.90537,-27.012432,-19.645878,-53.544273,28.32362,43.388905
-1728.4761,401.48602,69.27397,-40.493767,-59.474384,-10.446861,-69.03433,51.83548,-10.780615,-1.4362347,-47.301727,-5.0154505,36.040497
-1772.0881,405.51935,58.12033,-18.003496,-60.63583,-3.495188,-56.043816,36.82389,-4.0638485,-28.69836,-39.78999,-21.628017,42.619377
-1795.4282,393.38586,54.47889,-19.696787,-52.074684,4.40637,-31.368526,13.492309,-0.6096792,-47.965782,-33.86,-8.096594,17.709366
-1746.5153,377.33517,31.517979,-5.4753504,-43.846615,-21.13131,-5.653469,37.930367,13.6764965,-36.556816,-30.390295,-8.7137375,43.17626
-1743.855,372.28857,64.20172,-3.999683,-53.01351,-21.933552,-11.415166,32.24888,17.26492,-22.29418,-28.742785,-22.723627,43.869614
-1782.9303,372.0639,52.662853,4.276907,-43.22899,-25.961208,-12.43841,20.787367,-8.485767,-25.315275,-30.247326,3.9906654,57.871983
-1805.582,349.731,71.11058,-14.024021,-41.622322,-10.844123,-14.111477,12.956963,-3.4785633,-12.72734,-17.965122,4.0435476,36.999718
-1806.9794,321.01862,82.01836,-13.986786,-41.27314,31.656446,-27.053314,43.940865,-15.144829,-20.382072,-48.11807,-4.28942,42.844
-1808.3331,283.7953,102.53624,-21.45125,-95.56996,23.224283,-24.818592,48.956776,-3.5717163,-8.85915,-12.696964,3.5621238,26.634407
-1799.9865,271.29108,101.51268,4.7096405,-125.56179,33.607044,-26.364271,67.4647,-0.66686773,-24.703949,-18.67633,1.0339079,15.73559
-1771.8679,246.21234,75.89731,18.73275,-98.79094,21.13891,-63.436584,59.35132,17.874096,4.0551686,-8.612925,11.7348995,22.200047
-1757.6355,234.54915,89.389786,44.460083,-94.59516,32.94505,-52.59136,71.832016,-17.911484,-8.765743,4.284138,2.795549,35.62664
-1816.5681,237.16992,79.98547,31.380304,-112.44792,40.16371,-30.929237,48.977196,16.058067,-14.725805,-1.8514712,12.997562,15.560238
-1795.6627,232.13329,69.56355,44.516468,-120.630615,24.79684,-53.60053,41.72735,7.8139114,-23.550282,-3.177631,26.61845,31.955467
-1823.041,195.53809,59.819042,60.12578,-115.60979,52.051476,-12.859375,67.56099,25.491798,-32.06153,-8.562923,14.030634,8.4086
-1775.8313,198.09467,67.955505,53.177334,-128.63899,38.418625,-19.625708,63.792244,20.486128,-48.23046,-4.9265385,27.59201,8.448824
-1821.2966,211.70084,55.913296,24.076511,-148.06332,29.97947,-23.022264,42.819355,26.569841,-40.400185,-12.841339,32.59636,17.417128
-1782.7786,193.79495,73.91917,86.38047,-124.9543,16.669556,-44.94484,52.0162,43.53978,-35.58052,2.0487287,39.089005,16.408424
-1772.7249,182.8287,45.108414,79.5618,-112.2869,31.162977,-54.897648,38.527588,59.238945,-13.526926,-3.6759706,34.200905,0.22285652
-1724.2448,142.50822,60.867157,97.66556,-47.674065,49.654472,-38.27756,58.560432,37.32939,-10.2937565,-23.50776,-4.9664803,-11.376253
-1502.0686,193.79282,21.411179,101.49875,30.845018,37.121063,-32.879948,52.48973,-27.766674,-0.5112953,5.5990868,-39.487244,-21.5172
-1318.8533,315.78784,9.555296,80.95813,4.077138,12.277862,-6.412854,-16.638344,-12.856208,-6.8515425,-37.43176,-29.609955,-11.909247
-1132.3337,358.89746,-2.0763361,29.908613,-7.49236,-8.917248,-24.193914,-24.421047,-27.29116,-22.515556,-37.69629,-19.255299,-7.133232
-994.76904,324.08997,-8.558051,8.048693,-35.9326,-9.938976,-14.789307,-42.407867,-43.075466,-18.071918,-24.166725,-7.9543304,0.9982834
-872.7594,280.20908,-26.758507,-16.620289,-50.627945,-15.423465,-17.14981,-46.1474,-48.386864,-39.023476,-44.456055,3.6268425,16.920622
-806.82574,267.10947,-32.806057,-47.3789,-65.22436,-13.6237545,-25.087934,-48.38193,-49.037136,-35.00852,-50.779137,4.9676847,26.260708
-744.14545,251.35541,-62.572212,-49.54957,-73.6904,-11.240942,-32.814682,-55.12265,-38.031082,-35.194756,-55.92166,15.399176,27.736404
-702.9447,222.33594,-55.658882,-61.94749,-77.776764,-14.111564,-35.691723,-64.736404,-22.885586,-41.73363,-57.471134,21.927868,30.476124
-693.0143,221.40079,-58.704464,-62.785072,-80.301,-13.019306,-39.921345,-66.23619,-14.612167,-41.885574,-60.91876,25.17041,34.37494
-667.8502,204.6389,-55.59169,-67.98822,-73.370865,-20.912937,-43.377777,-66.948044,-7.5847473,-49.40045,-59.32746,30.15879,33.42
-658.46985,205.90674,-70.45119,-66.73882,-68.06944,-23.28254,-52.321014,-60.64175,-7.7945566,-54.726585,-55.73502,37.80053,26.0457
-660.1803,208.03775,-70.48297,-63.523006,-65.29118,-21.328903,-54.27842,-59.914406,-9.550501,-51.732018,-54.23965,38.94935,27.955763
-681.7677,219.82303,-70.991325,-55.043983,-62.358795,-15.242916,-53.22824,-63.163963,-14.4384165,-43.186714,-50.363102,38.964867,32.46276
-709.6492,232.57724,-71.265305,-41.487,-57.579132,-5.802816,-51.67531,-67.936455,-23.399414,-34.74739,-43.059387,38.233322,40.889526
-705.56726,218.10483,-62.898067,-37.03442,-42.37713,-4.49616,-51.45656,-73.03279,-30.645178,-36.54874,-31.892382,42.014217,42.381927
-710.59717,215.74005,-65.4621,-34.055622,-36.562157,-3.50245,-55.4802,-73.97472,-36.817825,-35.66293,-19.869888,43.607876,39.907463
-702.61414,214.82202,-81.43195,-28.260826,-33.0158,-3.2604327,-65.891174,-68.55648,-40.66562,-37.88388,-13.361759,47.242554,33.10897
-685.7705,204.85088,-83.07391,-34.212677,-24.930206,-5.727646,-70.452194,-67.064095,-39.21793,-43.860493,-8.405368,45.109127,30.153774
-687.50226,205.89545,-81.313644,-33.5688,-22.905867,-1.6051188,-69.98422,-68.85414,-39.986313,-41.56349,-9.728466,43.952568,29.536322
-703.7252,212.55714,-75.93676,-33.431404,-22.444355,3.035799,-66.37072,-76.31082,-42.117577,-31.128328,-12.000711,45.75023,31.762138
-724.3703,220.4862,-71.246666,-28.298767,-24.041935,3.811926,-56.646885,-85.86731,-45.169754,-20.483253,-12.758868,42.65496,34.351257
-738.10046,223.83188,-67.145996,-27.916971,-26.457867,5.438181,-54.22048,-89.97676,-46.168694,-12.016087,-12.189332,43.838123,34.638794
-735.26465,217.4625,-61.852066,-30.67979,-27.528688,1.0916514,-47.265953,-93.12836,-44.522575,-9.660147,-12.006716,39.350243,38.25638
-739.73425,218.07037,-62.33182,-24.691662,-30.233944,2.480989,-43.447773,-93.68921,-46.64232,-5.50702,-12.608154,32.851925,38.723816
-747.9514,222.86395,-67.647385,-14.236567,-33.489265,3.4830692,-43.442825,-91.44328,-49.585144,0.5144825,-11.615035,30.449251,34.613235
-734.0702,209.23386,-61.853676,-16.594313,-28.98535,0.1320684,-39.788254,-96.55187,-46.094208,3.2121992,-5.114327,30.842476,28.97389
-745.1841,208.13037,-59.542404,-14.4900465,-31.212557,0.4215393,-33.893356,-97.81334,-49.603134,5.5987015,-8.146533,26.202602,30.694504
-754.8897,213.22273,-63.876747,-9.380909,-38.028828,0.0919776,-29.137856,-92.39349,-53.55274,6.3766727,-5.4197426,21.382275,26.21857
-765.9188,214.67877,-54.585743,-9.526072,-42.790367,2.0061035,-25.076805,-87.76883,-57.14551,7.6687703,5.261971,18.613522,17.335194
-761.92596,210.44049,-46.57351,-15.954053,-43.14656,4.902585,-23.682903,-86.23836,-57.58466,11.004064,3.2043164,18.971035,17.85017
-762.6044,212.74411,-47.587273,-20.040632,-33.860474,6.511658,-27.207933,-90.68158,-58.046627,9.605075,-2.8661427,25.788403,21.321796
-761.2354,215.89313,-57.87255,-13.736237,-35.978302,2.067954,-24.632896,-91.500656,-61.679626,7.06139,-0.55001605,24.148457,20.514023
-753.99994,210.07764,-51.482735,-18.180807,-39.24939,0.12417221,-19.831928,-91.337906,-65.2211,4.815241,-2.5806706,17.597828,25.55228
-764.2423,216.76718,-50.792637,-16.937286,-42.235947,6.184248,-21.95438,-91.709175,-66.780304,4.3047104,-6.773233,16.299828,30.245441
-766.8009,213.34357,-39.563316,-19.573675,-46.607307,8.896395,-20.836662,-94.86828,-70.2774,5.270099,-12.861507,13.876724,38.597466
-788.1146,226.29416,-39.555374,-11.856195,-52.75622,6.4872017,-18.572283,-94.463806,-75.18463,2.4958901,-11.591589,12.273319,40.525417
-806.00305,238.19144,-45.417717,-7.909727,-54.07828,-6.715646,-18.66772,-81.08655,-79.292465,-11.143263,-5.441348,11.820181,36.813686
-801.67664,235.83224,-48.367485,-25.402134,-41.803223,-8.442408,-34.196774,-72.76503,-69.34662,-20.050009,-5.991395,23.547823,35.92722
-802.08594,243.02899,-67.45421,-29.452078,-32.683586,-2.2598538,-45.953705,-70.33542,-56.471092,-28.433802,-12.910481,34.86991,37.09848
-770.9454,223.14502,-76.50532,-17.615797,-34.067642,10.622701,-50.8099,-74.46312,-42.829197,-42.363,-23.516912,53.02205,35.233456
-753.0484,216.11728,-71.62454,-19.65165,-28.513287,8.827972,-52.639763,-70.35841,-40.71341,-42.177032,-19.643856,49.481026,28.138382
-770.0404,227.96854,-68.97248,-22.642664,-23.361113,2.840384,-53.015827,-70.83301,-42.2371,-32.261623,-12.131891,43.274105,24.876656
-804.3642,239.93398,-61.53508,-26.394844,-17.45148,-0.9855337,-55.662373,-70.48175,-44.279907,-27.972393,-1.6216367,36.43326,22.72023
-823.2466,243.51236,-52.329422,-29.531658,-14.695284,0.22781181,-59.276634,-67.84125,-44.70026,-24.384212,5.5806794,33.894566,13.885082
-839.2245,252.96364,-59.215645,-26.208027,-18.402931,3.0543003,-62.375687,-67.18475,-46.5303,-21.579617,2.7611284,35.73885,11.734825
-844.27466,251.52557,-55.14672,-28.459137,-16.107342,1.3585262,-58.471344,-72.327286,-49.3431,-20.368313,-0.8700721,38.387215,13.513075
-836.68787,251.81754,-56.635117,-26.18626,-18.899012,-0.23188972,-56.370075,-73.828094,-45.652065,-17.722637,-3.89077,39.59901,10.198669
-847.7882,260.40176,-63.988068,-15.417599,-24.895025,0.91915894,-57.016926,-72.69055,-48.761368,-14.709827,-0.14578426,39.05318,7.55377
-850.8834,257.63834,-59.300728,-15.119223,-22.653845,-2.272355,-52.5091,-76.00699,-51.095837,-14.056351,-5.2157106,37.72124,15.448116
-831.68506,244.90471,-48.903008,-25.7547,-15.859772,-9.023016,-47.09278,-77.18692,-49.231125,-15.852773,-6.519671,31.681019,21.150778
-809.4468,246.99728,-58.447174,-28.32917,-27.238142,-5.908436,-51.62172,-70.30212,-44.833885,-12.58136,-12.396018,29.322845,16.975365
-807.4448,252.88878,-70.231125,-20.945913,-29.99522,-1.3047657,-57.136826,-69.191826,-45.82482,-16.767822,-11.019007,34.326904,17.572685
-797.3458,247.82198,-61.585545,-22.59341,-41.965965,1.3692856,-50.546066,-68.95932,-48.218796,-9.301866,-11.671711,28.25542,21.149025
-797.99835,247.92636,-55.827896,-29.450691,-52.311028,-3.078146,-42.10839,-65.06294,-54.446945,-1.6780167,-13.051675,18.80786,27.081953
-832.5484,271.36386,-59.96611,-22.920752,-69.10357,-4.33362,-34.29535,-60.90938,-59.14975,2.4680948,-3.709671,11.444456,20.153786
-838.6744,272.62518,-50.18998,-30.163738,-72.836136,-12.089067,-27.900627,-59.814632,-57.49069,2.352318,6.5456467,5.110709,11.064304
-821.636,270.53403,-50.48171,-30.538395,-77.29487,-13.897524,-29.160694,-56.58334,-51.299988,10.385645,5.73933,6.376705,3.8507175
-820.73413,274.47195,-50.3336,-36.28746,-77.88399,-13.745178,-32.661354,-56.21521,-47.051853,14.787239,1.42128,3.7778263,2.9653625
-819.6926,276.35382,-46.982895,-44.37371,-72.24332,-15.176439,-36.86086,-57.741768,-42.706722,17.737446,-2.585596,6.1265326,-2.1428452
-825.5273,280.61066,-48.92796,-47.595444,-69.83626,-13.69605,-42.432697,-59.147057,-35.493168,19.54081,-3.0895848,10.372807,-8.906536
-833.4036,277.4356,-44.196686,-53.623837,-66.001045,-18.571575,-39.232574,-62.128975,-31.994879,21.22438,1.3621558,9.228783,-12.989828
-856.6139,282.24332,-42.685947,-53.281593,-65.48724,-18.501606,-36.093533,-60.872574,-34.079952,22.335648,6.629262,6.5681257,-13.024277
-868.87256,281.51608,-46.40938,-49.240593,-68.62721,-16.20566,-35.497066,-57.695473,-35.77248,24.960476,10.158613,5.553048,-12.225858
-871.2123,276.87286,-48.391792,-51.55813,-65.05038,-14.549089,-34.06386,-58.39683,-33.487865,24.70694,9.177435,7.7832184,-10.442009
-859.9453,266.33337,-48.368668,-51.011406,-68.03087,-14.516161,-32.61705,-58.2595,-30.086597,25.872047,12.435868,5.352826,-11.828945
-832.9109,252.64734,-50.41986,-51.542427,-67.979675,-17.441711,-31.850344,-60.16411,-26.955452,24.926027,8.720516,8.4936695,-11.546012
-822.0374,251.50084,-55.93689,-51.764313,-66.77263,-21.25943,-33.83943,-59.877945,-22.932463,20.009747,7.304191,11.545387,-14.1385975
-822.8087,255.15735,-60.409313,-54.947865,-65.89307,-25.28172,-35.461063,-58.92248,-24.110985,16.855736,5.6462326,13.983745,-12.873282
-835.04846,263.4701,-62.794292,-56.13807,-64.24515,-25.226261,-36.4401,-58.268616,-28.50239,13.79615,6.081592,13.175701,-6.8396893
-870.85925,282.06903,-62.953293,-56.50222,-67.35246,-17.595728,-35.92124,-61.37999,-36.808525,13.312754,7.238388,6.960676,4.0264683
-884.88196,288.8898,-61.45868,-56.407143,-65.59239,-16.19438,-38.20635,-59.470093,-42.73472,4.292222,15.374609,8.524131,3.4453602
-899.11084,292.38712,-55.38681,-54.765427,-65.4468,-18.087248,-35.743633,-62.402973,-51.590515,6.0813475,26.113653,5.4159794,0.00904274
-909.1404,299.67914,-61.48977,-52.015038,-62.99836,-22.467667,-40.52247,-62.21853,-53.306274,12.703547,31.841022,2.183559,-5.9730053
-941.8275,319.29742,-78.4711,-40.091835,-62.422592,-30.26421,-52.90962,-56.883453,-46.802837,15.726306,31.45046,1.554349,-9.633743
-979.7366,321.6729,-75.95504,-31.822266,-53.53402,-51.322815,-77.978584,-43.41175,-16.682886,11.989512,18.80429,1.9196692,-7.7022686
-1039.7639,325.78613,-66.0067,-15.61205,-51.11636,-75.15485,-99.06994,-28.804913,23.122355,23.817104,-14.444082,-0.42000675,-8.48616
-1090.4814,331.96265,-76.46806,-1.076016,-46.777275,-98.45099,-109.7782,-7.9151,43.817688,27.614609,-12.546748,-26.665272,-14.660844
-1173.4263,350.07367,-58.01752,-11.142998,-42.22216,-105.427,-113.14899,-5.5264506,44.827168,18.893528,-22.994316,-27.426704,-8.030193
-1290.092,379.187,-59.588547,-0.15277863,-59.75936,-96.94325,-118.09386,-9.589704,58.50773,25.004099,-31.25393,-21.040846,-10.347618
-1730.5226,425.66272,13.11379,3.2362876,-64.12515,-130.01869,-113.414215,26.183975,79.16145,28.317272,-50.619976,-23.089016,5.16177
-1796.4971,424.24384,21.806072,-5.3745666,-15.232764,-84.16031,-125.60383,5.387317,66.996056,28.07462,-26.60356,-10.870655,4.632469
-1772.604,398.79736,-12.774542,4.191363,-71.52341,-97.23971,-139.60101,-23.99351,86.77772,3.5020924,-31.878983,-21.120195,-12.54689
-1932.871,363.31146,67.914795,52.365,-65.26532,-65.70839,-134.51768,-60.448227,71.06659,6.2715926,-38.725452,-1.0330515,26.49078
-2013.7871,423.78815,71.04399,-14.920675,-9.767216,-117.137596,-126.74331,-26.794596,34.382942,12.552227,-45.31519,-12.725508,22.979912
-2080.915,405.6026,72.91768,-8.045158,-0.60828954,-99.035385,-92.86343,-11.21467,34.568596,1.140244,-53.48151,-12.638674,31.203117
-2142.8926,376.2565,86.39228,-1.3566446,-7.6021805,-101.015305,-83.066666,22.089552,64.714386,7.2260013,-50.631626,-11.181435,12.871235
-2093.929,422.489,103.50087,-39.906624,-31.342072,-106.43636,-101.400856,-8.564119,62.02906,16.505629,-50.640705,-4.5649242,16.01007
-2119.296,385.09824,89.428345,-30.309538,-20.67409,-98.36128,-101.992905,-28.281929,36.71445,25.038357,-36.28585,-18.224468,27.926922
-2080.3022,399.36664,51.51734,-45.983315,-14.348819,-104.14834,-108.04646,3.2591715,61.997475,27.662712,-34.67497,-10.426849,9.325102
-2191.2202,381.15878,96.144424,-60.3117,-37.84259,-83.11621,-89.2833,8.950379,80.72996,40.15854,-43.966316,-29.005232,5.7779465
-2277.5127,377.6161,78.615265,-38.901337,-31.857094,-65.81315,-63.597332,1.9458566,48.34665,13.712021,-22.52717,-8.178762,7.187414
