-2322.867,230.44489,198.73436,112.10274,68.70129,33.29229,-30.109137,-28.344915,-2.3984704,6.9410305,-31.005802,-2.7214355,1.8784581
-1961.6539,309.6812,79.66141,114.65773,124.9106,-17.836498,-86.22424,-20.936314,7.2250443,-3.4448924,-25.352846,6.219153,-11.994518
-2056.3315,319.5027,157.26886,98.07295,81.44754,-16.347923,-59.712234,-0.24430847,16.711315,5.3169436,-29.80353,-8.501057,-1.3002124
-1961.758,336.39172,145.66641,98.30539,63.387543,-14.6423025,-61.510147,5.0941963,17.526228,-3.0704365,-38.146675,-15.467615,0.40437508
-1951.642,389.59726,172.14742,60.7117,50.31984,1.639473,-58.25378,14.218966,34.604786,15.708784,-44.97495,-24.108904,-6.3485117
-1995.1356,368.70166,220.9234,107.26465,54.546494,-0.7368355,-56.375885,-12.124747,30.045658,14.421919,-31.494701,-19.986902,0.082089424
-1895.6025,426.79382,199.87427,73.94318,48.905914,-7.688837,-63.454376,4.9703016,33.89572,15.058268,-32.580414,-14.617096,-19.21504
-1823.6193,422.5993,177.6658,92.17915,71.786125,-22.981113,-81.952286,5.3223352,34.420452,20.361248,-30.97873,-7.4326053,-29.973454
-1678.4404,433.53284,159.77905,85.61976,49.63405,-4.584193,-74.14021,-11.316985,14.873151,33.857212,-20.817411,-15.56171,-30.536686
-1400.9626,437.87915,80.92708,69.20976,14.040115,-8.234183,-55.921227,-3.5666068,5.2179527,-15.632517,-9.653124,-9.2458,-23.21524
-1060.9988,382.00558,36.44731,25.890564,-20.931757,-5.1959696,-34.730026,-2.4941373,-4.5125732,-27.291027,-27.869972,-11.533341,-27.197786
-866.6464,330.36032,2.7117581,-4.827546,-43.136032,-4.4734526,-15.462688,-2.946023,-10.86591,-28.912733,-14.354394,-21.804098,-26.106213
-766.29016,313.52728,-10.635815,-30.504856,-42.03714,-26.28991,-29.579962,-9.972033,-20.84875,-37.260567,-13.532302,-0.31811714,-4.153965
-640.75806,245.48576,-58.36187,-32.42069,-47.501564,-3.4834194,-43.16248,-36.04958,-37.736618,-44.92978,-7.0387907,6.393141,12.045908
-563.2301,218.02922,-79.084175,-47.689095,-51.096222,-29.15404,-61.412014,-41.34507,-36.071186,-27.968676,2.272154,19.063948,17.307495
-585.99677,250.12935,-72.80669,-44.635056,-44.918537,-34.232048,-54.033836,-34.441936,-27.613014,-16.340496,-4.7769213,4.942771,19.496456
-590.93915,248.1623,-63.041786,-31.58088,-46.67637,-31.70664,-36.504406,-21.152075,-28.36146,-16.125187,-8.178609,-4.909923,15.70682
-594.9915,249.05661,-63.050415,0.73155844,-42.866936,-41.67576,-42.48481,-21.240044,-17.852123,-5.4384384,-6.0544953,-0.487988,23.203476
-567.54114,226.53893,-48.772842,1.9532843,-37.3937,-48.154392,-46.303307,-19.073683,-16.777225,-11.381107,2.9813702,14.765469,21.048672
-584.2931,227.2252,-51.35196,12.378403,-44.599953,-42.914864,-45.815014,-30.485325,-30.23962,-5.6909714,14.18528,22.035545,17.74002
-568.4682,221.41335,-57.93139,0.93274045,-38.462444,-35.23954,-39.962986,-36.85354,-35.03656,-6.106245,20.306387,27.664595,16.739481
-595.7549,223.31697,-42.30424,0.82396317,-42.814713,-47.379498,-43.44017,-35.52401,-40.937027,-7.105112,28.057999,26.100863,14.146666
-577.8175,212.29317,-48.313904,-4.9624777,-41.912468,-50.70127,-48.630787,-32.464478,-38.43032,-14.626145,18.310673,29.477081,26.313223
-614.6862,226.06802,-45.129494,-3.359971,-46.537125,-54.99082,-52.811283,-23.119955,-31.05682,-12.525591,12.673057,22.575872,25.38998
-634.0825,229.42633,-50.09293,-6.5514927,-51.950436,-53.632668,-53.91504,-30.92015,-29.480507,-1.8083067,10.585504,11.297224,29.712673
-646.66125,228.83472,-43.000008,-8.066147,-53.74282,-53.551384,-50.38833,-30.946085,-37.25162,-0.09150505,14.3846035,5.5220757,25.810669
-656.5243,229.27553,-39.520977,-19.67513,-73.752075,-58.418762,-41.35789,-27.982147,-52.952187,-3.7801285,10.193762,7.873604,28.20336
-642.69434,223.85117,-57.01261,-39.521812,-77.09101,-42.863773,-40.016838,-35.38865,-57.973,-21.633032,5.9352484,18.61305,38.41752
-648.6402,221.74481,-74.438416,-42.349712,-68.97618,-28.226858,-40.59262,-50.96744,-55.19967,-31.868607,-4.5882616,28.901787,40.25634
-651.6474,211.06018,-69.74732,-45.609932,-74.648926,-20.114883,-34.154198,-51.336014,-63.29142,-39.151085,-12.3597,28.198763,45.869072
-647.62646,199.50903,-75.89146,-39.723007,-61.04155,-29.646774,-39.745087,-38.175804,-63.501152,-62.654556,-6.180894,25.671616,39.268616
-660.7873,198.70807,-70.60132,-11.6623,-49.21985,-13.816037,-50.762753,-31.95776,-66.05615,-56.996105,-19.554565,29.989506,39.404175
-707.17114,214.14761,-54.074215,16.896786,-36.591267,-0.4619918,-71.21522,-26.958344,-46.318687,-54.74068,-17.26843,23.144604,33.36741
-775.1879,238.98953,-58.199566,46.77989,-3.4373863,13.515423,-90.2012,-27.76878,-40.526848,-46.105114,-12.401955,22.049541,26.671026
-879.2107,274.24835,-55.67986,55.15969,33.45083,44.333313,-109.91597,-37.785564,-27.879208,-42.552483,-16.742493,36.159927,10.72277
-1003.6486,286.86243,-44.776093,61.26821,68.71765,53.70713,-97.292145,-35.486893,-39.684006,-44.059624,-14.163994,24.350212,18.843203
-1206.4515,353.87463,-40.60949,99.18872,53.70313,29.949696,-53.563972,-31.016891,-28.401653,-47.295322,-23.369019,51.718975,7.056424
-1208.0629,367.36795,-31.268085,101.77321,31.554495,29.016478,-29.231234,-20.561836,-27.369326,-59.868027,-48.020237,62.293243,-6.955633
-1213.6016,366.4287,-1.2138519,105.54582,6.7825994,16.99995,-7.737132,-19.056837,-30.338324,-69.700615,-57.250607,47.88434,-5.6763935
-1216.0969,370.91217,6.509924,89.24358,8.871771,32.105133,-0.07474327,-29.468878,-37.96295,-68.85105,-50.815697,22.778572,-11.921633
-1217.27,345.78098,8.194337,102.611145,11.060309,52.685234,13.696697,-45.994354,-42.711243,-76.69261,-63.7051,36.87338,-10.788271
-1240.0774,341.0324,-10.614409,120.51988,23.018187,60.04142,18.289165,-34.862938,-53.37845,-88.19891,-67.91037,42.037228,-3.0845337
-1267.2239,321.9695,-8.572166,134.79921,30.976873,78.201324,15.820518,-19.204525,-58.049923,-105.38141,-71.56004,49.73643,2.510357
-1255.0872,303.26093,-1.9280586,132.32458,37.48204,70.08226,7.7439885,-10.963608,-45.694817,-102.98726,-75.28131,35.20921,-2.512926
-1259.4584,321.22772,-7.1126347,134.35628,23.726847,61.209404,3.166463,-12.241544,-51.012184,-85.90553,-69.41048,21.70927,-4.109316
-1141.9014,328.4576,0.7833147,72.549416,8.763984,42.021816,-16.46535,5.015483,-66.47566,-62.729954,-48.94784,5.8622017,-2.2544518
-917.02185,268.01038,-42.84959,16.093527,16.439888,57.70672,-42.875366,-26.445614,-90.75624,-64.676544,-31.586517,25.031963,51.90422
-726.68536,230.89423,-54.16071,8.837846,-28.468008,4.6296444,-34.333984,-47.007248,-80.63865,-38.583817,-14.750421,23.875816,33.93068
-660.6013,223.34,-79.94486,-2.6645284,-42.184517,2.4528527,-37.664726,-57.192104,-65.853096,-35.837494,-17.7181,26.092617,32.055206
-569.31885,171.06242,-122.00346,-24.876255,-29.675442,-12.15232,-39.506985,-80.83001,-68.53667,-25.362644,1.2493594,29.912128,49.843327
-513.77515,148.67874,-136.1095,-26.128403,-38.43285,-30.45251,-40.444016,-66.64408,-73.15634,-24.722584,0.75939447,32.66591,38.414597
-479.94617,124.67055,-150.5737,-25.10907,-47.737885,-46.246483,-46.43366,-78.04967,-58.680088,-34.14318,5.3799095,40.607964,38.15569
-455.92255,120.53374,-151.39767,-23.428402,-56.187057,-46.91128,-48.684788,-75.259415,-50.5543,-28.537825,10.419429,35.824966,36.811073
-421.63464,117.432846,-125.97154,-10.840443,-49.51839,-44.749783,-36.534153,-80.64603,-48.68751,-28.891636,8.630756,25.726658,36.864674
-414.70065,118.16563,-139.48901,-29.187283,-35.318874,-44.693264,-38.645897,-82.136475,-36.82585,-12.351238,2.4741318,34.305325,40.804337
-415.21976,149.6326,-146.97688,-4.35023,-35.890614,-39.27238,-35.342304,-38.137024,-56.027065,-23.469782,4.630207,25.949911,32.364864
-375.41302,116.661835,-123.25258,-5.4643316,-53.808884,-40.928795,-29.820347,-57.917862,-41.56138,-30.258133,3.818959,25.13438,33.563423
-393.28802,137.1369,-143.4867,-10.926346,-45.21376,-36.622063,-25.061466,-40.98846,-50.302505,-29.3003,0.6202357,29.573227,33.69101
-428.94308,136.87683,-117.97501,-7.315722,-57.60264,-42.063515,-50.46929,-38.73297,-50.84478,-30.912992,-3.568405,25.78097,28.12973
-435.08954,127.33358,-117.308044,-21.016144,-66.82103,-42.730644,-49.154648,-39.958073,-59.897766,-46.683563,-10.245597,31.617363,25.594427
-482.29047,146.90912,-133.5874,-6.9710064,-61.965904,-48.642593,-41.399197,-51.889824,-55.28018,-45.25994,-12.953603,35.284073,27.030481
-503.87552,145.32535,-127.88955,-9.232758,-36.729507,-32.555553,-42.321396,-43.220604,-71.178116,-32.6624,-16.826426,34.220467,43.801445
-542.60547,145.11795,-141.31198,-18.682537,-15.911783,-28.938046,-44.131123,-49.350655,-80.791,-33.481934,-28.57737,35.1902,46.397633
-603.2107,156.6218,-141.46222,-22.70133,14.6933365,-8.322491,-48.569878,-35.90942,-87.60254,-37.69191,-61.241558,22.24264,48.071407
-716.22437,208.30402,-141.28065,10.445271,22.052544,6.652348,-48.649067,-26.441875,-60.20961,-39.96403,-58.450165,18.631123,37.837585
-933.62036,285.96588,-92.787346,53.34473,6.7301617,-1.7751987,-16.335459,-17.119343,-39.52073,-59.101765,-67.403275,17.33862,20.57198
-992.1044,306.49478,-60.86071,56.556767,-2.5477057,25.474447,-7.739993,-22.164654,-25.63717,-79.48239,-66.9189,10.66003,-6.9000874
-1024.0287,313.26025,-49.429802,70.8881,-0.46763152,42.177505,-14.4597645,-14.287472,-18.781445,-96.58616,-71.61968,21.14605,-5.8107824
-1066.3152,309.69742,-20.433582,101.281204,3.064602,21.958996,-27.094994,-24.077724,-2.5193539,-92.159744,-66.69435,27.887764,-6.1308365
-1085.5999,311.9369,-42.225403,118.35324,25.975124,29.11827,-18.939005,-42.7437,-11.773724,-99.34121,-71.721756,38.39283,9.037899
-1075.0508,310.72537,-47.166363,102.46294,17.681004,44.028584,-12.836426,-50.37107,-23.084421,-96.90702,-79.70114,45.061638,8.60326
-1137.5634,289.06998,-41.095478,125.38461,35.679184,50.685585,-6.8535647,-66.79768,-40.399117,-127.12932,-78.319984,65.19589,22.157822
-1143.9929,283.21576,-29.09566,128.15186,12.846697,55.913235,-4.2392826,-52.380253,-37.465225,-127.1594,-72.73841,60.353233,9.357977
-1180.2598,302.08984,-39.607693,130.10303,7.1658444,49.083855,-11.489042,-49.528515,-27.357632,-111.70165,-72.680244,45.14936,10.568481
-1221.929,308.51157,-37.50494,133.62262,4.1350813,55.039574,-13.516193,-55.81649,-35.68795,-104.911674,-69.4436,43.0951,13.903702
-1239.706,289.64178,-20.11927,129.9397,16.326635,60.463856,-20.338068,-61.282284,-32.74093,-102.8073,-71.79227,42.589493,14.343115
-1224.6141,289.4181,-3.7405143,106.91548,15.0743065,46.39453,-18.75129,-50.81038,-27.324648,-87.48262,-62.911583,35.89046,5.2609005
-1254.037,288.30792,4.1937704,111.56343,20.541279,45.66941,-10.09849,-53.42942,-29.433437,-92.67234,-63.26275,37.830956,6.53032
-1294.0435,282.65247,-16.598572,135.76096,40.90666,65.735214,-5.688944,-67.0444,-32.46406,-106.976685,-75.55186,30.985657,14.480122
-1278.0183,302.95593,-19.204117,123.86118,21.85899,54.306206,-4.8754907,-52.4029,-31.432737,-94.417404,-76.879166,30.651379,3.388834
-1307.0615,330.61725,-14.706315,122.71859,19.138039,44.679024,-19.099148,-50.999527,-26.797932,-76.07585,-63.96009,26.205076,1.7162352
-1317.2441,333.74875,-15.283983,101.65926,31.790253,54.603065,2.3696165,-54.01001,-34.9749,-81.79913,-80.13907,15.914463,6.503889
-1283.4375,327.49033,-8.119277,102.205826,11.337184,57.419212,-7.962429,-42.703453,-34.429295,-95.30742,-80.484764,23.531654,6.037425
-1228.0386,317.2187,-11.672785,100.25896,3.9697583,50.596344,-3.6556873,-55.642746,-37.28221,-97.356735,-72.31886,19.720547,-0.64782524
-1234.0569,321.9596,6.1374326,88.27381,16.714231,38.78617,-9.312642,-56.620106,-47.675854,-86.13008,-76.46468,5.9076157,1.3630295
-1245.0017,345.4095,12.343761,80.558914,12.249609,22.905495,-17.565987,-44.487797,-47.468624,-85.96193,-71.92643,-1.5311127,-3.5409431
-1243.5358,349.71954,17.625603,75.55977,2.2229595,19.332027,-18.771536,-39.322968,-46.72698,-89.52175,-69.08799,0.019096375,-12.395283
-1244.3137,356.59406,15.755932,71.93286,1.072171,7.8104267,-17.486444,-29.285618,-46.511864,-85.3681,-73.654175,-6.965473,-12.758856
-1231.927,346.39484,23.14901,66.12009,4.3339744,7.6599236,-15.058302,-32.873035,-46.789253,-81.15036,-76.66584,-13.589954,-12.39469
-1249.0791,367.2375,14.689072,57.56854,11.650808,12.338739,-17.75153,-32.392128,-57.646297,-69.20461,-70.267334,-31.598503,-3.014595
-1270.5072,374.45917,13.159686,57.884922,15.936651,13.589506,-20.197826,-36.442734,-57.85195,-69.258835,-71.7567,-29.521164,-2.4113026
-1272.106,362.4854,21.61404,56.476624,22.395166,13.906329,-17.16691,-43.89595,-63.41023,-71.43356,-68.92524,-26.304323,-1.4378929
-1296.3785,370.85785,24.111055,61.172676,29.417046,13.049035,-24.776611,-37.45119,-64.427246,-75.03524,-63.493454,-23.773735,6.194914
-1316.4517,377.70572,17.256678,65.673004,38.186333,20.697302,-22.654177,-39.832607,-69.25205,-81.40773,-64.372856,-10.458603,8.916193
-1353.8137,385.65604,16.045921,66.87622,41.840492,29.328148,-25.75998,-40.86135,-69.08688,-85.88262,-69.37492,-3.5836945,19.114166
-1367.3883,387.72296,20.495792,56.6743,35.039772,30.272629,-20.218699,-29.778227,-66.065796,-93.95662,-66.331345,9.089733,23.143665
-1420.3329,431.29202,-3.7469451,33.89429,31.990921,45.191826,-2.2839003,-29.222189,-72.261955,-71.55723,-74.15629,6.2270126,27.996086
-1445.645,430.84558,-15.629717,29.093779,20.785381,70.750336,-3.603325,-17.914862,-55.831444,-75.7293,-71.352844,14.219566,18.029566
-1478.5801,439.8089,-23.47464,22.28168,16.672335,70.25122,4.9556,-20.583067,-42.95366,-67.6125,-68.92191,16.171215,16.16599
-1469.4407,424.98035,-22.983175,23.339329,17.091816,73.188644,6.1349297,-28.00832,-35.495,-72.56169,-62.492706,16.543285,17.115543
-1441.6992,400.25635,-21.007122,32.024826,41.102592,64.6192,4.13474,-37.583534,-56.648567,-70.45167,-57.789837,18.855965,18.602585
-1403.7081,365.54578,-21.836973,63.639572,49.259903,66.1166,-1.5930133,-46.7184,-72.50719,-84.24838,-60.931087,20.570368,30.46614
-1378.8506,347.50317,-3.3825586,57.69934,53.25582,53.900032,-7.6152635,-47.37576,-75.2206,-86.146866,-53.46933,16.346882,26.395521
-1416.4939,364.1337,6.8640575,59.139378,51.889626,51.99881,-22.022306,-49.889,-68.52606,-82.705666,-49.39262,17.255775,11.202686
-1432.3752,379.9043,5.6640267,54.605232,41.656708,47.51382,-11.374224,-52.16088,-68.07291,-77.15735,-55.49419,18.135942,7.5885563
-1398.69,370.71808,-3.3779054,52.31349,32.575256,47.935104,-6.736839,-46.1748,-64.101555,-87.09763,-48.766026,6.0069656,15.349556
-1396.3287,373.0779,-2.1585758,44.632942,21.82637,40.02851,-7.554191,-35.478058,-54.14454,-86.76591,-70.12712,17.52678,17.767883
-1400.4033,385.7485,-17.911297,42.45743,18.104954,30.757221,-9.605238,-20.443367,-60.72648,-87.59691,-71.67755,19.55663,15.22719
-1357.5653,377.75568,-42.40679,46.320595,3.8351636,40.942932,-9.691021,-10.931345,-66.635895,-94.77205,-78.61357,21.082092,24.63592
-1301.4741,348.20645,-38.312057,20.997185,15.214501,23.932636,4.888522,-9.769781,-66.20816,-100.34922,-78.12946,19.505783,29.122444
-1307.914,346.65527,-48.682228,38.268482,1.1985149,16.463402,5.9178734,-23.397398,-55.246765,-99.11392,-87.53532,16.557285,26.41252
-1281.1404,312.12173,-58.929108,65.59069,13.443792,13.291767,-29.92921,-53.72162,-51.43355,-94.51953,-94.43742,2.5285988,19.30476
-1496.287,356.16376,-68.00849,79.29853,-0.81900096,19.967907,-23.21503,-64.8931,-51.68892,-102.79495,-104.48812,10.8113365,26.769463
-1675.3387,368.1883,-26.81705,42.53158,39.905853,18.205278,-55.785545,-37.579887,-80.42721,-92.83512,-91.11662,26.759758,53.503212
-1640.6577,278.7282,-23.68202,7.148698,5.370757,46.136944,-65.51088,-16.660192,-90.26065,-82.61172,-47.90696,44.8459,34.394863
-1738.0125,305.2973,-14.584779,9.738464,-0.90023994,-3.2311602,-97.11796,-18.739162,-48.685307,-48.639988,-21.21838,25.794819,10.559929
-1627.5253,213.12343,29.599218,-35.891876,-41.505787,71.46545,-108.89453,7.055065,-52.951385,-40.416992,-24.042515,18.4811,-9.193472
-1868.397,297.31418,79.05809,-15.542038,-41.728157,41.561657,-100.08629,-15.490093,-67.37179,-56.94498,-17.794302,14.115917,12.645372
-2083.7456,368.29352,78.10533,-0.46654797,7.674716,-20.27619,-39.98664,-36.55693,-58.60341,-83.59697,-45.745815,23.514767,26.927927
-2107.9316,349.21494,80.544,18.815481,38.4244,-11.557321,-31.402424,-45.633556,-64.35448,-75.70442,-65.54531,6.535038,24.862206
-2105.5764,328.78278,66.462326,14.752007,13.464816,-2.1540804,-37.074585,-52.400818,-55.59112,-72.19452,-74.54303,1.9924011,32.434612
-2115.0667,290.54462,27.597097,-17.456888,-40.795425,-29.261826,-21.416668,-50.06998,-42.506386,-26.244564,-45.419537,4.1579103,-3.0816517
-1249.2433,186.306,-87.874756,-89.827866,-18.81863,8.381183,-110.22529,15.1774025,-60.781666,17.566566,-9.71344,41.44629,-2.9991112
-1198.5173,265.0876,-73.397446,-63.57328,-15.034731,-45.198074,-85.59515,-32.989155,-43.831703,8.366938,48.04704,39.742523,21.25933
-1118.8081,272.1062,-120.58009,-42.794163,-27.097435,-40.87602,-87.54779,-38.63214,-39.81767,13.365826,39.532997,59.45798,16.198097
-1004.99274,239.80104,-117.8388,-3.0682883,-22.84021,-64.711754,-49.607574,-59.811523,-76.1136,33.471504,33.72002,45.93615,32.27821
-938.4422,221.86682,-114.16552,10.787151,-20.96555,-49.134216,-43.96163,-68.3212,-89.08855,14.669243,54.964237,40.494568,45.043957
-891.41064,208.86624,-97.67789,16.806404,-18.623817,-54.46857,-47.48895,-71.79985,-70.273315,15.409639,54.201153,27.514788,37.848743
-889.4813,221.10257,-105.51224,32.54893,-14.254516,-68.88829,-50.24145,-62.722836,-66.03733,12.087454,45.73797,24.208399,42.44551
-851.7633,216.08195,-91.01181,19.291166,-36.065704,-67.33972,-45.31875,-50.331024,-63.477516,0.07684612,37.11219,23.504646,28.587591
-826.6272,222.54431,-89.75572,11.454758,-37.18786,-68.36932,-59.775826,-45.700146,-61.664528,-11.269915,34.141964,31.353384,19.362617
-815.9828,230.15025,-83.103134,5.7205997,-41.850235,-71.44458,-61.59188,-39.70336,-49.50109,-18.357574,23.289988,37.65764,21.26738
-803.17053,223.6218,-62.381287,12.149746,-44.69184,-79.02705,-71.003716,-41.216133,-37.73459,-16.434435,20.206308,39.95749,16.206278
-764.2123,207.87015,-60.63526,11.142411,-53.262794,-74.66117,-77.66739,-40.96698,-39.47221,-13.033921,20.830162,37.206913,14.348979
-738.31464,204.14496,-56.804993,-2.3619065,-68.16537,-64.18293,-80.88289,-52.88272,-32.819897,-4.378313,12.824778,33.043846,23.343773
-718.7514,206.14609,-66.29434,-30.35158,-68.87254,-53.632034,-77.4335,-63.392128,-43.333946,-3.2351923,14.323964,29.798828,28.457464
-690.3829,189.60806,-85.97516,-46.21825,-75.726616,-52.79299,-69.343414,-71.97812,-53.71305,-13.684931,14.045086,40.188408,28.207504
-672.39087,171.5852,-103.5868,-48.238514,-70.80869,-42.384712,-70.44516,-74.53311,-59.298973,-24.812195,8.469098,52.878433,37.405144
-696.85876,176.25885,-105.06757,-54.504208,-47.251434,-22.806751,-83.295006,-80.54732,-56.190716,-25.497429,16.298834,62.360832,37.198994
-653.81647,158.15489,-107.63693,-56.715225,-51.010483,-34.392998,-75.80534,-76.03993,-51.01294,-22.172216,19.495214,57.61135,33.553703
-609.8419,116.89014,-138.46817,-70.84613,-50.836197,-43.20804,-95.36563,-75.51396,-53.035652,-45.608505,18.196297,64.35382,46.380875
-640.653,135.17058,-124.96484,-58.593246,-43.469994,-30.929499,-88.610275,-74.88975,-56.744385,-44.460464,15.158698,62.132668,54.8425
-695.6957,175.07721,-89.414734,-56.259094,-47.887688,-16.752996,-67.55972,-76.070526,-51.61635,-33.97292,10.048585,55.20297,47.096222
-685.0645,177.65533,-88.97525,-59.400826,-45.831543,-19.278511,-71.1282,-70.63641,-47.886784,-31.846596,-1.3957188,63.27858,41.37707
-640.5082,151.23198,-104.82915,-68.543884,-50.445953,-34.17639,-78.99791,-66.651726,-48.98941,-42.657417,0.115421675,65.957954,38.49253
-656.7556,161.02142,-107.70126,-68.97068,-54.749016,-38.7937,-66.982445,-77.0612,-58.611946,-35.56225,0.131045,57.926704,51.10972
-727.52246,196.66377,-90.95851,-51.537674,-68.20084,-38.143295,-49.49635,-77.68191,-76.28958,-22.545502,12.323351,43.83541,44.70085
-771.5129,208.09154,-76.05331,-43.216896,-60.14991,-35.603878,-59.076702,-77.75516,-72.22949,-15.091126,14.419552,38.66131,40.271255
-805.62225,224.99152,-76.5867,-43.691185,-57.129692,-23.94429,-62.59126,-86.94264,-66.86204,-26.03711,16.706259,46.839264,39.937836
-755.3544,191.95468,-80.10039,-61.61126,-51.490986,-17.858696,-63.34431,-90.29029,-69.09061,-36.97981,10.408775,52.403248,49.83577
-693.36334,169.42618,-96.59741,-57.498974,-44.11112,-19.987654,-68.25546,-77.371445,-65.43438,-45.24387,10.290731,58.58241,46.828484
-690.1016,166.13443,-106.24643,-56.439144,-50.77411,-27.334726,-69.75018,-76.81296,-68.00732,-44.04255,12.50155,56.280235,48.05372
-671.1698,146.3313,-111.779305,-58.76709,-50.497116,-37.780434,-76.66467,-75.2269,-68.93172,-47.92455,19.879553,50.24699,48.06026
-704.8157,168.31622,-115.860825,-41.480183,-50.895615,-34.00853,-73.69801,-77.05038,-64.84345,-41.75854,20.25585,54.411175,43.935326
-755.3334,191.65189,-89.48496,-27.53946,-52.723305,-27.503902,-70.75516,-76.16797,-55.904224,-20.969193,33.438175,50.637344,32.83298
-681.4557,162.213,-108.16072,-46.804745,-56.57616,-39.718575,-82.21349,-62.641895,-61.27282,-16.732914,31.167269,47.06589,35.49198
-612.1563,107.96892,-153.00403,-58.78795,-54.455524,-49.739372,-98.20674,-78.957756,-74.66877,-29.435837,25.550333,58.897507,49.11866
-672.59814,157.4761,-124.78328,-42.353973,-46.79019,-38.456734,-81.72917,-62.24169,-68.75276,-11.099064,28.817055,45.742176,46.97821
-674.3277,157.35172,-136.03738,-37.522434,-41.781757,-56.8724,-72.42064,-58.980846,-80.548325,-6.6854477,36.809597,43.07527,49.867313
-666.78107,150.34529,-122.53224,-49.158943,-44.978043,-45.294617,-75.13871,-54.266273,-69.76195,-11.541391,37.13599,46.048058,51.323414
-661.97125,152.1238,-137.5322,-46.15365,-48.086582,-57.29254,-67.194664,-54.852394,-66.96974,-10.322163,39.148815,43.96262,51.634094
-627.06775,139.02975,-145.70297,-55.690742,-43.533165,-58.611843,-68.43721,-56.513702,-68.743004,-13.103687,22.781208,48.202618,57.731148
-662.57043,168.69731,-138.4975,-50.023262,-41.05755,-51.61359,-62.524456,-53.360725,-66.35219,-19.276886,20.496965,42.899147,53.43476
-714.44775,189.8483,-102.9906,-36.95798,-47.281647,-38.691315,-54.92607,-58.967804,-58.41237,-23.878168,21.1663,38.957626,32.892242
-759.214,199.7321,-92.83888,-22.582947,-47.222954,-28.350584,-50.6195,-68.303444,-66.064445,-33.64219,17.54278,40.7109,38.77105
-740.182,179.82288,-111.19864,-29.959656,-38.31506,-36.07551,-70.22965,-69.53255,-72.40461,-40.712006,34.225418,47.91893,42.43686
-727.802,157.86601,-101.332596,-36.948147,-52.23214,-47.577225,-65.532745,-75.78985,-71.76257,-22.986359,32.895363,49.010742,38.23473
-713.92285,147.39505,-100.39986,-41.701607,-58.503643,-52.78827,-62.102104,-78.38768,-72.272,-21.101128,29.020908,51.82206,43.044323
-687.0603,133.61156,-114.59326,-45.012543,-51.739353,-54.57569,-69.67501,-77.786316,-71.3849,-29.37742,28.092955,54.226753,49.21694
-668.97375,136.78955,-131.8985,-41.857372,-34.12326,-60.564514,-73.35106,-70.36971,-82.9596,-23.467789,23.609589,52.172623,58.612907
-717.59607,176.61426,-125.79683,-35.803,-26.397327,-62.147297,-62.877594,-73.04875,-79.62712,-26.643711,28.680052,47.9985,52.73082
-805.97064,233.99542,-124.86098,-18.331142,-20.125584,-64.83496,-56.498043,-70.14758,-76.93656,-22.863022,31.125889,49.96244,41.88198
-807.91077,235.27454,-127.52138,-10.108424,-17.222607,-69.33652,-57.52541,-64.37575,-69.350624,-31.663809,35.731125,45.29957,48.65004
-825.1454,241.49101,-130.65686,-9.019551,-19.032606,-62.432007,-63.43235,-59.382454,-70.99571,-26.00369,36.556866,44.69127,56.262856
-853.18933,257.25012,-131.33167,-4.7465296,-18.34795,-64.06845,-60.758293,-61.275154,-63.35989,-18.21926,34.681625,53.195053,45.01968
-844.8417,246.4721,-125.14986,-12.033853,-20.739054,-59.10154,-74.51494,-62.69728,-59.577442,-27.896868,39.39876,58.19661,39.335476
-844.7643,240.6175,-116.460976,-18.274939,-17.396545,-52.37954,-72.20495,-63.625965,-60.853504,-31.741707,36.007107,65.544945,35.51518
-868.5875,257.47147,-126.13277,-18.352974,-14.223497,-51.08858,-75.30523,-57.37676,-66.5894,-29.784557,35.003574,60.93401,34.490376
-853.0122,242.58194,-116.5594,-31.349663,-6.0410213,-56.97928,-71.913864,-59.694138,-70.30602,-39.8668,45.205185,52.05358,36.54277
-868.90607,248.93802,-118.510284,-34.076176,-17.48055,-50.92715,-76.15892,-59.18975,-75.946365,-45.55799,41.26382,54.055748,38.361973
-888.62646,249.60742,-112.41351,-25.052963,-19.40021,-51.57282,-79.22256,-60.16052,-78.191925,-39.913097,31.688381,59.849888,37.56528
-907.4364,248.86032,-104.41253,-2.5099,-37.080757,-48.814266,-80.4165,-68.91583,-68.1595,-32.90602,28.200134,59.021164,41.211266
-955.8157,236.83182,-65.65025,17.940264,-49.939133,-56.716198,-90.13844,-66.21727,-45.38075,-35.119507,28.630121,55.232376,33.123203
-1090.7941,293.66647,-60.219322,-2.697597,-62.38403,-20.74413,-57.898354,-85.58767,-43.212265,-30.282707,26.79752,57.391434,33.284233
-1026.0077,248.96387,-37.66783,10.237907,-63.092476,-38.866646,-74.1277,-67.05911,-44.93,-40.786972,16.447052,62.571304,37.411064
-1030.7452,265.3905,-40.514122,9.768009,-56.648632,-26.631428,-60.104286,-56.5427,-50.010864,-53.87131,30.759949,71.984344,12.598484
-1059.1377,278.11383,-61.858017,8.511672,-65.264946,23.304047,-38.008606,-63.425175,-46.26044,-52.97941,19.23757,54.62461,29.772442
-1053.8433,291.91632,-63.25257,-19.074146,-85.47344,59.608093,-59.57303,-60.900707,-29.776684,-43.60296,10.758428,62.90056,28.239735
-1092.5792,309.90097,-77.529205,-8.18272,-87.795,70.11383,-39.681225,-74.01282,-29.133442,-46.60956,2.447069,70.36708,23.46286
-1058.8661,295.03366,-75.48614,4.405099,-60.642258,12.419748,-15.662802,-79.84113,-39.978184,-33.568275,15.10418,55.15596,33.30576
-1083.6255,314.51343,-92.88219,-21.5568,-77.27893,86.139694,-58.443195,-80.087326,-2.108715,-56.189873,4.053944,77.23469,21.82346
-1058.023,302.51932,-107.276215,7.6628356,-84.84502,43.713287,-37.731354,-50.670017,-38.111485,-37.168938,12.602199,57.85659,24.46001
-1042.8395,314.32938,-121.62836,-24.745281,-73.19403,63.43657,-53.876846,-41.18742,-26.117874,-32.570427,3.3899148,51.259315,23.539661
-979.3578,276.2464,-89.43051,-42.605473,-55.224697,26.159744,-28.10047,-65.146255,-32.01067,-24.84589,0.21968691,27.280994,40.113216
-966.05273,281.82306,-109.08056,-57.902405,-44.052162,40.303116,-30.08517,-63.315674,-26.823112,-35.84017,4.4823976,20.241335,52.145866
-941.1195,275.38232,-116.43739,-42.520164,-31.38509,-12.846355,-44.195312,-32.8422,-73.67154,-32.127373,14.643916,13.773664,50.069824
-1010.2378,319.98337,-136.73923,-61.497284,-8.8487,6.1430864,-47.793427,-43.59216,-51.600643,-38.63127,-4.805038,18.605816,53.57687
-989.2649,295.52954,-119.45705,-58.072487,-9.921234,-10.228238,-46.912365,-39.843906,-62.32087,-29.827587,-19.942085,32.93686,50.19451
-1295.8519,414.2647,-86.070816,-101.07324,9.585971,9.827338,-69.95622,-18.329865,-39.94774,-51.65467,-10.681918,35.69729,43.110558
-1512.8059,366.40616,-18.627352,-92.75409,6.6456823,31.667616,-50.14022,4.1350336,-33.569527,-31.709377,-21.556723,34.712254,35.94565
-1549.1453,257.65445,21.40318,-12.944202,-44.926052,45.04031,-63.996727,-15.059226,-18.440174,-25.815525,-9.897519,53.562206,24.952724
-1382.7854,146.13483,8.4758625,-4.600157,-86.27191,55.458878,-38.203667,3.4771633,-24.533985,-48.135517,-7.0590153,51.025043,23.950813
-1253.7239,31.382523,40.596756,48.69496,-113.85733,66.97473,-36.25045,-2.3489494,-25.376314,-28.214691,-16.569891,45.999557,17.25212
-1172.1602,-0.053892136,51.852104,26.335197,-101.74413,50.864315,-39.11827,-25.684795,-30.143408,-21.426409,-37.441013,46.61786,12.90827
-1129.0105,-33.756588,28.180891,35.28477,-115.16507,85.5766,11.1401825,15.337238,-39.59362,-37.40873,-25.933876,23.754831,8.629389
-1120.1743,52.416336,34.910088,-24.114693,-141.40295,42.84858,-1.835815,27.882584,-31.942314,-48.89411,-8.426066,40.35856,13.5474
-926.8877,37.91402,14.432095,-4.476548,-141.0362,70.07185,18.207611,40.870987,-59.487236,-73.21082,-9.639135,28.639969,23.051168
-1040.2926,64.50935,54.6056,-66.41194,-126.25245,70.35955,4.7601595,17.670696,-25.783752,-55.148163,-19.214067,37.33249,24.354847
-1176.6431,43.136314,24.284151,-54.358505,-135.71075,87.19861,19.896126,38.315094,-40.41125,-59.44234,-4.46017,35.349697,23.497654
-1133.6428,99.601204,-12.077961,-98.79805,-122.72144,76.29329,24.999756,22.348175,-76.42616,-72.62413,7.266866,39.36538,32.655396
-1119.7407,93.904236,14.283865,-94.56803,-144.37537,58.851936,9.524686,48.40659,-46.94967,-60.100037,-9.902343,12.497736,31.785347
-1235.5825,81.64946,44.851864,-21.678703,-95.033646,56.997894,12.599901,3.0990534,-52.290382,-31.954508,10.524234,18.734655,22.495476
-1284.7638,43.428146,6.361606,-19.342113,-77.559364,80.93671,6.3831644,-10.266865,-28.291952,8.709583,14.322571,10.198753,5.9492054
-1372.7135,85.50362,-32.37255,-1.134589,-32.749615,116.61247,-10.673502,-45.817085,-54.936714,0.087843895,-0.38165992,17.168709,2.571844
-1284.4258,235.18411,-94.59196,42.102867,47.66236,158.38864,-61.510605,-84.12309,-26.817837,11.453822,0.25345933,6.430379,-25.079723
-1201.9976,278.10074,-129.91556,53.4591,135.4241,124.8867,-88.68968,-120.98832,-17.254152,-6.6335325,21.283195,5.0712595,-48.455704
-1076.2194,215.86409,-158.98825,89.617325,166.89856,111.171844,-75.31015,-103.790565,-44.31534,-23.839996,-0.018521685,10.283531,-49.483727
-1021.04315,203.0189,-163.8825,104.66081,177.992,90.02416,-65.96479,-97.4778,-37.861828,-37.94692,-1.959701,4.575737,-63.376255
-1014.32935,186.4457,-169.47562,98.153595,190.28226,117.28501,-82.77968,-83.1055,-30.65869,-59.18385,-13.504914,22.434284,-80.611664
-1036.2085,200.80368,-162.14522,100.450165,181.1654,82.75246,-61.14634,-72.109184,-43.47362,-57.83916,-14.034178,3.4799347,-59.935993
-1091.2744,209.64969,-156.14868,113.03306,176.4047,77.409744,-54.417793,-72.63319,-46.97292,-61.33337,-18.620274,9.719082,-73.76164
-1134.8558,232.92168,-156.01918,124.05555,168.45883,70.91277,-72.24634,-73.55496,-42.09473,-43.99051,-9.849949,9.414703,-75.915634
-1221.5204,284.92505,-180.20566,112.84209,178.3997,87.267105,-77.26154,-86.35379,-17.927147,-50.616547,-16.11825,37.719193,-76.89088
-1227.012,286.11438,-206.75986,130.94615,171.11378,104.85295,-93.97743,-76.86836,-12.645245,-43.72326,-15.304754,53.548424,-73.119354
-1152.9788,241.35757,-197.09415,138.62033,189.3945,104.086426,-102.001144,-53.64231,-15.840202,-40.656296,-10.388607,17.420532,-67.15682
-1034.6145,208.04257,-182.99777,142.33713,183.55771,68.053055,-73.96454,-50.510387,-20.216755,-31.46284,-7.6175957,-8.23181,-59.14388
-1083.4375,185.7773,-178.06534,140.1094,220.2792,85.11009,-85.929184,-45.332306,-8.512257,-32.07705,-9.990702,1.9851437,-58.874508
-1042.2914,197.20792,-186.89021,151.16449,191.95062,54.163063,-60.26506,-39.662315,-20.60617,-31.46101,-13.88821,-5.268111,-52.597626
-1044.7977,195.16974,-203.56625,137.2578,196.2396,62.575676,-66.64619,-70.94658,-12.716341,-21.73388,-20.416061,16.680622,-59.706924
-1116.6832,232.349,-244.57025,182.72943,180.54713,91.980156,-63.743206,-92.79927,14.358639,-33.255573,-30.42218,10.693413,-64.214615
-1076.0634,226.16447,-223.16199,181.60715,167.67928,90.255615,-68.94589,-106.27295,19.349304,-35.49025,-34.71098,10.803438,-56.916946
-983.3593,166.98534,-187.97195,170.17026,161.8513,111.18645,-79.16277,-91.57002,-1.7203999,-26.34444,-40.47628,-9.684734,-54.351334
-991.8925,188.17174,-205.74892,172.94278,149.98242,99.42543,-63.12481,-120.28101,16.027575,-20.545006,-43.253098,17.236954,-61.03868
-993.95465,175.71935,-201.94156,185.6177,135.27443,114.74042,-80.486664,-126.40689,5.8639393,-20.393784,-48.725845,15.117928,-62.337265
-974.16895,172.44505,-191.77676,169.508,128.33499,106.36004,-62.911354,-128.33023,7.3454475,-26.545996,-46.2616,6.974909,-51.400166
-924.95386,162.00122,-185.16096,178.57156,117.650604,99.61241,-59.076996,-112.89466,-8.180939,-25.059872,-38.80187,5.6427565,-55.449795
-929.13306,167.25098,-177.9043,175.6367,110.67886,109.52295,-59.30852,-134.67453,-11.565144,-30.336891,-33.882874,8.911251,-45.09968
-881.2805,164.34387,-149.40819,159.23451,85.85962,89.7864,-72.96684,-100.70879,-10.725338,-37.22054,-54.30334,-1.1230812,-36.188686
-879.356,191.20212,-124.291016,131.5231,43.816093,64.11607,-82.14676,-77.54674,18.554653,-48.813316,-64.55428,-8.883703,-36.03246
-898.98315,199.8626,-100.03662,118.42676,43.561665,41.56433,-109.945045,-69.98435,17.139507,-66.2522,-54.3715,-0.76359177,-18.846966
-1034.0719,289.44476,-105.94664,105.52649,22.492874,22.432245,-87.69948,-58.180992,5.393588,-73.69162,-56.542206,7.073536,15.124011
-1123.7429,334.57413,-79.70557,30.273895,13.894865,-7.4862785,-83.198715,-16.68689,-14.801975,-69.59942,-61.430344,4.153862,36.82821
-1122.4138,352.23065,-55.532578,-8.331574,-25.041311,-31.116795,-63.107975,-12.270344,-26.762209,-80.0509,-60.49341,14.755585,27.320158
-1112.93,347.73627,-71.1859,-5.0214624,-35.57097,-54.01318,-71.38024,-17.331789,-34.137993,-55.55645,-43.29197,11.438646,16.812511
-1151.7341,341.97064,-80.10379,36.788685,-28.59245,-93.65384,-102.7019,-13.216146,2.360426,-27.832489,-41.370377,24.033188,19.015162
-1145.7827,333.0055,-85.78644,59.89115,-36.967026,-96.549545,-109.8768,-27.788435,28.7575,-8.0207615,-41.626453,15.773462,7.2631607
-1243.3746,368.451,-89.10853,70.31238,-37.604393,-120.48082,-113.14919,-17.245281,49.25218,15.853004,-57.417133,1.4343677,0.59259415
-1316.4219,396.3498,-86.34151,74.62724,-50.361336,-128.73526,-110.52637,-19.726131,52.219093,34.683563,-55.088425,-6.843774,-2.3226128
-1271.8092,386.62228,-64.43004,79.69585,-62.06387,-127.38507,-111.382996,-31.580242,40.39583,30.220541,-38.202156,-11.9813175,-11.138502
-1208.4497,347.20605,-29.845806,65.76991,-80.33624,-116.29314,-92.85634,-50.6998,32.645943,26.254602,-28.699205,-1.2573395,-4.105344
-1156.7797,335.09055,-23.616093,31.825022,-84.9028,-93.38965,-80.54921,-57.22071,-2.4123607,15.043543,-0.7144424,13.891226,14.451139
-1232.5394,362.0926,-10.77326,66.33443,-83.38174,-89.038994,-87.2708,-55.244987,21.24168,22.878815,-8.068278,6.804139,-4.676407
-1270.9504,361.27686,-4.3103504,62.437263,-64.55966,-87.786415,-104.66029,-61.325623,28.327682,36.979416,-10.065939,10.086329,3.7168388
-1503.7551,446.20493,-21.61662,60.328426,-34.424904,-77.35716,-119.164474,-76.85734,72.65367,43.99804,-39.993633,28.774055,0.55366135
-1648.2379,458.36633,0.25798512,16.295551,-18.97064,-29.103197,-81.93472,-60.379642,35.661762,35.023872,-37.139374,8.611173,13.0849
-1719.6008,467.0374,-20.139591,5.877443,-6.376686,-59.08774,-81.97878,-72.50079,18.835474,25.739975,-35.10191,8.190826,15.366209
-1720.9608,462.8695,-5.4475613,5.9262443,-5.580605,-43.728333,-73.97992,-83.99568,32.41011,44.7815,-45.3183,2.8241177,23.27427
-1619.8843,445.41705,39.218884,25.200035,-16.961903,-65.54138,-74.56622,-68.346886,22.17215,44.174606,-22.316797,18.032938,13.045981
-1200.1464,319.40952,-7.780745,10.825041,-33.195473,-54.017567,-77.470314,-55.763817,-22.988873,21.919683,40.875244,39.134285,7.4916906
-1003.5912,267.50775,-33.802692,-5.2100534,-44.349586,-52.09704,-65.252716,-68.299164,-52.169075,23.845299,73.49865,54.119484,-10.114433
-868.1105,242.58119,-47.852432,-38.05228,-70.657486,-49.060993,-47.447838,-69.46099,-58.34516,23.80209,72.04887,43.200375,-17.716303
-769.02783,231.98804,-63.68791,-48.92314,-66.24348,-34.62449,-54.355118,-70.15524,-52.38689,17.450232,64.93715,43.420013,-15.456837
-727.23456,232.25706,-71.918495,-49.958134,-58.580612,-34.607998,-56.153336,-66.769745,-53.52504,16.790146,63.47785,45.819576,-15.492544
-695.8832,226.70404,-77.841415,-56.594482,-65.036415,-33.455902,-50.924206,-68.87877,-52.419975,10.657637,51.47867,50.53055,-2.6557064
-708.6294,226.39024,-74.5909,-56.945293,-75.020706,-39.15651,-43.80553,-68.46652,-60.94917,8.802246,47.931374,47.68342,8.561245
-707.9103,221.11165,-69.967255,-60.299244,-98.73976,-44.27308,-36.012302,-75.63376,-66.539825,5.1454144,36.744408,41.745804,10.450764
-654.97534,194.09198,-78.81024,-73.38025,-87.23263,-30.724327,-47.915607,-90.96669,-62.68751,-10.282572,20.309402,42.53704,30.58366
-658.7215,201.3251,-71.519615,-72.502014,-91.01698,-35.2416,-49.810913,-87.45299,-62.40417,-4.9669094,33.56754,39.29795,13.107319
-595.6982,187.30225,-97.87357,-90.50897,-87.62703,-34.14439,-66.26307,-78.52692,-48.299606,-13.418247,24.118177,40.533886,20.908424
-574.54065,183.98956,-105.5305,-72.57427,-68.22891,-31.015024,-67.30879,-73.410095,-47.76405,-10.409744,28.337347,32.397324,23.210506
-575.0231,189.88629,-99.1189,-69.26238,-73.07083,-46.829697,-69.66458,-57.039566,-42.488453,6.531852,40.852985,19.56913,-9.928219
-556.271,192.46094,-116.14818,-69.61809,-72.33504,-57.060925,-73.88852,-39.226734,-42.71136,13.323154,44.153008,12.037966,-13.16331
-516.63684,174.6177,-120.82024,-73.56043,-70.900055,-65.016655,-70.337135,-31.920399,-42.685444,19.739365,39.649002,13.95385,-7.723339
-522.4313,177.24109,-115.38646,-69.310486,-57.190163,-69.54353,-68.68782,-32.138256,-31.255108,29.137398,40.099003,11.40413,-14.010433
-555.9944,192.95074,-111.98682,-68.1489,-53.955452,-71.83723,-73.22156,-30.911587,-24.079096,35.99814,48.29633,-2.0786762,-12.165098
-632.12384,216.70645,-109.04091,-69.90195,-63.745716,-67.831406,-74.49655,-30.072256,-11.131153,39.623653,51.862614,-15.604487,-24.412724
-662.704,196.19672,-102.48299,-67.59233,-78.664154,-76.54307,-60.567123,-33.658012,0.20846558,51.845886,36.879616,-15.733156,-34.8516
-677.11945,193.66583,-93.175186,-63.965073,-84.4272,-72.96801,-48.90909,-46.033485,-7.993726,62.5692,38.754116,-21.007917,-38.030457
-732.42737,207.62646,-80.04585,-50.035374,-82.16352,-68.780075,-48.97254,-53.072655,-24.900188,60.72653,45.043747,-19.29543,-27.824902
-822.97784,239.6082,-71.49777,-24.59376,-71.848946,-77.77426,-57.445225,-42.117332,-28.691818,33.303226,41.092728,-4.4452143,-32.025776
-941.8888,271.8905,-48.78473,8.010975,-68.85022,-101.04762,-70.719666,-32.809586,-6.8618116,27.29565,-5.1570373,2.0555248,-19.562038
-1036.3793,318.5168,-44.361366,-17.206656,-77.14748,-88.52521,-72.114876,-27.074467,3.0158205,12.10795,-3.4866557,-4.926935,-24.24216
-1146.748,333.11823,-26.04119,-3.7994576,-66.06895,-87.32675,-67.2573,-15.46468,-19.704481,-19.539333,-8.309787,8.593245,5.8451977
-1498.6913,376.88043,4.411626,33.080772,-59.48481,-113.27139,-131.11435,-13.002875,17.52266,18.914307,1.7073412,2.895814,3.376933
-1747.5221,411.83197,51.177605,23.399052,-99.044876,-113.01493,-134.77734,-27.681068,52.093033,18.487185,-7.997666,-18.543295,-8.872438
-1906.6827,428.75146,60.71775,17.976944,-42.82934,-139.52301,-95.20488,-20.448322,55.60067,37.0551,-42.581226,-24.71125,-6.1677856
-1955.2163,438.65533,42.39267,7.608304,-8.113844,-133.80838,-117.04782,-15.830469,51.450085,28.508121,-33.93409,-23.844501,-7.569153
-1960.344,442.96826,44.995132,-5.0334206,-26.278965,-152.23775,-118.20002,-13.120993,44.436127,22.27333,-31.139656,-12.604645,-6.7855816
-2004.8577,421.14877,26.813501,-1.8077698,-11.2659645,-160.61792,-128.37482,-12.524567,43.016964,21.988586,-38.276737,-22.021088,0.41841507
-2073.4849,393.5357,28.867071,-29.36708,-48.386963,-154.88066,-123.258415,-33.15689,31.53302,23.093456,-38.10573,-23.00439,-0.8199539
-2055.3567,403.25757,48.899796,-25.03762,-27.492985,-149.47423,-116.97305,-1.6825885,45.76872,13.2460985,-16.74384,-0.49591255,4.632435
-2027.7916,413.58844,73.19148,-22.35445,-20.5565,-124.70043,-128.01003,-33.49428,42.643414,43.489227,-18.864285,-14.354982,12.622318
-2085.7515,380.19452,73.49407,-24.781475,-16.012573,-102.17868,-117.36864,-24.90267,50.134907,40.808853,-20.826853,3.575941,8.941189
-2105.5098,382.5929,73.96874,-22.826447,-9.96591,-109.3744,-122.990234,-22.506351,60.42756,34.31665,-35.354134,-13.482157,1.1663418
-2094.467,384.99048,78.57909,-17.740065,-4.68028,-123.66114,-132.0455,-5.922361,56.286377,32.662483,-13.965281,-2.786477,1.2482967
-2068.4084,397.07666,71.16946,-16.387897,5.7995663,-104.90406,-116.460464,-23.059017,34.20894,11.44282,-1.198953,20.95901,8.580784
-1713.0958,319.0146,27.697395,-15.769714,29.722206,-84.6991,-78.09778,-3.954743,-0.9532629,16.009026,21.652206,37.983887,-3.4902506
-1655.7451,363.27393,68.37666,77.63245,-9.953562,-62.756973,-101.18131,20.714754,36.132515,17.22892,-32.368904,-10.234663,17.84613
-1614.5071,376.88376,66.14919,54.845467,21.60758,-26.689632,-128.66493,6.1585655,27.271843,13.574678,-18.846884,-17.801353,-9.20485
-1512.4285,382.61768,29.14399,30.55587,0.5941197,-1.0613174,-45.866966,-27.867607,9.81245,6.7742777,-19.510527,-2.558689,-5.909815
-1575.7385,413.77637,20.329643,55.2665,11.482163,-9.499194,-29.757715,-31.64245,-1.1304417,1.6461496,-34.33583,-5.914201,-3.598763
-1652.0049,391.5363,61.07984,85.69639,30.631527,-26.294182,-61.018433,-18.745949,26.540949,5.9451313,-61.775967,-4.594137,-1.2185307
-1722.3176,378.08722,104.15485,119.35191,16.197407,-47.784767,-97.84023,-23.569252,52.065674,39.085262,-80.36389,-13.84369,13.039703
-1742.7695,367.18628,130.86526,116.27883,17.96292,-53.52033,-100.879,-21.308401,15.999244,44.169624,-71.28312,-0.21030617,24.121521
-1640.7678,357.15997,95.19859,97.367744,27.071205,-17.739393,-73.81133,-30.353502,-15.015757,23.512554,-45.235874,7.7208753,7.040573
-1684.8864,355.06354,125.46277,129.14903,8.827701,-43.136013,-102.6089,-18.326426,29.794104,42.272835,-76.00694,-7.54459,20.642183
-1700.2891,330.1667,119.03393,151.08466,16.529388,-40.312134,-110.9769,-19.273327,29.694992,61.03638,-77.794716,-6.1275215,27.379211
-1611.855,335.9992,89.68704,113.60011,20.647621,-29.71821,-86.105576,-32.6258,11.899466,43.67684,-41.027874,8.401548,16.344564
-1539.7656,353.88776,62.33753,80.13429,0.69973874,-26.526884,-54.101532,-26.005394,-10.192982,45.203957,-43.356213,12.377863,13.353001
-1621.1726,335.33246,107.729904,128.38556,7.402689,-40.014275,-96.91864,-38.6911,29.76426,59.9442,-66.44835,9.307772,19.04914
-1667.3987,343.20712,116.65617,143.02452,23.852352,-69.370636,-96.30675,-38.458252,50.289726,74.98246,-71.02249,-10.052353,33.936157
-1626.0936,356.6764,103.57791,125.93291,9.505089,-68.49636,-104.68118,-46.28425,43.896736,88.33227,-67.2912,-0.64294434,34.274086
-1594.3503,355.79755,91.20771,117.832375,2.4468942,-65.70596,-109.295586,-49.207424,48.54613,84.23512,-64.70708,-0.06090927,21.10934
-1531.6394,336.1859,80.00342,130.29495,-0.8248081,-58.347767,-119.44433,-58.454792,51.86663,60.066277,-42.98466,3.4106617,3.2891827
-1481.0278,341.69366,46.061264,115.327484,-11.224993,-48.531353,-115.19992,-54.788002,27.576641,61.892586,-21.126432,0.9524994,-5.0229683
-1388.6515,341.6919,3.3340974,66.766266,-16.892025,-24.974869,-65.22641,-37.179466,-11.56311,7.5802116,-28.091925,9.172949,11.644867
-1416.7748,351.5465,-7.518853,78.02289,-0.37701344,-26.782776,-65.687065,-48.674923,-17.116032,4.051756,-28.520344,7.566615,1.6835065
-1557.2523,333.70343,26.247738,124.59517,4.347704,-66.104385,-112.87001,-47.80278,34.246513,23.905869,-46.80126,17.008389,-14.060509
-1570.2549,336.7657,-9.960851,109.84917,-2.3782287,-66.034386,-123.3957,-32.31691,67.602905,21.113842,-31.423363,16.096096,-11.686827
-1643.3076,333.38092,33.77112,68.36876,-7.9780207,-61.580402,-126.01361,-26.930458,73.46039,19.229258,-15.875949,3.3031673,-16.796938
-1661.7225,309.55103,95.87404,102.598335,-51.736633,-73.366776,-94.5329,-3.407703,49.654,8.935583,-24.3293,-0.3276887,-15.142433
-1666.1936,216.51337,104.877174,120.10993,-62.736916,-33.570015,-77.691765,23.051859,34.894608,12.069723,-23.628939,-16.474483,8.099409
-1537.5625,84.607315,101.42336,165.3598,-59.141945,0.4143629,-47.512886,43.689056,23.688915,0.113423884,-33.931194,1.1853211,5.1282034
-1404.9321,39.991634,88.44516,167.68094,-67.36641,-10.3193035,-40.312897,45.81064,5.058946,-5.216778,-19.164648,19.989511,12.1306
-1295.6204,4.0674148,105.00032,155.84625,-97.446655,-15.40931,-25.34288,72.298485,55.570343,5.550686,-36.700058,18.604656,-4.611267
-1258.6182,-58.39913,94.19052,115.72972,-116.78201,-9.754234,-16.012644,72.383644,54.442787,13.697618,-41.173534,6.709777,-1.252306
-1253.0916,-72.717896,65.770004,116.143814,-112.70529,-19.14084,-29.696392,47.649452,31.384062,3.9114065,-23.790665,13.734138,-28.250307
-1282.7024,-55.567535,116.80693,108.891464,-109.28305,-7.1877217,-22.605415,28.946123,20.77232,4.0589037,-40.033978,-6.837241,-18.399654
-1288.5206,-61.58893,163.66025,77.72007,-125.519806,-29.585947,-47.672928,49.18113,28.743092,12.429083,-48.791824,-16.995863,-16.554337
-1329.6399,-52.707947,111.07202,100.37183,-99.8866,-37.575054,-34.372307,46.677998,27.85645,18.94793,-42.08428,-17.281288,-12.383882
-1355.2515,-63.06689,114.885666,95.11851,-109.905464,-25.207966,-32.561367,63.800777,23.265827,20.205296,-24.571108,-5.6242547,2.9438124
-1389.8685,-33.64579,102.671036,77.312386,-98.39918,-12.36668,-59.307953,40.13813,19.149338,8.9767685,-47.40083,5.9482274,-1.0040426
-1407.5437,-29.93068,92.90018,53.936043,-86.56604,-5.097538,-40.88918,49.999077,53.82615,33.910847,-14.234386,-0.024803162,-11.996193
-1412.2842,-43.842445,97.335526,70.317856,-54.422104,24.25807,-38.87064,55.741898,67.47493,39.586014,-21.13019,7.180334,-9.555607
-1374.0726,-9.766372,74.07078,81.88403,-60.206757,-11.47061,-69.67757,29.45149,62.045235,24.213463,-27.093164,-3.0437536,-4.79595
-1463.548,-13.985715,48.225952,107.24437,-33.84188,-0.51522744,-57.215065,10.636431,67.48506,16.917639,-45.93341,-7.622484,-11.9801655
-1413.8795,77.142105,57.85544,76.56677,-54.02016,-53.03454,-75.351425,5.7941904,59.579514,35.657585,-28.873178,-14.972372,-12.58976
-1371.7262,170.02182,18.930649,46.694946,-69.029274,-93.84659,-67.193,16.130447,87.56081,40.76007,-6.4736466,7.091612,-12.591282
-1349.5076,324.40915,-24.253437,27.028694,-67.57449,-112.09683,-93.6286,25.076889,70.27907,26.731453,1.2070142,3.784749,-14.104914
-1262.451,317.05225,-26.579678,25.658834,-64.453026,-131.4214,-102.83719,-2.8212175,50.768852,54.24192,31.034,-1.000185,-6.868452
-1155.1874,293.6832,-42.88836,8.742533,-77.769966,-116.41957,-98.60216,-2.2451997,45.502136,38.90808,31.098728,5.8299904,-4.3932285
-1137.6075,305.66577,-40.60678,1.4388795,-78.41678,-110.08583,-88.41049,10.433735,41.629906,31.423523,22.487457,-0.09780407,-7.2101746
-1206.9417,334.25497,-39.591305,8.643843,-80.59424,-116.48516,-95.189095,10.22495,50.143097,27.970173,10.31413,-1.2634401,-3.2891502
-1237.8182,353.14435,-45.65541,25.752144,-78.1597,-111.73215,-101.78789,4.106162,53.276535,28.713015,-2.9161303,-2.477934,-2.7111874
-1225.424,351.02002,-18.1751,9.909676,-71.31654,-114.394,-91.539696,-2.9329824,39.99534,21.365826,1.9611704,4.6068516,0.6328888
-1288.2749,383.48035,-6.7597823,33.995365,-74.35413,-136.81403,-110.124435,-13.149791,50.664677,28.667557,-13.726951,6.639038,-4.3787117
-1205.6553,377.24622,-24.666573,-6.030478,-79.470795,-91.09331,-95.43033,-35.37968,18.290413,19.216572,-6.451875,20.522366,-2.7850695
-1174.8464,375.31128,-50.231285,13.390579,-74.71374,-101.78052,-95.33502,-15.380273,14.038368,25.314392,-2.7073226,15.031261,-12.606407
-1065.6682,344.76297,-57.96752,-4.5357337,-67.65222,-99.48384,-87.36501,-7.608428,5.064495,23.46726,16.200026,3.398201,-23.269295
-1027.6979,306.3051,-63.480476,21.478682,-55.17161,-121.20596,-93.485214,12.343458,32.72689,32.21711,-5.5404778,-2.4492168,-13.43207
-1048.0205,309.3549,-70.34502,36.461933,-26.621944,-136.85693,-123.23307,16.575674,51.868073,29.176888,-15.001192,-18.612316,-9.961754
-1003.6772,285.28186,-77.49171,46.012863,-35.914215,-129.3161,-119.564156,32.3419,45.708824,29.018177,-28.000774,-4.378598,-4.816292
-1055.9836,301.73383,-68.612404,53.76963,-37.083313,-128.29865,-141.56076,42.604584,75.64053,34.56809,-49.032093,-10.412678,-6.935627
-1120.0487,325.90787,-62.232063,38.55349,-42.97476,-114.26906,-164.09552,58.937767,110.19321,12.241087,-64.79742,-9.7057705,-8.164761
-1122.8839,329.98444,-75.83622,42.26006,-17.35076,-120.79881,-120.79059,22.627499,77.73186,10.837822,-69.747475,0.640049,-6.4583817
-1146.1433,357.4494,-78.52782,34.9068,-24.486176,-118.07789,-122.95994,17.58023,102.644135,8.078316,-59.144447,-23.571373,-4.769024
-1256.9661,402.0628,-83.210846,13.593313,-17.288324,-114.49904,-99.22597,8.708347,99.32098,16.338428,-103.044106,-13.521721,4.4024124
-1213.2566,383.14172,-56.577576,13.212237,-36.24302,-95.28245,-86.73803,25.987474,36.789238,-9.213018,-58.3135,-32.04721,6.5311527
-1255.8961,413.17697,-50.359947,-6.4322777,-45.84168,-65.61487,-118.53644,25.640575,45.630493,-36.629093,-91.46671,-26.978596,28.174103
-1098.9524,361.51846,-88.05441,-16.114971,-32.550434,-63.754673,-79.328995,0.11118889,16.531012,-44.78277,-71.22282,-25.497314,36.47962
-1063.5039,329.7932,-97.61795,-3.0642595,-22.812832,-60.38957,-49.261635,-1.1990852,-2.1853619,-70.70654,-83.04956,-7.1345444,47.998947
-1082.1393,346.37958,-109.170135,-15.402464,7.839793,-28.872358,-68.97976,-10.868914,-22.65644,-77.145195,-61.3125,2.5202713,31.396423
-1207.4226,391.89386,-119.9624,-9.435242,20.606712,25.308348,-112.50719,-45.43509,-29.654905,-65.50266,-47.668583,40.181435,8.859438
-1169.8435,340.85858,-131.02927,16.436592,56.75886,38.747185,-88.349304,-74.09625,-39.08246,-46.569565,-35.05337,18.943405,-4.2216415
-1082.7227,288.94885,-166.32156,49.688797,89.29359,52.296173,-65.85101,-109.15356,-32.00474,-42.48561,-20.90943,13.426133,-17.695293
-979.2721,198.88408,-170.10135,83.898026,123.33114,64.80577,-60.762306,-96.72097,-44.98647,-44.37575,-33.93251,11.043926,-34.177906
-937.8796,183.51074,-171.15363,107.93187,123.861694,44.229073,-58.86812,-70.256004,-84.888016,-24.551714,-32.39372,7.7438183,-14.835838
-989.5404,184.08481,-162.33215,123.89384,134.4419,37.97708,-59.272507,-56.188972,-58.28768,-12.364355,-13.3865185,-3.7166972,-31.276037
-1041.9453,209.94897,-170.66452,116.36158,127.278244,44.966656,-79.24028,-35.692154,-33.724224,5.766223,-0.56415075,-5.352975,-56.721867
-1071.7017,217.18939,-175.08871,121.53808,139.28445,30.156502,-61.378204,-51.24202,-31.34462,-3.1900048,2.7643409,3.590125,-42.474533
-1204.4968,244.34773,-192.01988,135.68849,159.76645,39.33447,-60.277657,-55.891216,-20.918362,-13.101307,-8.28358,4.8151283,-40.395164
-1340.8113,272.27106,-225.05472,149.6188,168.80576,74.58801,-72.00044,-30.92864,-25.0152,10.896105,-32.61246,-4.413165,-57.69854
-1386.0588,276.10062,-219.33644,105.92287,155.66818,85.71005,-73.541534,-20.73943,-20.62743,12.387451,-1.1641523,11.314022,-37.738106
-1413.9797,271.52936,-183.1725,112.59485,133.90854,84.347626,-74.84068,-24.144073,-13.163411,25.195347,-3.726445,21.360317,-40.207333
-1405.7705,302.67303,-147.76956,111.066315,114.77108,89.316124,-68.44161,-35.296677,-15.501423,20.428085,-12.532174,7.99201,-39.652237
-1462.5442,300.9936,-124.112595,125.4781,121.944916,76.01274,-63.71046,-27.759525,-8.062403,32.819313,-10.652429,0.8906679,-45.311577
-1448.7546,304.91248,-128.32787,126.752,125.686874,83.756836,-45.521294,-26.892513,-29.568121,27.193523,-1.1870667,3.959238,-37.244965
-1485.8876,325.87592,-113.6819,115.50919,130.82785,65.695175,-43.823112,-32.59713,-13.750826,31.778343,7.584124,16.08873,-43.031845
-1516.0709,354.72247,-109.3936,118.643326,134.60123,41.63025,-27.885574,-39.94723,-9.150555,19.586386,-10.8271,4.84725,-52.79455
-1521.3469,306.81854,-97.58987,133.11784,147.33362,75.26129,-50.318237,-33.54589,-33.6911,27.819765,-12.325036,10.0162945,-35.729614
-1497.7498,312.60452,-102.2375,136.10918,133.11084,59.898617,-46.645752,-29.080334,-30.620556,18.122267,-12.25428,13.287987,-36.595387
-1503.1174,296.52094,-113.8464,134.20886,142.48553,57.22863,-46.94793,-35.877495,-31.614452,26.81615,-2.57348,9.819211,-34.68793
-1490.1041,283.23926,-124.177444,155.33675,146.76797,72.28177,-53.494186,-29.434563,-42.464325,12.966759,-15.279109,16.159718,-33.875534
-1449.4952,276.19275,-123.558914,142.74344,153.93121,76.10411,-22.950556,-29.441793,-47.126366,13.141899,-20.997915,-1.9972572,-48.972404
-1444.7954,266.53458,-127.96251,145.8117,151.76096,73.75373,-21.137024,-31.74329,-42.6698,16.772688,-17.655973,15.013193,-44.558136
-1433.9949,271.4311,-107.499954,142.26888,156.01343,61.100437,-34.275547,-48.62951,-38.89394,15.930296,-18.677546,22.222685,-51.010853
-1431.2836,269.58185,-122.32271,158.07967,143.4852,57.782032,-31.603588,-45.665768,-38.667107,21.20633,-11.7177515,23.759346,-44.825935
-1448.9326,255.43182,-137.67763,154.36737,139.19516,71.45648,-20.491648,-34.530907,-36.41229,23.993187,-11.314093,25.660305,-42.863163
-1471.894,252.75957,-134.78699,152.05551,141.9397,73.90338,-10.265108,-55.117363,-36.26702,22.920597,-12.358095,23.505169,-35.85981
-1501.4824,242.03337,-129.92856,145.84395,146.15617,80.5906,-8.501664,-40.716904,-21.815186,18.48587,-23.779877,22.497147,-38.971493
-1506.3472,246.4321,-125.79083,151.05347,127.43483,75.58874,-12.407209,-35.6492,-18.998398,12.023434,-33.014004,11.593224,-36.977066
-1495.1224,243.88443,-109.44078,158.05737,127.84238,55.9403,-20.794643,-61.44104,-12.218568,22.208878,-20.145414,19.818336,-40.782013
-1472.2705,243.70044,-119.5466,157.24261,122.14021,72.21921,-19.162788,-63.64426,-20.462284,22.427732,-31.480482,25.882242,-38.842854
-1419.4395,227.98813,-121.5784,159.79051,119.510574,76.55314,-8.867785,-69.772316,-33.51314,18.002922,-29.469381,15.786629,-38.972485
-1415.8901,244.81744,-125.61769,146.11319,128.09378,77.74668,-15.712513,-72.19228,-34.006165,15.078859,-30.969774,18.189516,-45.226784
-1385.0593,233.61388,-137.86919,156.45221,142.38611,89.27953,-14.356506,-87.81556,-35.229843,-0.98440456,-23.469522,27.761127,-51.79538
-1326.9968,232.49277,-138.25061,159.3028,131.08978,104.872025,-16.061008,-84.70277,-50.887135,-3.2890186,-32.47633,23.04939,-55.739452
-1293.4727,229.47696,-141.46808,175.34637,135.75612,108.62697,-16.668533,-103.36359,-49.058235,-12.318615,-18.525698,17.905563,-59.637367
-1264.1643,234.9514,-135.18903,167.17038,129.09747,125.948746,-12.937901,-108.56418,-54.348465,-18.785107,-33.730793,17.896194,-65.69083
-1221.5237,231.99368,-134.43793,146.77141,130.07439,118.382744,1.4147892,-96.592316,-46.949535,-33.710243,-42.08326,-8.726465,-68.91646
-1124.1144,234.27194,-101.41533,122.23323,87.41795,84.36341,-19.386524,-102.61759,-30.507679,-14.586613,-26.960964,-9.978264,-67.394165
-1075.237,226.6204,-94.048676,105.6496,79.247894,86.42538,-48.48871,-98.27896,-31.879578,-14.953975,-24.861305,12.918843,-66.04942
-1133.7942,226.22522,-124.97534,146.00546,70.5417,107.13924,-60.064045,-113.66129,-32.512424,-8.109072,-23.915611,45.208313,-64.730606
-1120.3167,236.88663,-124.50253,134.57965,37.812763,82.602066,-63.64083,-107.60295,-13.734177,-24.338192,-13.609011,54.993748,-53.786522
-1114.7314,245.75066,-108.7312,135.2771,8.362799,63.336826,-61.040573,-116.740524,-23.536182,-35.405594,-17.97191,52.24019,-35.887577
-1115.5747,267.70148,-87.78188,121.03713,-18.06987,9.253353,-50.054092,-79.97325,-15.926764,-69.477234,-38.392315,27.27954,-8.728987
-1146.731,285.4408,-88.37097,135.18434,-70.149506,-0.28974676,-57.422333,-49.017197,-0.69912624,-64.3994,-71.80895,27.163418,-6.9767885
-1205.2432,293.90283,-92.66261,91.799164,-62.734882,-23.747803,-63.95775,-3.3688107,-8.615202,-20.805868,-82.44853,29.033823,-1.046082
-1214.6931,347.66595,-76.838425,56.53542,-38.861115,-68.449844,-52.575493,-3.0621824,-12.825701,-6.4749074,-86.63452,15.865015,13.223879
-1150.6808,337.6957,-48.73692,49.043625,-56.782745,-66.84161,-59.68696,-26.948767,13.647554,-36.0104,-43.253777,9.842229,2.532617
-1181.3945,341.7995,-31.744263,61.485577,-61.177475,-86.01155,-79.45324,-28.437807,31.786205,-0.28597927,-44.223003,8.843738,-13.925235
-1324.0405,384.0099,-35.525833,77.34511,-39.84819,-100.08766,-97.89116,-23.534054,29.549728,41.35856,-50.376156,0.35292625,-7.719715
-1497.9727,411.94788,-33.29899,97.176384,-17.599874,-132.47409,-94.11261,-22.421034,46.05227,56.09124,-59.39499,23.676985,-17.499826
-1595.0741,420.8051,-15.480498,96.38495,-3.2483814,-112.69798,-82.90515,-26.314697,29.300152,31.811533,-34.331,12.524801,-7.980442
-1641.3052,424.23218,-3.5930064,77.04613,12.852692,-91.319336,-94.91878,-40.06594,13.587666,29.58459,-25.613716,6.8602896,-2.4098601
-1694.9663,406.2008,15.077404,70.151184,5.53559,-83.533516,-83.77225,-34.891945,7.483987,32.26168,-29.880945,3.4057531,-2.796313
-1742.5482,397.92603,14.744251,76.58969,5.8077393,-57.439182,-72.724304,-52.05282,12.269558,24.18732,1.5037348,2.5568428,-18.020588
-1715.0798,396.15533,22.221704,95.11863,-4.6974974,-76.61219,-84.64813,-35.54792,37.17466,20.195683,-24.140776,-8.258975,-1.51124
-1679.8442,436.96277,11.041785,101.01348,-1.2411184,-101.22092,-80.30171,-38.989433,36.1556,22.75108,-32.081795,5.3488035,-2.9368706
-1593.6927,439.60272,15.695015,92.83154,7.2396336,-107.14684,-84.33558,-56.13826,40.904644,25.398766,-45.116135,3.689435,-10.797709
-1459.0381,412.5236,12.580001,83.01414,1.9015018,-70.916046,-91.896484,-39.59716,10.6307,6.282938,-27.899864,-6.1436424,-4.1328516
-1522.3401,457.4296,3.7271328,74.921936,32.196407,-82.82623,-107.071,-42.927795,41.022713,10.166249,-37.47008,-9.808854,-18.076002
-1606.2615,494.60938,16.022217,55.62221,32.048347,-77.21019,-123.94798,-48.192387,77.17652,12.649553,-43.84247,-19.999186,-20.052803
-1518.6313,454.00055,31.067831,34.896873,11.658247,-59.335777,-121.22464,-40.825344,65.99219,29.310942,-39.133743,-32.671654,-14.73727
-1436.3206,426.16443,32.23158,14.048521,4.592335,-48.593784,-105.0002,-35.297855,54.81353,17.37564,-41.575474,-19.709602,-5.650984
-1439.7183,437.92017,18.986227,16.099985,-3.0847206,-49.23489,-105.83795,-25.260357,44.225693,16.057121,-40.125847,-13.692165,-3.453682
-1402.7725,423.98682,9.420985,24.015211,-7.5789695,-59.501953,-95.65083,-9.3009205,27.616802,2.2590628,-38.39289,-10.48191,3.1886244
-1402.8542,429.867,-7.775054,31.505774,-7.409634,-51.15017,-109.00719,-6.647287,31.50206,4.1108737,-31.080183,-7.864739,-1.8445244
-1373.6904,412.68585,-5.341339,20.196205,-2.791965,-56.964928,-105.12021,-0.37403297,30.855692,8.703846,-26.006004,-9.631905,1.3620663
-1372.0632,401.28748,6.2201242,6.586685,1.6964636,-61.01313,-93.32248,0.2088108,21.267416,15.584327,-21.84695,-5.7539587,5.8452945
-1401.5215,405.38776,9.25556,25.609348,-13.763582,-62.744843,-87.28267,-0.5983391,21.273865,13.438637,-24.368263,7.9714165,6.4790564
-1432.4045,402.07278,13.287621,42.881546,-4.896369,-59.562912,-107.6692,11.110382,17.843208,9.852146,-18.438251,8.534657,14.637403
-1472.0205,403.74408,23.768806,54.712288,-9.1844845,-48.356,-111.35701,6.1745605,22.238571,9.70087,-17.75655,9.513833,7.4799485
-1523.8755,390.31927,48.452835,64.78589,4.388033,-52.22572,-114.744545,-3.9634228,33.269634,20.127213,-32.41101,15.0083275,6.707592
-1508.8875,372.93036,45.81846,64.12287,2.6037798,-42.70015,-89.25032,-2.245592,12.860724,4.4069157,-20.582443,10.699912,5.465909
-1562.196,399.64478,30.733505,62.237198,8.019247,-28.488098,-64.238556,-19.53211,-13.729789,12.123854,-24.359016,14.113699,3.1234274
-1602.3293,403.11542,37.976364,72.49182,14.846408,-23.889416,-54.050137,-31.384491,-16.941433,6.9238257,-20.444073,13.218136,-2.0521398
-1658.1982,399.0644,62.927765,86.95834,24.37853,-22.055435,-68.89679,-33.47999,-5.3261867,-3.158331,-20.843315,17.263273,-5.4956117
-1674.1531,398.97284,68.35415,95.72418,29.620026,-25.135353,-71.04167,-28.180552,4.450143,-5.7256308,-32.577343,16.197826,-1.2415383
-1621.3257,387.3022,76.87545,83.3203,24.468143,-33.249256,-50.228065,-15.600737,-0.9378567,-13.02462,-31.26771,15.596676,-16.500444
-1625.3625,412.42755,65.77648,75.66742,15.421634,-28.276823,-42.359802,-7.3662767,-8.150562,-19.387917,-27.798977,3.2373362,-10.250313
-1566.0028,398.29004,65.51393,67.06136,11.385207,-29.932755,-34.456024,-13.832633,-4.9063993,-7.052962,-33.702633,-8.841894,-13.4703865
-1561.5491,402.89337,62.282906,76.46387,7.8214197,-32.67304,-44.02542,-14.9525585,-2.4398718,3.045557,-33.056496,-16.035889,-25.435715
-1557.7847,403.27533,66.42,69.20474,-3.100049,-26.043732,-40.263,-21.326797,-4.0251417,1.9257183,-33.937725,-8.0939,-12.9876375
-1568.7772,404.12048,63.753662,62.007225,2.6937141,-14.584839,-55.080765,-19.824999,12.39459,-1.3503127,-46.29238,4.3991895,-11.865549
-1583.6677,405.99323,55.53589,54.146767,2.8462863,-6.0757647,-55.973045,-9.826888,2.7080355,-4.9643483,-48.530285,7.11338,-2.5876555
-1599.6963,403.11932,54.527695,35.67147,21.027668,-15.398493,-43.89823,-17.151829,4.813555,-10.521698,-43.343296,9.984974,-0.632288
-1665.136,406.55798,56.93891,66.81531,24.983568,-19.742138,-41.531044,-36.25453,-8.151067,8.954263,-28.698936,14.491572,-4.9190083
-1703.5051,387.87393,79.01944,86.70426,35.981693,-27.813114,-72.98476,-25.742668,-9.915817,22.018898,-20.49935,13.690231,-0.23966074
-1738.5675,395.82666,82.88082,86.49804,48.289566,-41.920444,-87.37905,-16.391632,9.316966,11.228172,-17.118002,17.767635,-16.23703
-1750.6016,388.23547,91.90497,88.80185,46.12526,-50.029194,-98.40495,-2.9724312,9.479847,18.919136,-11.6348095,7.1488047,-19.621456
-1800.8905,384.19543,109.251595,96.95442,53.201202,-76.150856,-105.401505,0.24342823,23.34658,41.81711,-41.770664,4.941324,-6.2107935
-1876.5636,402.38818,131.07526,88.74496,48.752678,-64.924355,-118.37007,-9.681631,47.17124,50.279972,-63.035275,17.354588,9.405762
-1879.3751,397.27423,137.47821,78.94487,51.374275,-52.580643,-121.25882,0.5775871,33.543667,49.926388,-49.34806,0.99788284,15.976921
-1809.6376,369.8259,121.89377,107.31415,52.8418,-61.756367,-111.800705,-3.6500912,8.727543,52.73406,-28.952536,-3.7224617,1.5261765
-1736.586,383.85138,81.65671,68.03064,45.006973,-2.8597097,-83.84337,-32.496742,-12.031041,17.084076,-10.231841,16.034233,8.302482
-1694.6696,391.21802,69.83737,50.696594,25.026169,4.2861276,-56.575134,-39.266956,-13.806387,10.067221,-9.966773,10.027246,-4.5425754
-1682.013,391.36664,68.866516,53.19014,14.160969,5.9993153,-43.04982,-32.534225,-26.620564,6.3417635,-9.825183,4.7543516,-8.367101
-1669.2356,406.27985,55.85589,50.29483,13.703974,10.44651,-42.775345,-18.984156,-28.011673,-11.483081,-14.465424,1.6056681,-4.0172663
-1656.0491,395.93994,74.10327,49.34147,5.5468817,9.712493,-31.84154,-13.537516,-34.03225,-15.931669,-22.142021,1.0884285,-7.247175
-1640.3015,385.8114,88.41135,59.170486,-0.7925191,3.5311532,-20.08722,-6.018914,-30.708015,-35.71485,-24.732119,-4.9336634,-9.845001
-1646.9045,393.70752,84.92236,74.92409,2.5887322,-2.6600084,-18.18015,-0.19114494,-28.605434,-35.61061,-45.606346,-12.249105,-4.998126
-1642.6885,403.27887,90.88759,80.54019,4.2539573,-0.8684261,-27.386082,-0.6556797,-22.10487,-26.941156,-49.842213,-20.385107,-18.24459
-1623.6035,413.5173,82.6978,84.59581,10.702984,-6.500113,-27.39977,-9.701924,-23.014294,-26.511688,-42.974483,-25.59616,-26.285137
-1613.6355,404.2657,95.28645,80.63242,16.270145,0.55096793,-34.27264,-19.91299,-20.670145,-16.222694,-39.584415,-38.059284,-25.742113
-1639.4778,412.4913,102.33675,76.83157,22.4681,10.076086,-30.255146,-22.240028,-35.45661,-14.8872175,-35.267662,-32.918873,-25.54034
-1638.1434,393.73218,109.896675,82.24332,29.44842,12.731314,-22.730774,-22.955952,-47.76586,-30.019264,-28.627045,-18.709522,-22.119757
-1674.604,404.8352,107.500946,84.831535,43.16252,15.181813,-29.716839,-26.642868,-44.32865,-33.99662,-26.087273,-19.821907,-18.8264
-1674.9106,423.65918,102.589745,83.92857,29.501118,11.428467,-34.260895,-30.786022,-36.528145,-19.801855,-30.797642,-23.174551,-14.22159
-1658.4738,424.59808,103.00642,68.85116,32.092663,10.951479,-30.25307,-34.867252,-34.311302,-19.426086,-28.313948,-27.681606,-24.113897
-1716.9155,434.76184,120.10075,75.94368,35.096638,7.9487977,-39.268044,-40.161232,-31.408043,-10.618214,-32.256176,-24.14103,-18.207237
-1702.1511,432.58975,118.925644,69.46454,28.72512,7.177162,-46.827526,-35.048782,-23.38155,-11.566817,-37.451035,-19.492065,-14.36214
-1703.5964,420.20016,120.495026,79.237045,24.055834,-3.7873926,-47.001274,-27.246174,-35.590908,-17.282173,-21.212545,-11.765883,-20.820057
-1650.3528,421.81195,100.95209,55.974575,3.0059223,-4.8231354,-28.235443,-23.66558,-27.118446,-19.270416,-35.417892,-11.515687,-9.193405
-1619.4991,404.17706,79.5285,47.8948,13.226921,0.7859144,-46.135296,-25.694164,-30.494133,-1.5344889,-42.01376,-6.5530024,-0.7696562
-1719.6924,388.23224,105.72804,79.33629,18.341768,0.39967346,-71.53578,-45.056953,-20.112652,27.65037,-42.04007,-1.1447201,-5.2725754
-1784.9164,366.84616,107.592674,109.021805,47.354137,-21.78632,-115.37079,-48.56836,22.941319,56.105362,-84.44333,-0.066158295,1.3635998
-1799.1885,374.14746,75.08012,120.29019,66.41293,-39.200935,-107.3616,-60.48222,27.070335,53.48166,-75.1156,-2.0417538,-12.890576
-1920.9243,372.04456,128.74718,100.331276,68.083145,-49.378384,-127.413765,-50.108658,12.671262,42.229137,-63.200214,-11.867637,-17.209557
-2053.1047,359.0548,173.37265,109.33784,40.251144,-51.17233,-111.38608,-51.63157,28.110943,45.008484,-57.159584,4.0570164,-1.5419836
-2170.6372,347.4527,170.03427,80.24341,58.68415,-37.18796,-96.66818,-65.82381,23.534496,19.713308,-37.01829,9.889982,-5.0884523
-2176.3313,319.6847,209.49838,77.8096,23.038042,-4.3101583,-82.11509,-45.82054,1.8758626,27.163944,-64.28082,-5.9577036,8.226408
-2239.5356,360.63013,226.28539,77.389175,36.63591,-33.883656,-76.2316,-56.982147,1.0923185,1.6115475,-48.170555,-11.125664,-4.227202
-2276.5723,368.787,238.44939,75.14917,55.503437,-16.703108,-75.23317,-42.464653,-16.804005,-29.706505,-44.311768,-20.542747,-12.228418
-2297.3647,351.42212,233.60568,73.03671,60.517216,-12.853306,-68.04747,-32.85809,-4.036259,-37.231728,-56.051083,-14.859487,-9.699221
-2306.088,340.30823,234.2746,74.869385,57.40612,-4.6136007,-63.57483,-41.374775,-21.020027,-37.832973,-43.058605,-15.992656,-8.672901
-2323.687,318.64984,225.92554,68.34266,50.77806,-10.289994,-57.63246,-49.367325,-26.534998,-30.097378,-31.1614,-4.577424,-7.927225
-2246.602,323.72693,102.29328,43.92097,24.456669,-8.753237,-19.72021,-17.46626,-18.562975,-20.015642,-20.926785,-8.659561,-9.304874
