-2166.7627,302.44705,105.975525,53.399315,55.121918,42.136433,29.225018,34.95252,26.928177,28.673492,22.472305,20.254387,-1.2190981
-1758.6829,314.79095,136.08293,92.23172,17.297024,78.24261,-3.0762615,12.176778,10.051515,-13.707141,0.6676347,6.017308,-7.6847944
-1601.6376,250.94174,150.00752,110.421005,17.772888,105.85013,-18.347157,30.043243,-8.424106,-9.745978,-7.085308,5.3423424,-21.924171
-1542.7245,211.35028,128.91634,115.65093,12.806517,84.036896,-9.075533,17.004183,2.2781563,0.5136967,-22.601261,16.145102,-7.397044
-1485.7864,186.36401,143.08917,110.10322,6.0451164,106.5076,21.171984,31.019272,16.936043,8.731626,-10.204098,1.491029,-11.600255
-1442.4144,135.6489,132.1726,72.56067,-1.6294613,103.636055,-3.5440016,19.922953,17.231894,-2.147974,-18.448051,20.171274,-3.3620658
-1360.2191,86.01793,143.15889,115.20012,-7.1647854,105.80043,2.7411466,24.883572,26.046925,6.863845,-20.557482,7.3095617,-17.556149
-1269.9542,70.82444,132.32468,99.35455,2.7544527,106.46572,25.351673,19.365646,18.852287,-2.7791157,-20.853758,19.881517,-1.240058
-1211.1306,46.13643,117.531784,88.2755,9.855034,137.36475,45.187187,32.501087,35.301384,11.942335,-9.734802,5.4473076,-26.325111
-1217.2471,18.75261,144.70767,91.64836,21.207357,116.72003,24.157887,13.35918,14.048337,14.15361,7.5575237,13.794804,-10.104468
-1202.3723,-23.021576,167.58548,83.37824,16.333195,124.34824,36.395287,23.789745,21.39047,-5.516633,-26.28821,5.5860434,-0.7444782
-1214.9661,-90.59494,153.4336,86.249794,12.48506,103.850494,24.368467,18.1134,21.240398,18.096344,1.3246404,11.46196,-2.7100048
-1214.3356,-217.0033,100.65552,102.413956,-5.8363905,109.21181,59.748466,32.486046,20.052776,15.814837,8.259011,19.211292,17.243229
-1208.8457,-257.9389,65.18313,163.36018,-3.4799266,117.17291,63.43015,18.005482,2.9533124,18.828192,5.5644665,15.345377,-12.999237
-1160.4913,-286.11887,31.95225,145.9453,-28.097847,85.628296,36.028656,17.980408,20.92194,44.497826,27.692413,36.670853,3.6070986
-1127.0422,-241.39017,30.014843,128.7843,-41.329914,76.63262,55.656075,26.886278,18.128223,31.266584,21.017012,31.62021,1.0758638
-1114.4058,-242.14926,42.03032,136.94554,-31.400614,85.607025,61.794624,38.943382,15.610134,30.960093,3.51506,8.144579,-0.09333086
-1091.4957,-231.76239,56.693123,150.84099,-58.694405,69.49859,34.920036,21.085838,15.992981,35.543243,-11.032894,11.726064,-2.055903
-1039.6353,-200.29753,96.74206,163.5719,-48.981987,95.81774,54.91862,21.978928,7.3433266,25.638288,-15.532942,11.133211,7.7089777
-1040.2493,-232.6658,62.397594,160.33105,-22.727566,104.31764,72.256775,11.408482,16.540482,43.630928,11.704626,19.847708,5.2346897
-1052.2405,-264.08646,24.100655,136.43237,-37.594696,108.56459,75.14528,30.067194,19.136974,23.220434,-18.446634,0.9842243,14.839329
-1002.01874,-199.20737,51.318855,156.57396,-34.141537,87.34715,71.68868,27.298405,21.33193,4.210845,-36.937298,-7.1285934,-12.846205
-1025.0486,-137.41266,82.24495,133.53056,-20.215805,95.10838,61.39277,0.76237583,1.7924275,17.38336,-15.8876,-0.1812725,-15.076326
-1040.8561,-55.036873,120.30178,140.88635,-4.552636,99.627045,78.242065,5.9602475,2.3106132,19.961231,-4.1173315,7.02363,-10.338377
-1091.9531,-19.361347,126.84036,147.60953,-14.117659,97.99911,42.75108,9.711372,33.090565,30.737309,-1.5547055,-15.40575,-1.5744104
-1218.5723,114.92978,133.98589,131.52573,-0.25166464,83.9736,15.531288,-13.459986,9.626429,12.098598,-15.646809,1.2038145,6.9910088
-1378.2722,176.43848,121.08832,121.769745,-22.202215,90.86486,23.69533,9.423279,16.559357,10.208286,-16.863058,-17.545578,4.3304143
-1683.1449,279.79437,125.25468,99.50168,7.423162,72.39455,1.9374769,18.616703,40.144,32.76316,1.5892781,-4.8520737,1.7142754
-1364.257,379.7475,26.503595,23.427172,-20.757603,-18.624807,13.593069,31.0643,9.848378,1.8739326,-11.62106,6.814293,8.1921
-1076.1368,395.9879,-20.470175,-27.080265,-34.893066,-51.480812,-7.983156,4.393955,-2.384597,-17.263666,-33.25561,-13.475664,9.306348
-1077.273,452.5492,-27.003353,-49.555885,-12.081031,-57.007294,-26.766808,16.059738,5.406519,-27.057446,-42.133457,8.620885,26.342897
-948.4082,413.09747,-60.292698,-14.811478,-32.761753,-84.8848,-35.79487,16.853704,4.437973,-25.815098,-30.407263,-3.1297674,43.933018
-886.11835,378.5751,-63.495827,-15.79176,-27.232746,-102.8386,-45.152946,6.4986486,-12.118387,-36.98829,-29.727503,17.563652,59.71528
-907.6322,398.01178,-81.21228,0.9254217,-27.462694,-108.43887,-42.93315,18.535702,-21.898552,-47.63726,-32.789917,25.98775,71.45405
-878.271,382.21576,-84.70336,0.91684747,-26.718176,-112.709236,-27.323782,8.59714,-19.770735,-47.346714,-29.16911,35.259747,74.792656
-811.5099,343.79248,-78.62075,-1.000214,-27.728613,-116.0856,-18.684517,13.403553,-37.287914,-45.204384,-20.411411,34.429634,67.4664
-841.59,361.48712,-101.19261,9.77753,-41.005592,-109.638336,-22.907566,7.6724606,-46.74793,-48.443027,-23.055923,47.473278,69.17172
-822.6509,340.31116,-91.90099,-17.671047,-27.815239,-109.22452,-20.102299,-11.845244,-49.36334,-52.0981,-16.255234,40.636963,65.23752
-844.8192,350.90118,-91.42509,-13.397346,-33.67662,-105.82118,-21.84672,-21.424305,-60.410187,-47.83052,-8.505362,41.72515,59.51085
-846.1059,347.60834,-100.54602,-19.773575,-28.043499,-98.89421,-37.797173,-20.798164,-61.015854,-48.793358,-1.2440037,23.989822,58.753113
-865.33276,348.85834,-83.567955,-28.202034,-24.520092,-83.348946,-34.594116,-31.308746,-63.3067,-54.686226,-1.0729778,25.471199,54.87233
-965.39514,394.3203,-71.37652,-38.762535,-30.62594,-41.19371,-38.307,-36.08445,-62.43417,-67.638916,-14.994443,31.120594,67.53615
-1129.5842,447.5109,-62.962357,-31.6263,-37.59673,14.131699,-59.773537,-15.369697,-37.278297,-90.18024,-44.042053,78.52539,40.03003
-1230.7902,427.84476,-21.995134,-2.1315918,-59.822926,35.12138,-39.852436,-10.859554,-37.39128,-77.97171,-63.13223,70.92767,39.00061
-1292.2919,371.33823,22.156715,40.95623,-84.59779,25.569517,-15.609755,-10.438486,-59.80001,-54.29086,-51.494564,58.31052,38.584084
-1325.6506,285.9433,21.876072,99.44968,-122.250656,40.807533,0.073926926,-2.919382,-34.54875,-55.914642,-32.650173,59.80287,29.591417
-1201.8193,85.058464,70.339455,168.79858,-154.37814,33.281654,-4.8076553,-8.438263,-36.4179,-44.211266,6.4713182,54.952858,44.17971
-1083.3213,-78.057755,40.985416,203.78506,-138.83575,17.833971,-27.397884,-36.341316,-43.119698,-39.223984,8.982244,55.18402,59.07824
-1013.2462,-206.18246,48.841393,203.53476,-161.6521,31.441666,-42.425087,-52.04899,-63.347885,-35.202957,13.860605,48.93663,51.002388
-978.0139,-280.10522,81.15218,206.06879,-176.53043,19.232687,-55.044735,-39.84777,-40.699608,-39.530273,10.446663,49.89807,31.58124
-942.1476,-325.5505,74.91469,187.74174,-185.95364,40.44816,-38.870445,-32.165916,-41.677452,-30.511887,2.7882621,31.697598,24.695818
-990.8275,-334.33032,92.33731,177.54727,-186.28543,68.0625,16.147047,-12.336899,-29.470116,-16.345161,-8.193943,29.783127,25.610123
-1055.7881,-325.2224,95.74565,172.64822,-181.20728,85.30655,28.340895,-26.591415,-28.258825,-5.017459,-12.7608595,15.672582,9.386377
-1114.149,-314.54132,77.85109,154.6775,-167.4581,90.04372,18.779709,-30.214647,-15.225504,0.5197296,-4.814344,17.946074,-3.9921699
-1109.8481,-329.67233,81.51279,159.4682,-177.88174,78.03302,14.2951975,-24.697607,-22.79401,-7.4440975,-3.1342683,24.70199,5.745343
-1014.8105,-336.80463,70.68125,151.06355,-181.4511,69.37119,-1.3718266,-28.702234,-29.05386,-5.017956,-23.307787,16.349873,21.21957
-969.46545,-279.0976,29.551342,132.92087,-174.5919,41.89323,-11.553654,-2.4785156,-21.278648,-2.7156644,-8.15309,-5.8332696,3.7505674
-1113.5654,-227.56673,5.0595737,146.98792,-141.88126,48.18287,10.091326,6.0884876,-26.506622,-16.425627,-12.893468,14.745832,2.966158
-1189.6405,-51.065125,12.848366,107.80315,-126.27469,33.30159,-23.926788,3.3109417,-27.355581,-36.97208,-15.653444,20.721737,-1.0314159
-1126.5332,264.06366,-16.605253,69.025566,-30.03555,39.472725,-7.6443563,-5.709187,-49.0679,-59.623997,-40.715393,26.681278,37.59391
-859.3106,315.22327,-37.67683,-21.69514,-27.857386,-26.207699,-27.018967,-33.26103,-50.358467,-62.2214,-35.17868,13.22974,32.19648
-809.40753,333.59198,-60.17275,-45.580444,-22.639845,-44.52488,-31.142643,-45.519226,-70.19365,-44.610054,-23.692247,18.765778,42.820805
-761.7622,335.27997,-79.44838,-46.512505,2.1632807,-66.45733,-39.725227,-39.699776,-48.836094,-26.030289,-17.022692,4.4502993,34.609753
-697.43774,318.8215,-106.93652,-42.74171,-2.3495097,-73.94943,-51.33645,-35.53768,-48.855614,-21.950706,-8.564089,12.658973,30.294296
-615.3931,278.26334,-115.4946,-44.311016,-9.318222,-88.15097,-59.812134,-32.55287,-48.79487,-16.914015,1.054587,7.5411773,26.830397
-556.5128,253.71326,-119.10466,-52.081497,-15.608122,-87.54763,-54.133274,-33.229992,-58.244392,-4.7273912,1.980183,10.554684,20.639376
-530.58057,243.42352,-126.10835,-51.481926,-19.852577,-90.48448,-56.048645,-30.533958,-63.190453,5.6008873,-8.29156,14.43243,17.424355
-524.7052,245.177,-128.55704,-43.73471,-25.147131,-90.43579,-54.188244,-35.209732,-62.57744,1.1298065,-11.202477,17.277071,15.156427
-512.83716,224.32895,-122.77162,-54.510715,-20.832458,-103.72899,-45.118958,-42.74395,-69.19728,4.5428114,-17.414309,26.26775,17.524359
-541.1197,237.67422,-114.49666,-44.93162,-18.834549,-98.58823,-55.61632,-36.184105,-68.27339,-3.5848637,-15.203341,14.749456,31.108624
-571.29596,251.0105,-101.623726,-46.433594,-8.266384,-98.893845,-54.94117,-33.90192,-62.61153,-10.783329,-13.559137,0.5670824,39.83843
-593.79565,266.38586,-102.2965,-41.306892,-12.213705,-87.76984,-55.40993,-38.337517,-64.909775,-20.799465,-7.1060963,0.31567478,34.54437
-613.96716,267.5522,-95.3277,-49.65297,-15.232046,-85.722595,-53.759228,-42.569077,-64.60391,-30.931782,-11.125786,-0.081142426,24.043869
-649.0177,259.77625,-102.009964,-49.290863,-19.649445,-78.15146,-46.0438,-43.116474,-82.312195,-38.339916,-22.577202,6.1573677,34.183723
-685.12616,229.0272,-94.35562,-43.53994,-6.1559467,-66.48123,-38.183754,-52.896767,-98.40402,-54.855232,-29.100716,4.4113445,41.066742
-878.69934,293.38312,-60.32345,-43.15918,-23.358618,-63.73453,-18.13949,-22.952763,-64.174164,-58.537018,-51.00173,-22.796837,12.345964
-1476.494,425.19144,-39.405197,-45.754066,-21.328487,-57.005714,-16.455502,2.1287465,-22.64323,-40.26007,-61.62885,0.6360855,27.933739
-1758.4836,454.29346,32.244316,-57.287075,-22.552223,-22.618435,-33.552795,-21.984583,2.6916885,-22.988533,-40.34584,25.344765,26.213154
-1778.0438,466.906,18.02856,-70.39119,-31.327015,-10.280002,-14.805555,-18.619484,-23.373817,-39.0094,-31.417938,44.58567,42.389183
-1833.8099,457.11276,29.374,-46.419956,-5.674386,-11.652601,-23.913353,-10.69527,-16.064766,-34.750664,-36.425762,39.16358,52.970604
-1897.2798,446.50146,55.876633,-40.833855,5.491378,10.948635,-10.638815,-11.243412,-20.100056,-29.605679,-33.317467,43.723804,42.09895
-1923.6548,427.27924,53.79431,-41.995102,9.083807,35.35646,9.989552,-4.950308,-6.930685,-25.343079,-35.426704,31.53466,23.929152
-1959.9032,418.59012,59.738968,-47.0738,13.580705,36.656754,17.095547,13.051239,-8.871094,-20.64101,-33.279743,32.29302,24.859009
-1984.9457,426.193,79.42077,-15.586542,27.491251,4.2783065,-16.315153,-7.345891,-2.3553686,0.66415596,-23.366297,27.65185,28.4744
-1942.8931,433.78323,77.023964,-38.38691,15.007801,16.49538,-3.5451393,1.0301344,3.9867163,-14.446747,-32.587482,36.601665,33.07023
-1951.8308,437.40506,81.189926,-41.469654,27.92714,34.530266,0.24772811,4.652334,7.3768153,-15.370518,-43.69765,20.546692,22.454145
-1623.7969,266.17578,12.606405,34.494843,95.53355,54.996567,-26.57524,5.704028,-8.389371,0.8835194,-14.245597,4.756439,-11.964789
-1316.9666,305.87006,-4.7748837,54.14981,107.630905,62.280293,-18.887688,-21.136951,-44.494125,10.702753,-3.450145,2.5706758,-22.945467
-1242.7307,314.62848,-33.971943,78.19584,132.51321,84.962006,-5.287921,-41.156525,-45.85224,4.560592,4.057109,-10.92123,-27.46125
-1175.197,311.88086,-36.438896,99.733795,133.39862,79.30291,-9.35857,-36.030872,-37.29653,-5.666956,-7.5329,-15.177206,-35.68094
-1153.2496,299.37094,-29.057203,117.76527,135.44829,72.28621,-16.056774,-24.88945,-25.902151,-21.463608,-24.42589,-5.6568165,-34.89402
-1149.8938,306.78815,-47.389694,116.488976,146.60774,73.98748,-4.6031394,-23.36105,-42.952415,-19.671112,-22.167074,-21.458511,-41.51658
-1051.1079,274.13412,-44.560486,85.15894,141.32094,76.23103,13.168005,-22.186293,-51.42312,-23.295914,-19.57445,-23.256031,-45.593452
-1020.2793,279.4577,-42.337563,68.36967,131.90033,54.56072,28.136024,-15.885485,-50.315056,-22.61523,-16.104525,-32.9396,-58.58442
-1007.282,292.09045,-48.947624,62.461334,120.50151,42.39155,25.867327,-4.0613346,-41.27873,-21.598682,-24.291264,-48.628674,-59.158848
-990.1039,314.6152,-50.92139,44.531227,105.02609,18.619019,15.238863,7.657425,-33.280006,-23.183762,-25.222591,-54.365944,-64.863625
-1000.4585,343.24976,-74.55783,50.270103,92.519264,-4.5081367,-0.83589697,4.6689167,-23.760586,-15.41987,-30.729576,-65.41718,-68.031586
-988.6621,320.67676,-63.199226,56.247894,85.46576,-22.934147,-18.59375,-7.529152,-11.78537,-8.962673,-26.848112,-80.1904,-82.04099
-957.01465,313.909,-68.304596,37.06717,80.8286,-25.472485,-30.4113,-18.524788,-9.4484215,-3.590149,-39.793934,-86.726715,-69.07384
-980.5819,329.15265,-78.94682,18.870026,86.97029,-7.3085423,-46.603786,-24.019089,-9.610226,-12.194166,-47.862576,-67.882256,-63.93488
-931.27234,252.40353,-106.13365,52.92759,107.29852,28.66666,-30.530392,-75.498924,-50.949707,-1.3838081,-13.3954525,-76.680374,-55.2538
-1168.6199,266.2971,-82.835434,74.38314,141.55823,48.922363,-51.550797,-95.55716,-75.38671,3.9713726,-28.124256,-44.56153,-34.225777
-1254.4563,272.67188,-97.49315,40.241055,110.3916,85.08957,-82.24285,-82.265854,-50.827515,27.768265,-4.79272,-33.038673,-23.317833
-1439.8468,251.5869,-49.997974,34.728775,95.81281,102.29057,-96.60424,-78.397675,-19.50064,35.64289,-20.738468,-11.869318,-14.4525795
-1412.9386,238.82816,-84.69646,13.4003315,98.36328,99.11844,-103.838486,-62.87743,-3.9096432,36.38173,-5.399773,-15.103312,-11.876187
-1376.0667,249.56557,-118.60871,-8.653927,97.60011,119.84587,-96.673935,-48.978638,-14.306015,26.184444,21.061783,-4.1412315,-33.24744
-1337.7656,262.3299,-126.642944,-54.48398,88.92822,139.94673,-119.97636,-55.4056,-12.038617,40.285023,43.207577,15.137681,-24.691917
-1300.2211,262.52692,-177.40193,-71.29509,98.802956,135.43227,-120.78443,-46.348923,-9.707449,35.4663,46.96578,1.6497192,-29.25508
-1289.1824,293.21857,-158.90813,-69.901276,83.8523,100.86098,-130.20624,-28.826853,13.812836,42.652386,47.67651,3.4243584,-16.440315
-1263.3235,270.15546,-196.09256,-88.40056,86.47916,115.76449,-150.19333,-55.203667,7.6126494,42.99965,25.525135,-5.7901726,-18.676615
-1210.1338,272.7776,-199.4631,-80.50299,82.43962,130.94467,-128.62062,-53.270096,-4.0927553,64.162384,31.947914,-17.604939,-8.803
-1229.7273,265.1923,-203.95328,-58.670593,108.501854,150.77591,-122.54565,-47.99257,-0.82268476,43.93817,29.553055,-2.9717999,-15.533527
-1252.5804,245.4287,-220.15201,-75.65909,120.029205,166.48875,-126.290665,-34.49015,-12.330263,20.326504,25.588556,4.6033573,-4.657751
-1288.5283,232.10039,-215.3561,-82.609215,116.6726,164.15073,-134.95517,-34.83193,18.11472,43.520184,12.199819,-25.89227,-4.5983825
-1308.392,230.54552,-211.94296,-64.68306,103.260574,121.44911,-128.46121,-35.113796,-9.48118,45.556313,40.142612,-0.77054787,-7.714845
-1290.561,261.5693,-207.7889,-85.9012,74.7755,108.183525,-137.39603,-52.981186,7.4764314,69.34036,36.268684,3.3321686,-2.526627
-1303.302,271.77765,-208.4415,-113.21854,81.08777,111.43984,-115.89183,-38.134705,-15.789903,51.79949,38.984188,-6.1176357,-3.187541
-1332.4604,252.91756,-211.62018,-91.677185,88.82643,125.862,-115.702225,-58.902145,-7.95829,60.66376,35.367542,-14.738026,-11.612171
-1348.6454,270.49103,-211.44061,-101.94377,95.247345,101.00627,-130.5296,-49.759895,11.535887,101.314285,46.6494,-2.6033974,-25.214907
-1338.8021,250.95721,-239.51735,-105.18953,78.98507,95.88386,-125.158875,-65.72005,11.525711,115.13924,72.01191,15.13876,4.521829
-1358.5453,252.95279,-244.41132,-132.01999,64.927795,82.579475,-105.71787,-40.947533,28.375801,122.10037,67.59435,29.391129,9.503426
-1379.6638,232.73538,-241.47177,-114.83261,53.945053,86.0163,-98.745766,-39.384987,17.06138,97.74566,52.47796,39.90258,3.1143737
-1397.5642,242.868,-235.43091,-114.70346,54.025383,96.6477,-101.67801,-56.553543,-6.955175,108.49099,65.95661,29.910957,-14.9942875
-1402.4065,256.0484,-245.65573,-111.41729,66.6891,74.12506,-100.76751,-46.532883,1.6105416,105.378876,60.969402,42.125977,-1.1833386
-1427.096,253.80334,-236.79425,-106.15123,75.1978,89.8799,-98.17251,-45.210495,5.330669,92.01251,27.979082,12.345303,-0.74495983
-1440.669,243.40251,-239.21794,-103.008575,80.54392,85.95276,-104.711,-65.99073,2.7627819,120.01473,57.515846,41.760124,5.4101267
-1491.5636,242.37878,-245.83286,-120.23482,41.505978,75.85426,-91.50963,-48.368183,13.506035,138.99887,82.39268,58.109184,14.618189
-1464.2808,251.50343,-202.84735,-126.68476,26.285034,43.256073,-105.50351,-49.278625,-1.8467646,113.4792,73.909195,65.28015,30.57317
-1516.4155,255.65396,-226.91995,-115.071106,51.11686,77.72975,-82.14252,-56.39721,-4.339966,117.26515,72.841644,61.07556,16.160831
-1551.2177,252.70285,-196.86447,-136.38033,53.288685,68.501144,-68.81113,-56.15333,-15.260849,112.27562,73.869774,59.858047,16.466984
-1598.6033,243.34778,-154.431,-128.55612,66.44444,89.880875,-50.44184,-21.075666,-25.408316,75.68577,51.665623,48.366814,23.157526
-1633.6859,249.91908,-137.62039,-132.44183,66.9488,100.70141,-36.223106,-18.492233,-30.750847,63.73245,53.987076,44.665043,27.545708
-1745.2405,305.3673,-81.95563,-102.463715,103.14322,156.70152,8.941319,10.988926,-15.691182,64.51878,68.28607,47.458664,32.808994
-1946.8695,358.72235,-7.031006,-36.43029,87.99362,107.92534,13.802256,0.75271034,11.358425,34.784966,23.655806,31.815346,18.963797
-2056.8242,356.09216,20.901955,14.1334,109.96149,113.63146,34.213593,3.4661446,39.24629,44.24847,26.786297,13.532978,-2.7055283
-2120.4707,335.15308,7.0059767,-17.689194,118.18358,109.64226,-1.0417719,-7.4568195,30.70559,46.446613,40.70549,25.438122,9.643692
-1606.7388,350.77396,-21.755428,42.040146,87.73044,85.035706,39.239273,-9.531131,-57.19494,-37.63392,-25.229143,-2.6324673,-1.5154686
-1364.2734,271.7583,-39.915028,72.23622,171.82753,134.30408,-38.655663,-13.034757,-59.30054,-2.8343058,-75.46417,10.551068,-40.534283
-1346.4509,242.6651,-69.35518,131.5913,214.07657,112.381546,-76.2452,-28.092415,-54.434975,23.830715,-81.36322,32.027924,-51.671196
-1296.3916,206.21884,-76.301544,156.87766,228.3206,93.71383,-71.69412,-28.291855,-61.097515,10.960236,-81.08346,19.492863,-44.023014
-1280.0225,209.16873,-95.727554,168.70032,226.53752,87.370056,-67.59834,-34.172264,-55.730133,4.734357,-85.418335,16.02032,-43.21341
-1276.4326,218.83655,-93.38562,174.09467,218.31824,73.330734,-72.47444,-45.157825,-42.494232,3.2897081,-81.63529,11.707513,-31.921862
-1297.6603,234.15173,-108.935715,191.8634,217.79602,73.183,-70.21642,-55.944817,-48.01863,-3.182917,-57.432373,0.37148273,-32.70981
-1237.8716,191.66634,-94.82556,192.2435,208.20346,57.13828,-58.127487,-47.702972,-49.43444,4.354166,-57.55607,-19.181583,-40.009422
-1199.1641,181.6163,-104.68468,192.12433,200.93076,64.40562,-40.38694,-61.94892,-67.47786,12.617617,-53.685383,-32.281944,-46.59981
-1185.7644,176.79694,-104.398994,185.34833,200.8237,55.322586,-31.899044,-55.74623,-65.640366,0.3889866,-49.204655,-41.159195,-56.238842
-1239.6404,206.52956,-127.10567,191.55728,191.69484,62.75209,-33.145885,-59.407093,-79.186935,2.52629,-56.092575,-33.968536,-65.40311
-1228.6528,211.3,-124.87558,174.55829,186.25336,61.644146,-23.559988,-53.29962,-72.09944,-37.516693,-55.954796,-38.34941,-53.07967
-1235.2505,239.73352,-102.041855,137.55548,157.41005,53.841515,-30.522186,-67.11156,-53.408195,-36.52002,-53.507523,-48.88513,-35.576706
-1471.2211,295.4032,-43.97934,116.392456,150.56476,77.817535,-96.15878,-67.36389,-47.533295,-12.800201,-52.904266,-23.8026,-53.832687
-1520.6664,278.857,-52.17916,103.578156,117.13086,66.539566,-87.99244,-45.613934,-49.619003,12.715784,-44.96751,-24.562517,-16.40474
-1443.1882,247.80193,-41.78607,68.26977,94.40846,81.171585,-94.43617,-41.02967,-31.146828,17.06772,-3.8641295,6.067396,-9.742982
-1552.7107,244.55287,-62.148125,55.591034,98.75078,111.78096,-114.9064,-56.138397,-1.4541922,37.80468,-0.40400282,-4.6243534,-16.434868
-1484.3545,272.41357,-124.63469,-36.84153,91.908615,110.23042,-90.95586,-84.89597,-9.2841835,51.96051,23.900719,0.7848301,-13.146849
-1369.9583,282.70013,-139.98538,-64.19702,69.3873,90.84593,-128.44531,-58.93995,9.351775,69.0653,34.669144,-8.458809,-22.5276
-1283.9829,259.23074,-191.13205,-93.61762,72.3618,96.59986,-132.36696,-63.51002,13.593349,74.01114,33.678997,-15.868128,-14.631641
-1231.1997,241.72423,-199.14792,-84.0497,37.17952,71.813614,-130.66867,-59.782654,6.5205755,63.35208,11.096419,-2.9612045,-18.155434
-1219.2941,215.63794,-230.68788,-105.90448,20.554226,99.81305,-120.329124,-64.72213,23.640314,64.73523,-2.2844536,5.5562096,-17.023745
-1205.9614,188.95514,-229.8371,-58.372627,0.12473321,84.022514,-97.23125,-41.307987,61.63996,58.82482,4.546411,23.247047,-29.782372
-1233.7522,167.0989,-285.333,-85.40517,31.641977,98.85448,-54.913254,-50.963013,38.725636,65.88372,5.0364337,14.268394,-42.278294
-1263.1145,187.39774,-281.22635,-91.94031,6.2996626,84.72073,-28.975426,-62.543728,37.37339,62.926086,-7.51664,9.317652,-30.372643
-1252.814,188.8382,-287.32886,-99.37262,-10.117508,78.86972,-35.384575,-57.966362,48.576096,83.52477,6.091262,14.153328,-23.856537
-1232.0166,223.28218,-292.89728,-147.22163,-7.128866,68.385284,-25.064468,-48.666462,46.570007,88.821655,13.419063,-2.2112389,-46.116127
-1247.3533,176.91174,-326.14154,-157.4881,5.8977966,84.01589,-30.953669,-66.00664,32.57406,94.55151,5.4262624,-1.0640984,-36.90113
-1250.7904,216.99258,-291.3231,-167.73294,-3.3470829,86.46388,-24.348461,-52.05224,38.57333,74.06204,5.3082,-5.595997,-39.902706
-1255.4507,227.03986,-277.2207,-170.40022,-24.983654,80.538025,-27.94436,-76.803406,33.245132,88.361145,-1.9013191,-0.51270676,-40.372826
-1248.4993,229.09363,-266.6699,-181.3287,-55.318966,58.116863,-10.029809,-53.314423,32.560806,101.02687,33.984085,13.330849,-32.654617
-1186.9235,231.82579,-237.6023,-174.96521,-79.89744,22.680506,6.1526384,-47.045387,39.605465,96.36536,3.0854723,20.380405,-24.672283
-1224.4099,234.998,-236.89827,-175.3257,-92.75722,23.634861,14.668161,-60.17761,7.3407154,96.55527,10.89939,25.35878,-14.910059
-1114.0168,265.74625,-142.73912,-108.16516,-80.358,-2.8243852,18.113274,-32.317764,14.034142,84.54343,31.526478,26.508825,-10.301563
-666.26733,143.24428,-148.66183,-64.33038,-84.76066,-76.662094,-5.762485,-15.070836,23.009766,19.509518,47.63852,31.354244,1.6476393
-623.9876,166.78336,-135.07678,-66.33769,-70.30251,-77.77457,-29.547077,-4.98112,2.0213451,33.521053,42.519985,51.558643,35.96688
-504.5154,137.21133,-148.29903,-45.531204,-76.80498,-67.8089,-32.14685,-26.302555,-11.254948,24.591927,54.779762,50.278244,11.713093
-394.48608,112.432556,-148.10522,-56.77252,-75.60812,-73.32823,-29.362633,-24.206104,-14.037825,12.387007,46.541054,48.135216,15.838984
-413.18268,131.50826,-157.29816,-49.100166,-66.450806,-61.89852,-26.037937,-35.4935,-25.664211,1.5530472,46.32161,48.304756,24.021336
-463.20947,166.5344,-143.79929,-50.086555,-60.936584,-72.66902,-22.12387,-26.046246,-35.651825,-4.304201,30.508179,55.934402,21.086706
-529.0313,190.19388,-138.96558,-34.78394,-49.571507,-73.64476,-32.700687,-15.146112,-51.45987,-14.5975685,24.904789,45.924473,33.388947
-551.15936,201.6496,-145.04399,-51.745552,-31.38883,-81.59569,-24.381697,-3.6019168,-63.600143,-19.894089,20.15748,31.876263,53.174988
-633.3607,246.6106,-149.24394,-46.286568,-25.350246,-85.350174,-19.631668,-10.09231,-46.552986,-15.054917,11.150715,35.957954,51.60116
-727.4751,297.54434,-155.71234,-66.684204,4.8928037,-97.64149,-26.636112,-6.241369,-31.45713,-13.339441,-10.604931,41.714523,37.85492
-842.5925,341.51154,-145.49673,-63.780067,0.30775452,-70.20614,-28.784132,5.620034,-38.622993,-20.519531,-25.780317,48.267082,31.852484
-1024.5795,428.75,-142.13972,-76.07742,10.350891,-31.651152,-55.927887,15.181728,0.584507,-58.43744,-34.017212,45.374252,23.467575
-1093.1211,412.46857,-119.76063,-39.200745,-19.112293,-9.503408,-28.452726,17.847797,8.899682,-59.90412,-50.76692,21.545517,32.62496
-1239.0037,419.80444,-64.03681,-42.627396,-19.555767,-8.4102955,-30.166857,34.04431,16.5684,-57.872574,-65.254166,11.639086,27.30742
-1444.9958,452.87073,-47.22451,-16.19105,17.03065,9.164758,-41.08381,37.82997,4.3068743,-33.694366,-38.611855,12.465088,14.610171
-1539.8479,485.29803,-30.705315,-19.655985,66.63022,31.239239,-64.05477,55.957214,9.723901,-48.59237,-39.693485,15.14823,1.8665962
-1548.2717,421.68283,-14.9902,43.65998,74.81845,40.305344,-28.993752,29.24423,-11.305422,-43.049988,-48.81731,11.420109,11.021948
-1578.8832,438.87085,-8.180056,30.143288,94.367874,46.60739,-54.357803,39.375443,26.078278,-53.89701,-52.905754,22.308205,-10.146583
-1580.7849,414.94427,-30.881695,57.389416,115.494865,39.016994,-30.525944,46.072315,-6.47728,-43.609062,-49.440388,-3.3976574,-4.921597
-1617.4819,450.40378,-31.708134,34.90889,131.32117,43.36589,-63.98904,49.326874,-6.967908,-42.78518,-60.146133,3.0526333,-1.4101715
-1620.7153,452.92865,-27.50335,24.23473,133.5714,47.72723,-57.948257,54.411224,6.4234376,-47.183487,-66.099495,17.83152,-19.227232
-1566.1309,400.01587,-28.030155,56.17081,122.33755,36.374783,-49.681843,51.612404,10.632788,-31.183529,-54.533123,-0.45701313,-11.399797
-1524.3297,371.02582,-20.249592,70.01306,103.116516,20.888927,-43.955498,35.643776,18.577377,-47.162357,-52.87908,-1.4851036,-5.2580957
-1560.1819,391.27753,-54.131344,49.854042,102.82368,24.678356,-53.290726,42.18299,19.168064,-47.9319,-62.491985,23.481903,0.5223417
-1661.3358,411.30884,-66.80862,2.0118601,131.64882,43.78749,-58.13815,83.3002,5.4709153,-41.038853,-53.55723,8.3704605,0.63696337
-1657.9467,426.77582,-69.392944,-3.4124851,138.26898,20.345634,-57.907402,81.387146,13.56662,-44.712543,-36.044376,17.85506,2.481039
-1625.4602,406.26184,-25.099133,37.899376,106.8822,22.542326,-68.07327,60.347588,29.187805,-53.708107,-42.934006,23.228935,-5.8065796
-1586.9619,356.97522,-10.046566,88.085266,110.07092,15.367924,-46.407936,47.336643,28.9301,-40.4802,-52.51931,-5.0700665,-0.3870964
-1565.1919,353.36282,-21.97747,85.044754,126.09744,30.647472,-27.6288,46.69565,16.620407,-49.18135,-54.392464,5.4048557,-6.004804
-1599.7131,367.86075,-11.037201,93.98529,126.489975,19.52221,-52.784046,38.983376,15.427557,-35.898117,-40.571533,6.4458027,-1.8599696
-1663.6995,413.46924,-34.652283,51.469376,144.59538,32.630943,-69.464676,77.297676,12.546236,-37.2479,-42.69915,7.013316,-2.0217261
-1667.7981,411.44733,-56.7471,51.574837,153.28223,33.09722,-56.496517,67.51099,7.150095,-39.850998,-42.324432,15.661898,4.851961
-1577.4697,351.1311,-49.728485,98.4642,124.97533,11.406887,-56.54406,56.05594,36.299507,-45.442,-55.47792,21.006813,0.17999458
-1558.1812,331.95752,-44.698357,116.47447,120.942764,4.0283527,-59.86679,68.38459,41.274178,-46.488354,-55.877075,8.19976,-8.020494
-1561.3236,342.74634,-54.612267,121.03886,126.25687,2.6567094,-65.94679,70.72864,45.74621,-50.43503,-59.50206,1.8251686,-10.537107
-1584.549,335.23633,-23.444979,101.358154,132.01785,10.081418,-59.46048,58.57515,35.298203,-50.64076,-55.143005,2.4355583,-1.8574047
-1652.4886,359.95355,-5.3078504,73.0022,121.584526,35.363213,-42.68104,50.025673,30.85737,-46.136833,-65.67482,-4.6774063,-9.378569
-1658.9536,367.18365,-8.503192,74.23216,112.39737,31.546726,-42.467247,49.754173,9.535742,-51.364414,-57.69838,-10.947376,4.5038047
-1681.7278,383.14465,-14.4120035,69.051834,93.82731,45.25359,-54.69268,45.548103,6.926599,-34.215874,-64.318695,-0.2983799,-7.0273566
-1730.2908,403.12302,8.837233,9.785367,124.28172,58.688614,-81.52008,59.430916,1.4903948,-46.006607,-48.412052,9.756565,6.586175
-1717.4102,394.43332,-22.513332,21.101542,138.95232,60.12348,-70.07787,67.09138,-7.158244,-29.216244,-52.28407,3.8942442,-4.122203
-1702.9917,396.7459,-12.7386055,33.29882,126.97504,50.66925,-68.97885,57.634933,12.26911,-42.11936,-43.6933,2.3446636,-8.1281185
-1675.7974,387.52332,-14.321809,70.43829,111.24645,52.148727,-42.766827,25.742237,9.817177,-40.044918,-52.452564,-5.786358,-4.0590014
-1707.8911,393.6926,20.432426,76.24604,113.130554,53.101517,-68.75447,21.806929,14.751952,-22.399343,-52.224728,-12.256994,6.5170107
-1757.5498,398.65027,46.15341,71.61966,126.783485,72.349174,-65.722824,8.385939,13.658556,-25.682026,-73.23746,-1.5415707,20.587107
-1771.9305,415.04834,61.882496,72.70616,105.5656,78.57117,-55.87403,-9.093152,9.048055,-21.375938,-64.71192,9.192584,5.187353
-1759.5588,424.96436,61.808098,66.22048,106.85719,85.380844,-42.46312,-28.892977,8.340227,-23.021332,-61.757614,3.6803293,-8.096439
-1763.1055,425.24445,69.73518,68.082344,118.556175,80.473045,-43.891827,-48.208633,12.624216,-10.809856,-49.312973,-9.6963215,-10.128441
-1784.4087,424.25854,88.75316,58.316086,116.66322,91.65669,-48.75791,-48.192627,8.233803,-5.5533056,-35.365234,-22.159393,-16.375938
-1848.0627,422.87332,114.16494,72.186165,97.51736,104.54512,-46.21171,-57.0408,-6.348015,-2.0642414,-37.3709,-23.667719,-9.003507
-1867.6041,395.16895,128.94489,85.009995,80.66205,105.411224,-51.419296,-57.54976,-1.0554483,14.440579,-31.943157,-35.045574,-8.677361
-1935.1976,380.09985,134.69055,70.471115,82.37683,96.23044,-31.200874,-50.052677,0.50893974,20.9539,-32.373386,-42.671642,3.185739
-2039.4968,352.55035,148.84521,54.784565,56.09374,89.78584,-23.197313,-52.737434,10.910636,9.663565,-43.017006,-22.967329,14.946017
-1654.4326,190.08546,8.199976,70.651505,82.74465,58.469784,12.258242,-36.35291,-6.897436,58.46347,-42.507904,5.741953,-26.863405
-1527.6382,202.60063,-59.623985,162.14632,94.89487,97.04748,19.543215,-76.35162,-17.063473,50.52263,-36.67034,-14.553114,-31.803955
-1546.9846,254.33296,-107.259735,185.10858,128.68167,85.16191,25.899126,-82.83486,-9.0386,27.63646,-28.049633,-10.369228,-21.609505
-1422.5483,242.349,-112.10335,217.71506,115.109795,89.47176,6.367274,-66.193474,-1.459629,18.821892,-19.538126,-20.895042,-11.507926
-1369.1204,228.80937,-109.971825,243.25142,118.432144,91.81085,-2.5392125,-53.58967,1.8732238,15.540811,-9.644014,-26.817917,-8.127464
-1333.147,226.07932,-104.39714,242.71375,120.54117,103.442566,-5.799468,-46.532173,3.5822048,12.574751,-22.531115,-17.17552,-14.585115
-1330.9294,204.46042,-93.625046,253.7617,156.24918,101.32608,-13.286981,-56.04708,0.9507811,2.0039873,-14.848158,-11.683305,-6.9952364
-1340.4567,214.32687,-97.89845,256.8089,155.85205,95.36357,-27.276123,-48.066624,8.516439,3.560975,-15.760164,-6.2512884,-10.012161
-1357.4214,233.43428,-101.49625,243.84518,140.11935,93.796455,-22.774214,-40.53643,10.399105,0.50559497,-23.021051,-7.225401,-16.805542
-1343.6001,233.40729,-102.76338,226.32764,143.85197,83.05293,-16.438072,-44.12867,4.719653,-0.5516192,-21.285477,-1.644071,-14.636495
-1337.1528,242.1776,-132.24838,229.94728,140.78976,95.59363,-26.371021,-44.46569,5.769353,-0.6498885,-23.059105,1.4788117,-23.509525
-1346.3608,239.2663,-136.97899,232.1582,150.94696,83.323746,-22.870733,-40.39216,4.802903,-10.702341,-22.264551,-2.2134166,-19.77264
-1332.7428,244.68849,-150.8182,229.77008,148.06372,87.577385,-35.836006,-35.96463,7.24805,-13.644465,-18.478613,-0.7971544,-18.770592
-1337.7756,239.97371,-152.02823,228.5213,156.14499,98.291115,-36.047783,-39.267086,2.6212254,-7.049488,-21.250223,7.164297,-27.13806
-1335.6783,238.8652,-142.70206,216.00513,174.94821,94.38972,-36.94761,-39.84696,-3.2140656,-2.9181447,-15.381822,12.133795,-34.927536
-1365.0415,239.18439,-147.6593,240.39706,179.22292,112.48571,-40.05671,-49.765686,-8.111574,-4.317502,-17.497892,10.616136,-21.57092
-1344.1624,242.10944,-149.37051,221.47583,190.86943,100.08219,-27.53707,-33.43749,-8.281828,-20.309666,-28.60812,4.1593275,-26.336367
-1343.6938,246.85364,-151.63712,224.58783,185.88837,91.9579,-28.225689,-35.588493,-1.3327513,-21.610205,-25.148634,1.2838516,-20.266632
-1326.8916,247.44092,-150.29648,216.00941,175.16846,96.056885,-25.728945,-32.15759,1.181304,-23.665506,-35.152824,3.1013222,-21.413528
-1346.2395,254.72694,-153.43839,225.86034,182.45605,84.871765,-39.136936,-30.868662,-4.866376,-18.257702,-34.006824,3.0365458,-22.462807
-1359.0566,254.44496,-143.85364,236.38771,179.1036,72.72456,-50.837013,-44.606934,-1.946456,-6.1933627,-18.298851,4.38267,-27.80431
-1350.0662,255.52707,-130.00832,218.91881,163.23544,69.61236,-56.784485,-31.813747,6.0595303,-10.720358,-27.027733,5.5681634,-27.21464
-1393.2024,277.18164,-143.7663,229.60468,168.0496,57.74205,-59.242157,-17.523724,3.3913116,-6.8524256,-37.980095,5.8558807,-28.464155
-1405.6455,281.83472,-140.62271,227.5506,182.01157,44.06408,-63.145077,-16.308369,5.871848,-6.0550966,-32.7399,7.2789116,-24.839348
-1390.8477,286.47174,-151.65878,222.9201,179.52565,65.00525,-66.61233,-17.58085,0.42317867,-11.642367,-28.110893,12.7907915,-32.173435
-1331.0786,251.59254,-148.7614,228.97243,193.71568,66.39072,-66.92787,-23.539326,-4.357456,-15.985519,-29.71139,15.045853,-29.39576
-1308.2032,252.25262,-152.49037,224.97375,189.59222,75.69507,-60.109825,-15.863445,-13.563833,-25.906487,-36.7754,9.443031,-19.58343
-1286.5549,239.20203,-143.52335,212.6507,194.80307,84.311325,-59.18914,-11.944605,-11.260363,-40.511677,-49.01716,10.023417,-20.042227
-1297.2101,253.13272,-144.88196,202.7735,204.10367,89.85253,-73.08273,-19.282646,-3.6994867,-42.974007,-44.837955,20.383537,-30.215843
-1332.7844,262.54498,-147.29425,224.20007,194.24728,88.494446,-70.3016,-30.014229,-10.622471,-32.392624,-42.320026,16.225594,-25.160355
-1338.6012,261.99664,-152.46313,206.20876,208.1846,102.94142,-79.39897,-31.453627,-23.498947,-37.028133,-32.903675,13.722911,-24.221718
-1288.1748,226.17702,-138.8312,178.101,216.77112,91.124084,-74.74187,-34.199852,-11.994753,-33.98022,-27.568548,8.536077,-39.89309
-1317.073,230.41101,-149.78708,178.86487,213.15866,92.24077,-72.540665,-43.377003,-12.558506,-26.878067,-22.976334,7.6198616,-46.264996
-1388.3041,265.6041,-164.56937,188.1347,187.53252,92.79571,-91.15145,-20.714258,-23.578861,-20.345707,-16.739408,15.818391,-46.918552
-1481.805,294.6054,-171.62677,172.30315,202.87741,73.48784,-66.524826,-32.21893,-29.701797,-20.374123,-25.851776,23.762436,-46.21163
-1518.8938,297.26086,-181.6477,153.38727,207.60202,91.63578,-77.20378,-39.781815,-35.66678,-24.505306,-22.166327,17.518063,-51.538795
-1616.6871,287.46277,-160.73364,133.10233,206.86273,83.75606,-60.167725,-43.498413,-64.6862,-26.084671,-34.29119,-11.701385,-64.0927
-1857.4015,275.99615,-122.346756,106.606064,169.8329,92.56182,-28.715214,-88.8455,-66.586685,-11.497365,-14.640735,-29.18571,-67.799255
-2005.4586,206.72083,-117.2509,178.48038,100.77602,46.73708,-54.441257,-90.34244,-22.8004,-7.193037,-38.859333,-16.962416,-24.651917
