-1789.3396,228.18155,52.52746,98.089905,177.70503,61.264194,-58.091625,-3.8241267,32.030376,-25.9068,-53.49241,36.071335,5.641449
-1611.8955,189.0071,10.671135,98.252266,189.01666,66.489784,-63.037865,-4.134907,40.15851,-52.648926,-65.40409,39.152115,-11.098795
-1383.7341,223.15308,-42.757454,126.00873,202.80179,75.05742,-67.05711,7.925155,56.449768,-63.514782,-61.306183,32.785206,-21.79666
-1375.9647,248.1077,-10.302738,131.17874,208.41666,84.6187,-74.881546,-15.421677,34.386864,-70.62103,-74.95669,32.13037,-20.431341
-1232.1118,256.3218,-40.045734,136.8094,206.52614,90.41817,-95.68228,-8.123182,18.009373,-82.22821,-33.570316,23.340557,-30.529202
-1086.0597,242.84619,-81.66193,163.67128,200.5439,101.27431,-99.51259,-17.511402,-2.3531065,-93.36277,-32.46391,11.750313,-23.31335
-860.5021,238.10442,-114.64643,168.61798,143.74573,114.95643,-112.63488,-16.812714,-14.585913,-106.149506,-17.43061,-0.04868698,-18.429361
-725.84937,216.353,-105.127,154.03845,149.8031,100.6534,-114.44049,-18.388592,-73.80173,-97.5228,-24.748613,-8.2122345,-8.196255
-660.14386,281.662,-134.67911,135.36172,119.66748,71.20011,-119.595276,-46.362915,-62.564144,-89.60268,-16.021769,-8.239033,1.9711952
-630.574,305.53394,-132.74652,90.62776,81.27747,57.795517,-115.46738,-39.50549,-50.123055,-72.88752,-17.753523,16.799187,10.122683
-581.57336,316.2556,-127.04364,63.319527,44.937073,23.113121,-86.66104,-48.03224,-60.6183,-76.66495,-21.604092,25.093525,31.86319
-491.6767,280.83752,-91.99756,26.815758,6.425048,-5.37271,-42.185883,-52.658916,-89.17436,-83.340775,-24.929005,48.331436,41.967236
-479.59573,298.10382,-70.61264,-4.431742,-26.367865,-23.710182,-51.616306,-11.784792,-87.86209,-95.497406,-3.4916067,60.457718,9.484493
-500.25085,315.96014,-66.109406,-27.902927,-49.896877,-17.840683,-45.138176,-0.33164644,-78.29917,-93.524895,18.805796,38.224373,9.48391
-502.47357,318.7246,-73.656586,-33.177986,-70.670654,-19.11642,-38.685074,1.2348704,-76.518295,-80.37453,19.276928,38.185703,-0.14636612
-497.23615,306.94812,-72.39941,-38.39261,-89.14882,-22.557415,-32.044846,9.511342,-59.755524,-76.521225,16.39587,33.74712,-11.3113785
-471.23364,288.18463,-63.781773,-57.439346,-72.429825,-44.161285,-39.582893,19.689232,-49.447815,-70.711716,8.284599,18.291744,3.5572453
-446.7452,292.43622,-79.4754,-68.765015,-62.189026,-48.193333,-52.894333,26.878767,-29.27801,-70.88344,-0.15652809,20.063421,4.653719
-378.03455,271.27423,-93.29524,-62.974167,-65.16444,-35.67704,-48.811096,7.9399557,-13.364952,-55.6868,-23.710106,28.8657,11.307583
-338.86517,252.79706,-86.08516,-61.80256,-65.28639,-26.219673,-49.65516,-7.7523084,-5.8215876,-49.104767,-20.945757,26.330603,15.614917
-368.15863,265.76416,-80.58905,-59.97493,-69.26734,-31.076153,-54.845997,-1.1397963,2.2606988,-48.908524,-23.310171,25.89991,10.19137
-369.0739,270.90866,-85.456825,-61.237495,-72.861206,-25.243046,-55.76537,2.3059893,-0.9734607,-43.918686,-26.980993,19.126429,14.628897
-358.03833,262.51428,-72.31517,-71.23082,-68.84373,-26.076082,-41.7175,-12.779833,-1.1382494,-32.765327,-35.54299,11.863686,24.1759
-407.0492,294.2241,-89.93032,-49.6986,-74.87133,-32.511868,-26.395119,-14.775887,-14.164955,-24.299335,-23.210901,3.0944786,16.71083
-409.4073,275.01135,-69.48801,-54.614674,-75.340485,-27.294468,-37.153957,-3.496585,-19.45174,-25.848265,-1.9959604,-9.43012,7.4467096
-443.85904,274.4112,-53.987022,-38.084366,-105.06117,-17.703938,-39.654556,1.1207514,-11.506401,-31.810144,-3.749398,-9.718557,-7.9303555
-495.57434,292.3192,-49.250328,-22.645134,-127.73682,-18.080269,-27.73384,6.5113435,-9.575766,-33.98801,-11.395699,-2.3819475,-24.596754
-592.33606,321.99738,-30.217295,14.417952,-166.61874,-12.734673,-18.567497,3.9851804,-7.575794,-36.268974,-10.420274,14.376871,-41.52311
-709.55676,342.76672,5.247626,37.228848,-187.24887,10.172836,-46.760582,-31.74102,43.960888,-42.63841,-25.450659,35.22978,-59.328785
-780.88196,331.24936,54.03177,60.295345,-202.24362,5.4662857,-55.353622,-42.65806,45.877113,-22.78614,-10.452994,20.803955,-79.70461
-900.7971,354.40234,95.50115,76.06531,-212.17648,3.3773956,-54.657204,-58.649014,63.160706,-15.262985,-19.590689,10.824524,-71.23338
-1001.1427,377.19775,136.29062,89.835335,-218.73785,0.30241203,-65.56336,-59.044533,73.22077,-10.2993,-20.50383,-0.9969559,-77.64974
-1062.9266,382.004,147.95972,112.44138,-199.1118,-12.870125,-63.069633,-66.46916,73.790634,-10.693401,-20.620638,-0.59945107,-74.198975
-1104.5037,380.68063,157.43022,138.65169,-178.68549,-21.91754,-54.454308,-75.98769,58.105583,-12.817878,-20.99418,4.206403,-71.01763
-1160.2839,383.45984,180.51245,138.42125,-139.47565,-39.164238,-54.62825,-71.06978,35.940937,-0.12777948,-14.879644,5.722174,-55.986874
-1123.863,370.74744,153.86868,165.15887,-102.381836,-62.04827,-77.461174,-66.00516,27.885689,24.633392,-15.174049,-5.463603,-49.390343
-1122.8303,361.15036,160.3068,175.99161,-98.09596,-78.6309,-62.593903,-66.44477,25.273626,20.817978,-8.053708,-0.23470783,-54.393837
-1101.9175,359.66476,144.11806,178.52527,-98.59196,-76.3569,-47.471645,-75.95297,16.067284,21.996887,-5.9589143,15.898331,-56.008774
-1080.2922,358.6617,152.62189,131.97993,-86.996,-45.926395,-64.8248,-87.10753,13.551023,26.661808,8.967824,14.315797,-43.078804
-1061.7378,336.52832,153.64484,148.59445,-107.59889,-39.994213,-58.311543,-95.55531,24.59732,29.315649,-1.0983024,10.071474,-42.4134
-1087.0028,342.09125,144.47067,159.55392,-103.50389,-61.46797,-53.67083,-90.60086,22.782497,30.463528,0.70772177,9.965267,-43.50812
-1174.7351,353.8312,149.69174,178.04797,-127.07781,-90.33767,-30.449936,-81.3129,7.198,27.774157,9.530142,13.033075,-54.57776
-1234.6919,360.44305,155.01976,167.3481,-127.74036,-95.67296,-33.919395,-83.5254,5.3120613,37.34738,12.026626,18.2237,-46.63227
-1257.7279,357.70618,138.9721,160.06332,-129.71606,-83.888214,-27.842522,-88.47504,8.512699,30.167845,18.865875,32.65793,-57.945034
-1341.3896,356.13574,157.02448,141.62552,-124.555405,-86.11549,-17.02531,-84.11789,-5.235653,46.449528,18.109665,25.317684,-39.61993
-1398.6799,357.04272,161.13629,114.65358,-107.62358,-63.724598,-22.586582,-80.50625,-0.3218689,49.471603,13.419345,34.33851,-33.436058
-1471.1047,343.91382,160.18939,85.333496,-85.610725,-26.399078,-22.54532,-91.464676,9.731012,54.814045,7.898671,36.874958,-30.281218
-1616.4343,341.88934,173.02078,28.298098,-33.98356,-7.9976745,-20.393932,-67.18511,3.033042,58.115643,9.933671,23.435154,-22.323563
-1770.0464,291.00198,178.2753,16.41027,5.5986586,25.150051,9.007237,-18.549927,9.007253,52.668304,8.211281,15.824402,-18.38723
-1788.0358,271.4389,146.2818,4.1301794,45.092625,41.686016,9.568827,5.544335,13.870324,36.018158,-2.8349423,-5.87893,-26.198399
-1752.1267,273.233,115.51404,1.2719307,73.595406,33.160404,-2.8189888,16.549067,23.711065,30.774353,-10.407626,-13.6371765,-38.703613
-1721.0924,272.7334,108.81503,-1.3178043,54.08792,19.87392,-9.630659,19.412428,28.506687,23.320404,-12.594324,-7.915055,-39.72504
-1682.6035,289.84027,99.58233,-17.418083,31.378416,21.064482,12.199341,25.653046,25.622356,18.328192,-18.915115,-8.737539,-41.921772
-1599.7266,298.8998,62.017174,-19.555664,23.266396,16.455862,12.828056,33.21809,31.22283,21.509897,-13.576936,-10.59992,-60.170128
-1107.8662,361.51877,35.277893,30.304527,-149.79523,-40.303486,-7.7427025,-2.6191254,60.465797,-4.610576,-20.85844,13.407087,-34.56893
-875.2925,362.0378,-46.857094,28.20599,-176.68628,-42.74259,16.027666,12.40807,29.993727,-23.090328,-17.619776,17.991856,-37.690323
-776.28094,365.8144,-88.10268,39.12432,-181.4913,-30.466038,15.720894,-1.5474701,23.470322,-31.25729,-6.564243,26.086002,-22.654709
-677.9815,357.1867,-117.941895,31.432928,-170.78377,-29.172691,9.661261,-7.2969174,31.32967,-34.725403,-10.471554,34.89856,-20.43612
-623.27,343.5361,-126.815384,17.63892,-159.3179,-18.410522,-5.4004326,-9.577656,37.509842,-39.762688,-9.284637,45.153053,-26.60285
-544.1505,319.5481,-134.95435,10.446293,-141.8736,-23.246319,-10.289595,0.1501813,29.935404,-35.511314,-6.7659435,50.487556,-27.602884
-505.33575,297.00812,-124.84468,-5.833804,-113.90869,-36.157074,-9.771412,11.272951,26.83869,-39.396484,-1.2095902,43.51378,-17.040972
-460.99548,268.03308,-111.632904,-20.608822,-96.47555,-44.978867,-10.936232,15.915475,22.583656,-35.67095,-3.9987283,46.737984,-12.539395
-408.8261,241.19238,-107.02255,-36.10448,-81.39461,-46.5672,-19.034626,22.665844,11.115498,-25.009472,-5.2316513,42.596897,-19.039972
-418.58743,239.16852,-103.51639,-38.84529,-78.02461,-54.033188,-15.154491,32.484055,7.012435,-28.745785,-5.537795,44.07948,-11.831531
-420.82794,239.26636,-115.52836,-21.813753,-85.246346,-54.065228,-8.6780815,21.452168,13.935368,-31.211409,-1.592958,44.468475,-11.024008
-448.59164,250.60828,-126.504395,-10.619438,-97.73442,-48.462738,-14.208643,33.444954,10.604706,-34.040314,-2.6203282,49.852524,-6.9365296
-529.0369,295.68655,-149.03706,9.268499,-111.553276,-44.278984,-7.0542316,29.037552,12.841429,-35.986298,4.1227775,49.016678,-0.9949331
-559.7267,290.1484,-138.65991,4.719942,-115.76369,-43.803696,-3.8121033,33.107655,4.607745,-40.53845,6.66027,48.801968,0.8846266
-669.56464,342.33313,-161.36505,14.670668,-135.20456,-23.221386,-9.19068,17.443825,11.235989,-49.570293,6.954451,58.611958,-1.3229737
-745.2043,347.58533,-159.43651,20.207756,-138.36768,-30.279257,14.287579,2.4107153,-7.078352,-49.979996,10.576732,68.57297,-9.400488
-836.80426,350.0949,-164.59882,24.527153,-112.72243,-36.30292,0.19332314,10.807426,-19.600113,-79.84056,24.828018,79.703964,-3.3035307
-932.8613,353.94403,-168.6945,2.6335268,-77.80871,-29.77106,7.029949,15.853075,-39.01422,-81.0663,29.290699,95.57997,-8.300486
-1145.676,310.23596,-115.853325,-4.3552628,-49.799797,-14.360611,13.194689,-1.8246772,-52.09298,-75.918205,13.585079,97.50912,-5.6602707
-1295.364,288.7052,-113.59128,-2.6819124,0.36695385,-10.865689,14.094456,-2.0716915,-60.971985,-70.22921,18.919016,88.02824,-4.6516113
-1511.9148,241.83388,-48.057205,9.475045,29.406172,-29.62371,-28.898365,-4.26206,-58.005463,-60.66149,16.314772,81.91123,-8.134779
-1792.2156,186.5903,43.50302,11.55533,42.758224,5.4286785,-5.637252,7.589859,-25.975428,-18.941132,-6.3093452,26.817127,-0.27046394
-1548.9504,237.58127,3.930295,55.99994,87.5188,26.501568,-37.236687,-30.025135,-64.26651,-41.248245,-5.742922,3.0259457,-18.432877
-1388.5681,235.20093,-50.12313,104.778465,106.22789,42.793217,-41.999935,-31.018955,-55.48491,-63.641823,-7.9374275,-0.38878822,-27.620964
-1363.3844,253.74634,-42.735607,109.08296,117.13325,47.045998,-38.048332,-34.823265,-51.75823,-63.14154,-8.393764,1.681345,-57.00044
-1292.2789,258.6759,-49.65926,136.26486,132.58543,45.780087,-47.187622,-19.93317,-46.594273,-73.87243,-16.669987,-5.702965,-52.065266
-1293.7058,229.40167,-53.06282,165.42047,152.11543,55.27294,-62.18695,-22.692726,-13.622395,-66.29106,-31.601606,-6.0456886,-52.312435
-1175.4617,184.51784,-87.650635,199.84476,127.173805,79.871765,-65.66039,-33.798874,-2.1562252,-67.448105,-18.301565,-6.647251,-59.70852
-1142.9099,195.08353,-120.21246,201.0699,142.02443,76.314545,-63.735237,-33.89554,-3.5930023,-67.09212,-14.386355,-1.0209503,-67.96164
-1156.5325,200.17036,-108.345825,176.30528,143.67348,73.93994,-77.45153,-24.062492,1.9924545,-70.93709,-19.950651,2.0185509,-41.79413
-1150.0752,194.54105,-128.75499,185.34814,137.14096,77.7401,-76.97915,-32.545727,-10.103075,-76.3201,-12.144171,-2.2630882,-33.829895
-1153.281,182.39403,-121.466545,183.90115,122.91441,83.33323,-80.40401,-44.562378,-18.387802,-68.024445,-10.641377,-2.1645508,-32.123116
-1184.2688,205.79774,-128.8607,164.24792,134.7839,74.672806,-79.09296,-52.416428,-19.758957,-77.05305,-6.4246173,12.913612,-33.83557
-1169.9349,212.19806,-139.81128,158.14178,136.14667,63.74346,-78.17651,-42.57567,-39.10894,-69.15838,-4.0922174,1.7843399,-24.800053
-1151.1975,213.6087,-147.81035,160.92612,128.72614,60.718033,-76.619286,-57.096325,-27.183304,-64.28484,-13.942736,5.6662617,-37.73284
-1097.5068,189.68068,-154.71535,190.39294,115.34059,61.355488,-68.56759,-63.873688,-17.617508,-63.688694,-29.21237,7.956814,-42.22768
-1109.9116,200.04211,-147.34732,187.4047,125.30907,58.448532,-90.77336,-71.75723,-6.247013,-65.11103,-21.567709,11.886396,-32.45788
-1096.2008,199.18246,-150.18674,193.13187,112.16809,64.487,-91.88456,-74.396576,-8.825518,-56.221592,-18.241858,-2.0970268,-39.597015
-1068.1172,183.48,-141.21387,191.77173,115.165886,67.949905,-85.512566,-60.327095,-19.479677,-60.168312,-28.779589,12.125437,-46.897995
-1043.702,183.83453,-140.18437,197.05426,108.99382,65.393234,-85.979645,-67.14922,-9.103058,-62.526295,-34.629684,12.530193,-47.88746
-1024.6123,183.5116,-135.81453,201.51297,96.79961,63.127945,-85.14877,-61.35127,-16.531664,-54.616318,-32.016228,8.037088,-41.4301
-1011.6302,174.24692,-122.72411,206.32523,99.177124,60.06829,-96.92464,-41.830032,-18.24093,-58.98085,-34.160427,0.7831974,-34.388374
-1007.50476,185.36667,-117.88278,197.84492,92.59414,63.24085,-75.46834,-42.63546,-38.142784,-66.96878,-27.390944,16.101788,-45.438866
-996.8229,187.91635,-126.654564,200.46292,93.8171,70.29789,-75.53617,-48.99656,-41.00815,-59.345554,-27.045885,8.283527,-48.908447
-1028.5161,214.85913,-104.125534,171.78065,84.50255,54.91255,-50.067078,-49.50248,-52.508293,-62.44774,-16.447607,21.074692,-52.223648
-1045.7347,237.40575,-113.680176,153.68216,73.59209,71.03092,-12.246847,-64.31654,-70.73776,-48.7847,-14.987735,12.431702,-27.843723
-1086.0557,264.18665,-130.60478,114.76938,74.88218,82.9883,16.120535,-77.81888,-69.190254,-37.974247,-24.241335,7.531311,-36.884773
-1218.3828,283.86108,-98.23157,76.13292,76.92461,67.69357,42.530205,-60.190926,-75.69508,-25.186014,-24.548616,18.408018,-31.76222
-1379.2703,309.31226,-80.12749,45.674038,48.6585,77.668564,65.63242,-66.99928,-70.70158,-19.219067,-10.487197,41.543453,-23.405508
-1526.3743,272.45905,-43.29755,13.371139,51.370068,84.21032,75.17618,-40.02876,-69.666855,-19.429958,2.068547,39.626873,-12.930153
-1686.1406,233.19618,45.54552,2.99184,54.667656,67.00116,60.678795,-3.770657,-68.14225,-5.632698,14.884762,40.890717,-8.562309
-1738.0554,172.57388,70.520874,28.326132,40.261345,58.017784,67.56289,13.528232,-46.80754,0.69418335,12.3428955,47.404007,-12.027214
-1708.2188,148.25294,45.491596,67.598465,53.421036,43.424797,54.265106,22.64035,-37.268288,-4.0471516,3.004232,24.44435,1.1417332
-1657.5347,134.07721,40.03029,82.89001,47.621666,38.679092,83.7099,20.075493,-45.131123,-13.128243,6.564583,24.894897,-2.2543983
-1538.4028,114.028046,-0.04776621,98.21292,34.39805,37.20771,85.3493,2.971284,-57.43654,-3.922493,-9.671322,12.393412,-4.1465054
-1173.5035,138.89844,-95.22073,115.84171,17.06673,54.98594,63.951385,-27.067348,-55.948143,4.259284,-0.9064904,-12.755837,-21.125803
-1032.1919,247.2148,-122.19037,113.4367,33.81823,116.37606,42.347332,-83.23102,-59.423946,-24.938087,-6.957112,3.6153107,-24.380558
-859.9167,234.56757,-151.33484,163.79887,35.623104,115.67386,12.934632,-77.43737,-71.77664,-39.260555,-6.964468,0.5444336,-41.338387
-807.9485,219.22256,-144.70477,174.33102,37.55686,122.6669,-4.1399574,-79.45358,-77.26873,-37.85813,-11.38734,0.30048943,-38.679863
-803.2147,217.44379,-137.3392,159.58267,43.639515,147.41872,-32.540142,-83.965,-61.183064,-34.99082,-30.394262,25.516375,-54.442913
-798.29614,216.90837,-139.73468,147.4855,68.47255,143.27965,-58.894257,-82.95152,-52.731796,-37.758747,-31.933311,22.69312,-56.18953
-808.2324,223.04227,-149.97357,155.90898,68.90873,126.45322,-61.142395,-72.729774,-66.26315,-38.947975,-22.225494,16.900099,-54.274868
-858.755,243.90991,-149.81474,157.6195,68.40419,122.14154,-66.68123,-72.966034,-50.286713,-60.709137,-7.6042676,14.2121525,-53.627983
-868.042,245.91747,-159.1942,169.68884,64.68239,108.99696,-65.01106,-72.54095,-48.050697,-65.68318,-2.1301434,12.163143,-56.627693
-894.07837,265.81467,-156.16504,150.15833,60.302734,114.292145,-64.978745,-78.3221,-44.456154,-68.20595,0.4265895,15.155016,-47.740715
-939.22375,287.08124,-154.10785,132.25061,60.871635,111.892204,-63.537952,-81.816956,-34.676144,-72.32417,3.950389,18.40223,-44.32693
-941.10236,290.6236,-159.94247,131.45041,49.131226,109.95186,-48.108776,-86.295746,-36.436172,-67.14943,4.6046286,21.904205,-45.190895
-901.2046,266.08725,-160.92688,115.21814,44.043133,104.043526,-45.124763,-80.075836,-45.90171,-54.412045,-0.7187541,27.515919,-45.596558
-901.74664,223.59677,-118.23063,71.90112,44.878056,97.84217,-22.119991,-89.48123,-43.05312,-39.949757,-3.8486927,32.65974,-41.018887
-1071.9874,282.27722,-131.56071,63.888775,30.306494,107.352135,-18.30425,-92.479034,-20.908195,-30.433037,-23.429115,39.33864,-18.38372
-1562.2703,301.3312,-24.16051,0.42971087,84.42308,97.75626,-1.3108959,-46.73329,-6.247519,-23.987625,-15.657751,40.68122,-10.553366
-1757.1357,320.85797,76.63881,-4.8494344,78.894936,61.17181,-9.148596,-17.474741,5.2145042,-2.083117,-1.1982605,15.6047325,-25.063272
-1722.8677,331.4718,48.059654,-13.594634,76.112885,71.66002,-12.894688,-0.91099644,8.544668,-15.210633,3.5706668,5.979949,-27.624166
-1724.6847,342.91312,53.228413,-6.5913363,82.97909,52.17537,-26.699795,1.807374,7.540384,-16.784773,-2.0375507,9.283638,-19.95053
-1695.792,338.67508,29.460083,-13.28376,81.592125,64.43724,-27.721508,-3.3268704,21.96294,-26.373974,-3.4240868,9.220066,-31.818653
-1679.0743,316.67502,28.66888,-2.6425247,67.79035,86.35913,-22.880306,0.080950975,43.60368,-36.29624,0.70287657,6.825757,-44.700466
-1704.9033,319.04678,36.980293,8.714657,61.992092,66.36046,-18.712288,8.172211,36.40767,-37.736786,2.5140843,19.183262,-37.602753
-1677.9047,320.49695,19.337101,-4.7480793,67.8617,73.62869,-23.558853,-8.9755945,33.61682,-23.960552,-1.4257915,11.924175,-40.628365
-1722.7305,314.97165,35.41015,4.0612054,78.63709,65.98133,-27.624508,-6.7223268,27.01773,-16.36496,-6.6999598,-2.2863941,-31.694664
-1710.0463,312.04156,26.578453,12.987344,72.71201,63.842094,-8.627301,2.9430208,29.86213,-16.676985,-5.64408,-13.690119,-38.09635
-1744.6968,312.63873,35.7632,-0.6109131,82.06571,71.00632,-21.596796,-22.11661,20.059437,-9.042279,-2.4099865,-4.780469,-31.546688
-1713.9136,313.58386,31.555866,6.1600065,63.870155,60.56507,-27.19312,-15.55363,23.179708,-20.179653,13.914281,-0.13378811,-39.697266
-1765.1588,317.69778,65.297745,-6.540268,52.861122,73.12303,-27.044952,-32.473343,21.615913,-18.01506,-5.173533,3.8850355,-21.013813
-1749.7986,315.92038,59.506893,-1.830523,56.892982,72.71608,-30.147884,-38.231956,30.621319,-11.317497,-0.03734413,1.9994631,-28.875072
-1738.8944,310.21796,44.88234,-8.669855,55.645775,84.29833,-16.780016,-32.640778,18.806557,-13.068531,-2.0781398,1.8768082,-26.119267
-1721.6687,287.1179,27.32731,4.3634663,67.87014,58.52027,-15.308941,-9.874258,17.058226,-25.505594,-22.842798,18.68329,-5.0041585
-1458.4735,290.90845,-41.43409,36.166706,36.709496,21.196676,-10.889748,-21.390173,17.634151,-43.031235,-36.61665,50.44716,-1.5992308
-1258.4547,320.20343,-118.2021,50.800526,-0.7885971,5.115716,1.9459295,-22.048218,-1.2611268,-49.311234,-19.528337,49.561974,4.9441643
-1167.5377,312.91504,-126.26611,76.826866,-24.812998,-11.166916,-10.15609,-16.612602,-10.481199,-46.402298,-11.800535,40.068222,11.768032
-1076.8169,304.01367,-142.22467,85.91643,-44.66822,-25.460379,-4.338064,-2.1540704,-27.834522,-56.539906,-19.501608,58.604137,11.841244
-1109.3087,330.0219,-109.36107,69.24912,-67.75597,-26.36525,6.3605766,-11.134575,-28.862507,-68.080986,-1.5504767,58.896942,-3.3532743
-1022.1764,340.69604,-137.02397,69.8512,-100.31285,-33.771854,4.348154,-3.1281338,-29.576988,-68.67401,10.356288,46.278126,-9.40544
-997.84937,337.0967,-93.18689,48.290714,-134.99434,-40.944706,13.568037,-17.22068,-17.929813,-42.958138,-9.606187,40.55021,-18.952148
-946.7626,349.9146,-76.137985,9.576286,-158.46071,-37.20063,18.528236,-34.416996,4.788162,-14.874451,-36.68051,38.351658,-20.325308
-962.8473,368.81107,-59.2191,19.05708,-195.82816,-45.842346,-4.5615845,-13.676472,30.952698,-13.260729,-43.023384,32.82467,-7.1168404
-974.8107,363.01706,-36.49571,45.701912,-211.84174,-80.973236,-26.595207,-11.033527,57.785175,-2.4883614,-30.00538,21.193987,-8.828564
-1020.6883,377.31317,-31.309078,63.316242,-215.75916,-91.887985,-55.609676,1.4208317,65.23585,0.7621746,-13.938819,16.397224,-11.854208
-1071.8856,372.33377,-31.2897,61.942127,-182.79782,-98.45389,-104.77484,15.555416,76.46898,-11.113018,7.082393,12.392479,-11.919552
-1178.7104,362.74872,1.4567194,46.861298,-149.16211,-90.514946,-137.1006,24.372145,80.315506,-13.269552,16.422276,15.700571,-12.16869
-1366.8312,342.0711,30.4452,44.410423,-105.80379,-93.86459,-132.99657,16.440147,67.4205,-1.5920868,37.904922,22.663454,-24.277664
-1492.7622,305.63788,26.37025,63.439007,-105.57256,-125.65509,-94.322334,25.491932,66.546265,-9.840815,17.014229,24.029379,-11.081028
-1582.2439,300.82605,33.750717,34.37814,-105.80592,-111.84453,-71.2224,8.20563,49.699142,2.950696,21.240295,19.73716,-19.532661
-1496.8301,324.60077,31.494896,60.717533,-117.58772,-104.84201,-46.621864,-3.1151752,62.27426,23.791409,10.765512,18.193378,-10.177992
-1368.3567,365.0229,30.000317,29.43599,-180.67273,-76.60565,-44.79068,-19.457214,70.09151,13.689241,6.0846415,18.946066,-7.3632965
-1162.7441,354.50433,17.87841,15.478914,-232.03726,-28.314907,-65.986115,-24.892727,66.97798,-2.257883,5.536163,22.164165,-0.3796196
-1003.3685,379.5937,-23.003178,-4.509573,-259.54358,-12.570541,-55.721916,-29.175741,62.654907,17.365404,-5.7805486,24.273703,-5.2212276
-946.76526,403.89178,-44.60618,-29.65234,-254.13264,-8.244566,-46.269245,-35.37351,67.9021,13.4221945,-16.824263,35.016495,-3.947031
-899.72534,394.62906,-55.408173,-29.474785,-251.66515,4.3167973,-51.998707,-13.284237,64.19423,1.89676,-16.592623,33.860104,7.012987
-842.0352,353.08716,-25.565704,-49.251846,-236.81967,-2.2340584,-43.584423,3.310608,53.49695,-12.3606615,-8.680793,23.955154,6.885399
-887.37775,394.17902,-55.425453,-34.14813,-244.23224,4.913679,-40.422398,8.226337,54.53747,-28.309856,-24.952116,31.786747,19.40604
-882.6239,404.47064,-78.8596,-9.099572,-231.49857,-6.0490894,-35.62421,29.485756,58.229527,-59.41791,-23.020817,35.894634,26.88509
-901.13586,402.9851,-87.03584,10.891199,-218.86958,-12.304277,-18.548853,22.941341,61.801197,-77.062515,-27.387709,38.526478,32.64163
-890.9791,390.5429,-99.42897,15.40476,-199.4042,-6.7957916,-17.240314,29.017643,43.740036,-84.40732,-28.419006,43.519867,22.21643
-933.2783,383.38843,-83.94734,26.75109,-191.28595,-13.529991,-5.005,14.559801,36.59906,-94.31954,-28.439796,43.497124,27.525362
-934.54193,381.95544,-111.15375,39.466515,-161.65341,-16.185284,-26.503483,33.555183,25.136368,-123.456085,-10.662605,58.933838,26.902046
-937.9079,363.71008,-109.81926,46.936584,-160.69542,3.9264002,-33.00085,19.393513,9.715736,-123.87985,1.9021331,50.719936,26.276466
-949.656,363.1361,-109.75743,48.925423,-154.75504,25.301975,-32.846844,13.855829,-0.6537657,-125.09294,20.292824,45.898075,26.823807
-939.18243,352.3376,-115.40146,51.73329,-144.84277,26.617619,-30.654762,-7.8831143,-6.5179176,-123.26924,15.31894,60.169205,24.414877
-934.5009,352.86884,-133.887,70.21782,-135.34363,21.780222,-34.05461,-12.714006,-6.4311867,-129.13168,23.105957,63.101646,32.680935
-916.30865,340.16,-142.03693,71.3468,-121.89803,28.328098,-44.763615,-18.600552,-17.22903,-125.57091,19.713684,76.2222,28.066853
-904.6659,328.82,-151.00745,70.12187,-109.18584,40.301003,-53.820023,-21.913841,-20.282562,-119.02997,18.630838,70.38345,40.165863
-921.81354,324.41394,-161.75708,69.31286,-77.428986,39.487144,-69.75551,-18.834866,-22.409416,-102.03758,13.088466,65.645996,43.856255
-961.5187,306.8616,-151.42065,58.876343,-41.009945,50.02129,-76.41926,-26.29522,-22.687233,-70.402214,10.244476,55.98777,26.303734
-1168.294,318.56137,-131.11829,40.916588,2.8656473,52.879272,-51.855377,-19.832394,-16.34222,-79.75827,10.346024,53.687958,34.06142
-1605.4908,306.48547,-38.272175,7.2788925,102.24059,113.113495,-19.765745,-35.754353,23.455902,-35.972916,-6.6730614,10.527263,-23.100246
-1666.8016,299.85034,-25.447771,0.89303684,109.840645,106.70564,-30.190083,-29.261238,32.57462,-26.148478,-8.227357,5.682024,-33.974964
-1702.9656,303.6636,9.478365,11.657559,104.83453,93.13678,-41.081184,-50.565826,28.281113,-16.379126,-0.9531736,10.837351,-32.590202
-1734.1879,322.73526,25.472935,0.34625864,114.99124,86.10015,-45.21683,-45.901867,24.2767,-9.459782,-1.637687,-2.4508338,-32.623768
-1747.6523,328.27557,30.441702,-5.2736216,116.46719,76.19331,-43.349174,-35.462563,18.848434,1.6061726,-12.454956,-12.583725,-30.150627
-1761.0056,327.19437,44.98795,3.9106174,117.90946,82.949265,-37.644745,-37.840244,16.224646,3.3709068,-6.2664447,-13.639946,-31.728807
-1611.1653,313.3109,-22.774893,37.37072,131.74768,61.395123,-69.24046,-22.90487,27.561008,-32.940117,4.928337,29.057001,-37.68835
-1251.433,274.4216,-128.43518,110.304794,112.9828,76.44151,-113.47949,-44.985447,40.748566,-75.09742,11.62568,61.317787,-43.761322
-1072.2853,235.22127,-189.2224,170.2482,107.226425,73.75122,-126.27672,-49.87181,42.22028,-53.338356,16.272831,23.860373,-36.984028
-1004.14526,193.41315,-177.86061,201.19102,83.64912,68.14412,-139.95554,-35.465088,42.16488,-47.16876,-0.42419824,20.108707,-12.222574
-1047.6392,204.05489,-179.36688,202.82106,87.91496,75.03399,-142.91403,-44.57493,60.80317,-65.38794,-4.14713,31.42708,-14.715288
-1043.6685,208.42299,-186.41644,198.83807,99.64531,74.97302,-139.78418,-50.56288,59.45729,-61.24199,2.389965,32.193687,-22.160324
-1035.6016,202.694,-190.21904,208.50084,90.71367,71.865204,-145.71405,-51.611042,59.9646,-65.18992,12.161039,19.057,-8.178518
-1029.445,213.16393,-185.15536,194.75497,83.20279,81.706924,-139.64938,-63.046093,57.282364,-62.987766,16.740135,21.192608,-14.591019
-1019.40906,220.67978,-186.32584,190.20103,81.61391,75.64145,-134.29996,-70.98364,47.71347,-58.66834,18.276165,22.602291,-14.24177
-1029.2888,231.34926,-179.47046,179.66498,70.74048,87.552536,-134.71983,-80.617905,41.595284,-53.411964,12.625511,30.340782,-18.463205
-1053.453,234.55806,-160.4355,153.94449,77.999664,80.60949,-132.55766,-72.08334,34.4513,-52.690594,16.189066,19.333218,-16.171267
-1094.5354,253.38866,-146.27466,151.9972,60.1829,84.69754,-119.39996,-68.83744,37.18982,-53.37503,16.753443,27.765852,-16.25666
-1108.2782,223.46463,-131.83719,129.80338,72.39986,76.8996,-105.49597,-46.34247,3.543821,-32.841763,6.0957103,20.622478,-9.650127
-1466.0186,261.2166,-61.528694,95.136536,94.05456,74.4188,-74.04205,-33.409935,28.61774,-49.62349,4.652851,30.236113,-11.321668
-1715.9443,320.43958,22.42554,9.400132,117.72403,82.79025,-29.355928,-30.867413,25.296242,-11.0085745,-17.325624,1.1559601,-20.829628
-1761.4994,323.21454,32.02766,-4.959106,131.10513,91.45445,-31.372185,-22.617321,19.634615,-9.766256,-13.092103,-0.5448451,-22.088137
-1786.6692,330.45612,47.618988,-24.083153,112.0132,89.11354,-31.427559,-25.01026,29.923698,-7.2565675,-22.416437,1.3487067,-25.062698
-1775.0032,337.6965,47.520885,-22.595974,122.41455,80.953125,-32.49015,-9.340842,29.791859,-12.113384,-19.372757,-0.32944155,-23.243462
-1789.4902,327.7897,52.960335,-12.763379,126.46147,86.23875,-35.45046,-20.961622,30.584538,-9.415195,-16.548191,1.6552737,-23.725864
-1794.2849,326.4532,46.6001,-17.383348,127.623215,87.961754,-35.90398,-14.744572,29.233974,-6.7862267,-17.264353,-3.8585067,-24.60381
-1808.4095,327.3813,45.26078,-21.077225,133.15694,95.18704,-33.089867,-15.707813,24.267263,-10.592981,-15.879823,-5.970434,-23.146124
-1807.7852,326.64877,53.01195,-13.944554,132.4696,91.253265,-33.466423,-26.021482,11.969094,0.36157733,-11.435048,-0.9371049,-11.468268
-1796.04,326.92938,38.70546,-30.52134,132.68771,90.96258,-33.47718,-15.074048,21.395222,-14.711296,-15.071907,-2.6758842,-23.12746
-1788.4941,326.47003,37.13978,-23.660454,132.6326,94.38535,-35.599815,-15.153399,21.445415,-22.255024,-15.672086,1.3148537,-22.406693
-1784.9731,331.46045,37.671234,-12.503357,134.86176,85.88057,-34.447014,-10.042654,18.491425,-8.802317,-14.277587,-0.043346882,-21.302238
-1791.0841,328.09082,36.269455,-19.587952,135.43625,87.56495,-37.634087,-8.360627,21.450191,-15.017942,-10.282417,-5.0216064,-22.592438
-1785.5226,324.04816,41.721443,-10.780405,124.9388,83.200554,-28.043304,-14.829234,15.875772,-13.901176,-10.142606,0.43244982,-22.532648
-1790.0885,332.27246,39.563362,-15.659701,135.11916,86.37512,-32.30768,-14.157444,16.39024,-15.4748125,-11.815846,11.716277,-15.272082
-1769.158,323.83942,31.841152,-13.943769,118.043236,84.520454,-29.101456,-14.444208,24.670727,-22.599663,-18.42596,11.520394,-19.475239
-1749.6824,313.20685,14.01231,-8.013346,122.823814,89.89038,-34.971146,-13.642011,33.76097,-29.615124,-22.556787,6.9199867,-31.539598
-1764.3564,308.8695,25.920404,8.625375,124.80824,77.26033,-27.346703,-21.884796,16.54758,-14.314402,-10.693047,-2.2445393,-23.246159
-1719.2037,306.42596,-2.5151014,-0.32543278,118.94177,93.147575,-20.959654,-22.414797,29.313923,-17.705421,-20.032434,-6.014902,-31.080364
-1781.6039,314.71643,34.68828,-5.7209578,126.187225,76.73804,-30.932516,-16.600866,15.516355,-10.351549,-5.337063,-9.255474,-19.80201
-1821.7153,311.95288,44.032707,2.969099,133.96518,76.1484,-32.107986,-21.969402,11.118036,-4.1795826,-10.128407,-3.7885008,-11.759644
-1820.6189,315.04584,42.95008,-3.0296597,136.67987,86.9857,-27.59461,-33.968327,2.0999138,-5.476758,-18.362743,1.1239064,-6.716525
-1718.1216,297.57715,-8.203808,20.347599,141.82245,78.618546,-38.798462,-23.119026,25.429588,-8.365652,-4.0232778,-8.085745,-33.318626
-1797.408,314.84778,34.943275,-1.889081,137.5057,70.01925,-38.60244,-18.754642,23.72511,3.7440395,-11.294351,-16.235344,-29.083935
-1704.2024,302.27826,-12.327143,10.907264,137.36447,88.94313,-44.81297,-32.715305,30.362087,-10.349471,-8.24107,-1.5346441,-29.913761
-1768.3663,318.56146,27.347363,-0.15438116,129.7944,69.85446,-42.828762,-12.588318,23.155952,-10.55832,-10.560292,2.6201847,-22.19653
-1710.6487,324.9109,-9.498467,-0.4650786,153.74457,58.888187,-56.470303,-24.904137,18.416443,-3.7120504,-5.173286,4.457944,-19.659283
-1764.5791,315.2022,16.839716,-2.736683,132.2377,73.85638,-34.427998,-7.044715,8.285809,-20.387043,-2.916233,4.1821146,-20.74083
-1775.0293,307.14603,28.344816,4.368412,129.05247,90.15407,-30.926497,-18.68269,15.859756,-24.020372,-7.767913,14.866392,-27.694622
-1791.4753,310.9837,24.77996,-6.503787,141.78549,86.336655,-34.922443,-17.517654,20.031185,-21.133602,-13.244193,1.6293573,-24.581577
-1804.8389,304.4458,31.261581,-7.7422,137.77187,88.4274,-36.331238,-13.140195,20.226294,-23.68619,-12.758846,3.5669937,-26.46007
-1740.4968,309.43396,-9.973167,-9.314647,151.29137,86.61094,-41.274284,-15.39123,14.936394,-25.627064,-10.193931,0.24154949,-28.993534
-1798.6946,302.03986,25.81159,3.4744272,140.09177,81.08688,-37.578335,-15.192539,23.586601,-22.012012,-7.875776,2.6942053,-34.548096
-1817.8289,295.84253,34.400345,9.445801,134.6553,79.149506,-33.72187,-11.291374,15.612087,-24.226578,-9.132592,4.7938175,-33.545692
-1839.6803,298.4275,48.223488,9.53392,136.97263,74.42131,-45.078316,-22.357285,3.5620813,-14.688578,5.6116376,0.5836005,-28.06638
-1823.7214,306.363,50.45388,-6.821,119.85512,75.26275,-32.461166,-15.901113,19.5763,-5.1598463,-13.669872,-11.976098,-23.331224
-1838.3821,311.87213,60.2694,4.5601187,133.06139,64.82173,-40.04863,-15.59723,11.268845,-5.233423,0.59632194,0.2072699,-26.47062
-1817.8109,297.01758,46.404045,12.45909,139.53726,70.8839,-40.215263,-22.703775,9.963687,-15.362045,-4.6001644,6.505935,-24.468464
-1804.5088,311.14807,44.01992,1.4258976,128.247,72.07997,-42.929123,-18.439491,17.764606,-14.654253,-1.2725779,8.094706,-27.265495
-1804.7314,308.96054,39.767548,9.2610855,139.55548,68.02591,-41.337166,-8.667677,8.249513,-16.991158,-1.2608166,9.0028305,-26.685719
-1733.2866,317.35266,-2.3045719,-0.504596,140.6334,66.77851,-38.465435,-6.4914236,5.598201,-22.019459,0.7587896,-3.1252432,-25.117176
-1790.895,328.08875,41.990944,-16.646511,112.414215,62.85039,-31.531769,-1.8485103,20.092901,-33.98427,-11.168848,17.436026,-32.73197
-1751.6145,322.06378,22.396873,-3.6760788,126.68948,64.697624,-44.987034,-14.926163,5.24068,-39.953876,-0.5121806,25.894299,-18.89514
-1805.1943,323.84064,43.832695,-1.0717845,131.5263,59.698357,-50.737885,-15.027452,9.032015,-24.75091,3.6680105,20.181852,-14.763758
-1787.2921,320.25598,45.90052,-2.269421,121.30382,51.75454,-40.98068,-11.723224,9.676909,-16.482555,-3.067911,14.936077,-23.471146
-1761.9454,323.64465,22.310133,1.9486196,122.37802,62.17193,-36.35411,-14.73286,13.932448,-17.013802,-3.311368,3.2218294,-27.404175
-1749.178,311.8689,18.625248,-3.5661361,127.891594,79.94469,-36.690823,-11.908074,18.229555,-23.438335,-12.221889,-2.4434443,-30.381697
-1736.5916,320.74167,10.730662,-10.812519,130.96785,78.88705,-38.30606,-2.386754,22.368053,-23.299232,-9.726927,-1.3505087,-35.912098
-1748.1113,317.44775,6.3541656,-11.194137,123.72658,73.32843,-30.961517,-1.1460805,15.468524,-32.892952,-2.3632863,3.6840754,-38.094948
-1799.559,318.84372,38.02591,-17.785435,132.6089,82.09172,-31.70509,-5.8015113,15.121577,-21.335945,-7.3713946,-0.7854204,-30.260357
-1796.8385,323.76114,41.93301,-18.31464,130.0668,81.195076,-41.113686,-6.800788,12.910484,-16.559303,-2.2264218,2.6649518,-29.352242
-1711.8922,321.93845,-1.1842256,-11.382511,122.662254,74.08101,-37.116154,1.8539262,17.170345,-24.145756,6.4343743,2.1858835,-41.88768
-1774.9143,317.8495,23.392513,-5.351719,135.58652,70.58203,-31.955734,1.9243007,10.0352745,-16.728117,-1.8438026,-2.7960758,-36.60918
-1788.3035,322.4453,31.764738,-1.0570326,148.60449,75.74645,-39.373215,-5.507995,14.852935,-10.951729,5.501107,-0.30557203,-32.038177
-1796.3997,325.9156,39.79237,-11.211286,127.92324,72.12503,-24.64487,5.266929,10.656313,-11.599147,-1.7427465,-5.4694986,-28.09115
-1788.703,330.50232,28.493496,-17.61658,136.57037,78.183334,-34.059917,3.4309387,23.869873,-18.579977,-7.482755,6.5947843,-31.366852
-1810.8704,322.305,48.08465,-7.7170095,132.84015,74.417076,-44.791885,-3.259202,20.432873,-11.935261,6.37964,6.116713,-36.458843
-1801.8896,316.8676,48.619408,-5.9267764,129.97319,72.85042,-37.333496,-3.5468454,14.520944,-15.244812,-4.381578,6.5945244,-26.614449
-1813.9779,315.8791,49.85468,-4.001694,123.20795,73.5205,-30.347591,-4.3119497,13.836656,-5.9109144,2.4092083,-10.626718,-36.35034
-1813.198,311.2431,57.292305,-14.235597,120.51926,81.09795,-26.66946,0.4343357,22.934605,-10.4771595,-6.818815,-9.431929,-33.783016
-1802.1936,313.95572,43.29003,-9.245487,110.56421,76.61601,-25.898418,3.4043956,27.293493,-22.174679,-10.479013,2.0522509,-36.934486
-1833.603,311.01013,55.73465,-13.252182,120.05354,71.62938,-22.940956,0.55542064,11.622935,-9.261421,-7.9583163,-10.831127,-35.748463
-1793.2625,308.91357,49.508034,-9.817699,106.094795,72.80706,-24.701914,-13.577436,11.520214,-22.139904,-15.029276,4.0718565,-22.3796
-1740.0627,321.08118,35.309464,-31.887241,91.63063,83.32892,-15.622391,-11.020046,6.4434795,-21.373987,-23.269678,1.9047222,-9.099524
-1509.658,343.08426,-17.074043,-22.114872,23.970074,47.005043,12.802238,-2.7312891,4.9916472,-54.15896,-42.345036,40.427673,7.007464
-1131.6157,264.9245,-51.71611,46.40892,-49.870453,13.655381,19.41072,-4.492041,-42.096024,-52.503838,-39.116936,55.55504,19.498255
-1031.599,315.91302,-124.1729,65.08765,-93.89596,17.551228,13.848477,-12.74375,-17.236525,-81.23262,-17.156082,65.010544,25.96776
-959.0581,327.76282,-142.42734,70.56385,-122.1172,10.857464,5.592173,1.2466292,-23.53532,-108.09027,-2.3997447,65.589066,36.57582
-998.4303,345.83566,-124.59834,57.86032,-127.388435,16.814177,-1.6413994,-12.669327,-10.954939,-104.36438,6.261201,68.34392,22.48424
-994.2567,375.091,-134.85858,42.62789,-123.78577,7.8402424,5.811183,-12.239583,-16.100605,-102.86363,6.274437,65.49031,20.48079
-903.9606,358.1602,-158.09616,48.360188,-142.5765,22.161104,2.250413,-5.6123114,-21.568434,-108.52068,20.408041,59.360374,11.195223
-949.3147,366.17282,-143.64688,52.622658,-138.4722,9.333385,11.850455,-16.693707,-13.850206,-100.39277,16.477568,60.793434,-0.01739645
-845.86,347.1969,-178.99754,71.41699,-150.49666,6.051302,14.120516,-9.729387,-23.198675,-105.821045,18.253876,64.74277,-3.953165
-924.08374,362.2508,-149.93224,54.193428,-141.68681,1.599802,9.353324,-21.79914,-8.198828,-92.030914,10.776727,66.66495,-13.628218
-839.05286,355.7665,-190.2638,72.06387,-144.74506,-1.821414,4.180435,-18.924082,1.8099008,-91.96062,15.731553,49.753876,-12.653847
-903.88043,383.1205,-171.38626,45.179245,-143.92758,-8.732943,21.90371,-26.586845,1.2967324,-74.39932,11.34943,47.71286,-16.255638
-862.4914,386.02878,-181.3255,37.845093,-157.62492,-5.3974476,17.392502,-24.422764,12.174662,-74.729866,9.0769005,37.919,-17.772636
-965.76764,412.20428,-124.08978,0.29782403,-153.77359,-14.281904,6.3279514,-20.777298,10.223574,-44.478897,-9.017231,35.575974,-3.2398016
-956.7031,403.5523,-109.824936,13.780102,-178.46515,-19.203917,1.2636757,-12.8474865,31.384588,-37.864426,-24.15818,36.578003,2.3143787
-921.9855,398.1319,-112.50743,16.953709,-194.45496,-44.330902,5.063492,-18.515614,51.405952,-27.225473,-42.81157,47.49356,-10.929638
-948.58704,406.20557,-99.35472,20.967102,-195.6319,-75.91803,-8.460945,0.70446396,57.231255,-17.289513,-47.238895,38.45893,-13.3253765
-982.0187,409.2852,-63.00439,20.25766,-190.36044,-102.13532,-34.500687,6.913555,57.19766,5.327223,-39.1708,37.54991,-15.343227
-963.58075,399.1695,-74.619934,53.74115,-186.3389,-122.042175,-64.138275,21.824133,58.653664,5.7961063,-16.812664,27.626516,-20.246925
-1049.1616,403.11472,-44.3385,22.042307,-134.24808,-124.56964,-114.51139,48.42267,56.650887,-18.097713,17.416199,21.923195,-27.757355
-1194.29,391.5025,-6.6015234,44.722748,-134.35066,-138.8454,-127.884476,50.621407,74.56493,-27.40464,17.670723,24.190811,-22.606115
-1263.1321,383.48505,-11.202725,67.27438,-113.49701,-170.55844,-121.50124,39.444256,70.06346,-20.444056,2.8706346,42.359146,-18.086483
-1258.6578,369.2401,-12.459684,81.5086,-118.85036,-177.51913,-125.89715,48.016235,69.915405,-23.969437,2.0556548,47.03763,-17.17819
-1181.849,359.96292,-25.532314,94.291245,-141.03642,-169.2799,-122.464325,54.09514,70.10126,-30.475203,1.0881675,42.67859,-10.376926
-1135.1697,362.9768,-24.022749,79.86462,-146.79424,-164.04463,-125.03734,56.13106,69.22803,-37.20977,-1.5139755,42.103302,-6.7595215
-1135.5167,372.43756,-26.883064,64.06823,-137.67845,-157.10066,-119.57335,75.40112,84.29313,-34.73282,-1.6494212,35.1689,-6.7655716
-1166.4026,426.87048,-36.722412,6.5879617,-117.011566,-139.47739,-115.264244,86.20762,83.7852,-58.735336,-4.6871853,33.843117,-0.18846512
-1201.3469,450.11258,-39.537388,-44.912163,-101.444336,-116.60922,-103.89371,111.68004,83.9839,-67.01874,-8.220439,14.833073,4.194828
-1229.5157,440.3037,-40.156986,-38.88479,-116.502785,-78.11547,-13.473574,68.94942,76.4818,-51.565613,-48.012398,23.77123,1.7286949
-1244.0496,413.3813,-48.714523,-16.33833,-107.7108,-35.67003,4.015628,42.039955,68.932236,-73.18046,-48.637474,28.242485,2.029461
-1300.6,383.01852,-51.44179,11.483428,-56.327843,-1.2797847,-5.251362,18.802216,48.076385,-86.455444,-30.162203,54.045578,-6.7176266
-1314.9272,342.9374,-70.18092,38.730972,-4.645872,20.557243,-18.391571,-3.2278042,32.08242,-84.9707,-17.228756,64.93358,-7.2981663
-1354.8281,306.4248,-102.68862,66.73141,71.09122,25.742146,-47.664326,-19.58842,39.921482,-56.714005,-10.840381,39.24295,-17.630013
-1338.9602,276.10382,-122.97063,106.709145,101.934,42.894875,-89.8716,-25.718122,60.835503,-41.949623,-3.5047855,12.092772,-25.264227
-1360.3779,275.41766,-140.62653,116.32272,137.83885,28.816475,-90.43542,-21.519413,52.82313,-25.644882,-5.562216,3.7992373,-24.036274
-1358.5039,260.06152,-135.71118,128.05743,124.55665,50.367447,-101.68584,-25.478544,67.180046,-38.71128,-6.365996,9.553652,-26.146233
-1355.5914,242.39398,-122.16047,129.9501,114.346695,65.90071,-112.23584,-27.53019,70.364395,-47.580597,1.8883144,2.8943443,-34.217953
-1384.0714,249.61473,-129.68723,131.49014,122.81056,60.080704,-103.252304,-29.860706,75.40138,-51.13847,-8.516554,10.180908,-35.691807
-1396.4741,247.18338,-117.57937,123.19866,121.55837,55.755054,-98.95955,-25.883312,76.31031,-49.18081,-10.770387,13.167723,-30.151573
-1403.5433,244.40277,-99.32619,121.16499,109.23512,73.16025,-113.90906,-30.69474,77.79682,-63.705055,-9.997544,24.326712,-36.230156
-1403.2349,261.41135,-81.34771,102.011505,105.49476,78.95703,-116.2596,-22.311993,72.93828,-61.364914,-8.706253,23.62668,-23.872541
-1415.0646,265.75476,-90.83973,110.745316,107.38101,58.627792,-115.06188,-19.622478,69.737114,-52.858543,-11.618716,18.054785,-18.617216
-1415.345,251.17987,-87.39475,125.64779,96.62355,65.354706,-105.504,-34.273735,74.85661,-61.67385,-12.77232,28.596245,-23.890919
-1433.4207,255.9669,-66.483444,102.08798,106.25592,61.559174,-118.72615,-18.379738,65.62859,-60.630753,-11.894059,27.806458,-24.254738
-1440.8518,248.5709,-72.723755,108.46069,107.893265,60.72442,-116.259674,-6.7041893,56.122112,-59.965096,-6.8434544,14.068747,-16.398151
-1436.1011,252.08516,-81.83494,121.03045,104.79988,56.36809,-88.08223,-15.191092,63.90748,-54.51849,-21.582193,25.344418,-20.164087
-1419.7275,248.32916,-74.04367,110.549934,93.20814,67.85123,-105.41729,-13.735305,69.552246,-60.50374,-18.486317,19.86396,-22.612434
-1414.16,253.75963,-78.385506,118.637314,103.46155,61.19111,-110.240326,-18.963062,66.43747,-59.06653,-11.996463,20.034302,-11.68799
-1411.0172,247.81052,-76.62324,122.789276,100.413475,71.094475,-126.368515,-22.09134,66.197784,-61.10092,-2.1304922,20.437769,-16.477161
-1395.9277,245.57927,-75.303276,121.18431,95.72958,77.34206,-133.04755,-23.738049,76.461624,-63.019257,-5.577836,23.837578,-20.001417
-1350.7479,228.92612,-80.41658,127.88361,82.57445,89.6927,-140.64743,-8.598706,65.75494,-57.815895,2.1055136,7.62327,-10.863459
-1352.3175,224.34265,-80.21892,125.923355,86.50308,89.46782,-126.56982,-15.285369,72.009415,-54.367424,-7.0045195,16.471003,-20.346241
-1319.8898,227.58768,-112.06181,121.31971,111.44438,105.37713,-129.24527,-27.425167,73.34053,-44.894295,-7.701898,3.7999954,-15.002943
-1411.6661,243.28485,-69.62056,105.901886,90.57109,90.19275,-116.66391,-15.930107,78.718414,-68.724815,-12.258898,20.093496,-19.10616
-1451.4843,255.75343,-68.372345,115.28992,102.703384,64.552475,-102.26961,-28.816315,73.852425,-60.911003,-14.625204,35.30243,-26.564568
-1413.7124,241.20569,-72.36527,117.8082,91.18354,83.678894,-114.65315,-28.61371,77.96115,-60.149223,-18.060484,27.770872,-21.781906
-1435.027,251.02734,-68.26461,114.79935,92.12922,79.69298,-106.29828,-36.837044,72.15588,-50.546146,-17.599686,22.960941,-14.770172
-1409.8099,247.64734,-73.953445,115.98943,80.996994,74.60223,-100.87738,-34.37611,68.201866,-47.040245,-26.405954,20.335716,-9.585121
-1434.321,262.28876,-77.92448,106.106766,100.26524,68.93126,-99.928955,-42.7907,69.575195,-35.252445,-14.236783,7.7354507,-16.989025
-1418.2042,248.89542,-76.37948,111.84324,90.49771,85.2283,-104.45476,-33.643063,73.208786,-38.891754,-14.1362095,3.0421066,-13.234356
-1431.2715,241.50793,-73.23129,108.72006,97.34639,89.35071,-115.45415,-33.67411,75.18108,-33.583485,-18.518414,-6.3261614,-4.7005234
-1432.7253,241.72736,-83.255936,108.638596,104.34418,88.804504,-109.05526,-44.536556,76.81603,-33.172363,-26.455658,0.24352074,-13.934984
-1408.5652,242.53174,-77.79623,102.45953,93.062584,94.361694,-121.07571,-44.410374,76.43919,-37.444763,-14.514634,-2.4120846,-6.110054
-1450.9647,261.5547,-69.25531,99.66365,107.79402,73.95597,-122.65369,-42.03545,62.591423,-39.060616,-11.109807,4.533436,-7.7552776
-1318.7318,232.97363,-110.94011,121.45787,83.82222,81.68226,-115.00794,-25.336151,58.27862,-28.473698,-6.415268,-4.415394,1.4623909
-1457.405,250.70728,-62.144047,106.70401,101.42501,90.59126,-109.63438,-34.69638,79.81407,-43.084816,-20.764414,9.81518,-8.209522
-1462.6123,254.32877,-61.315666,105.66722,87.72905,86.43294,-113.30926,-47.499237,70.33178,-35.740253,-16.009434,2.799034,-8.699114
-1458.2932,257.42255,-60.277428,99.6093,95.4451,73.577,-112.41982,-41.58025,68.679184,-38.434475,-22.105103,1.3225441,-10.336506
-1451.7754,248.65427,-55.61746,101.58897,91.454544,84.559494,-111.696434,-41.38561,65.04072,-33.601547,-14.491491,-0.9035435,-10.768976
-1439.6777,245.59396,-59.254135,98.291275,93.86917,84.7946,-112.06656,-38.936893,62.722244,-37.145832,-18.20124,4.4017067,-11.822044
-1384.1265,237.30476,-63.71547,104.706085,81.34907,99.57637,-123.674515,-33.41933,61.941895,-34.8613,-8.8584585,8.248829,-8.284523
-1319.6866,225.30594,-97.917305,110.70242,87.65765,94.29653,-131.19876,-16.759045,55.95377,-35.078217,-5.3836145,-2.4665089,-4.170761
-1266.9802,215.19669,-134.48013,129.5454,78.218605,100.72444,-114.57387,-38.03296,66.97485,-36.740868,2.3790298,-0.30874825,-15.028156
-1386.3007,215.40314,-76.12038,138.47249,91.19165,81.94729,-119.874374,-35.467754,76.47738,-46.075504,-9.114152,19.257442,-26.649261
-1341.8406,227.54547,-99.78401,125.58534,78.7249,84.26497,-104.29222,-34.436333,71.379265,-41.73976,-11.444143,10.677874,-15.792051
-1379.8712,234.39706,-88.95853,120.72145,86.25163,87.71738,-103.32496,-34.342,68.85343,-38.901337,-18.973423,17.331573,-18.365364
-1438.0946,252.09573,-69.07452,113.05675,91.35236,81.44008,-109.89934,-41.54567,75.43791,-53.835716,-17.329897,30.949265,-24.638287
-1433.8805,247.81607,-62.689598,114.446945,94.92026,80.69672,-117.958755,-34.973373,70.67084,-47.357048,-13.637665,29.093376,-19.184307
-1426.679,249.41846,-68.27037,116.382835,92.649475,72.465195,-111.233284,-25.424152,68.23079,-56.023308,-8.876797,26.291916,-19.11287
-1322.2317,228.74438,-107.89577,128.25159,91.94838,81.98148,-117.45667,-20.926497,61.561638,-41.627834,1.2777326,13.243748,-24.691406
-1397.0454,234.31934,-78.70349,113.81833,100.21689,88.97084,-118.23858,-25.344471,70.63142,-58.230034,-11.711119,34.90461,-22.432104
-1319.4188,225.0275,-95.04486,107.09675,92.05139,109.44137,-131.5954,-34.260612,66.87654,-32.30672,1.3629266,9.47852,-19.778946
-1431.0902,251.40767,-67.72397,95.280945,107.94095,79.47002,-111.84285,-19.041573,65.52522,-51.245537,-5.9842286,16.90177,-24.768543
-1433.8723,250.82855,-69.200226,105.70751,102.23235,70.43048,-110.33249,-20.113749,68.22978,-56.8452,-12.307008,28.798134,-22.81774
-1436.7654,243.93839,-56.255882,104.01593,92.74753,83.92192,-109.83963,-16.093643,63.52264,-57.605507,-8.008407,25.967651,-23.767467
-1436.7386,246.69746,-55.33716,106.69907,95.454865,75.799484,-113.41211,-23.128613,68.48282,-59.88314,-4.7487783,26.02304,-21.44366
-1382.7681,231.2467,-82.3584,124.51993,79.20264,73.143196,-106.116776,-17.218716,63.077957,-51.08055,2.3986087,5.74576,-23.182745
-1405.908,229.46063,-75.42619,127.2622,87.35948,78.39119,-108.661125,-21.979776,63.381638,-56.507698,2.9359171,14.594498,-28.534698
-1464.858,255.10675,-56.43088,113.75242,99.55722,73.91519,-111.72204,-32.246048,68.71997,-60.8126,-9.967357,34.065567,-27.735704
-1436.2706,256.57037,-51.018547,102.79181,90.53634,78.19741,-115.40191,-30.138268,68.36873,-50.51776,-6.5727816,21.325754,-19.34291
-1440.5259,244.5575,-45.53169,104.78064,79.39155,86.424805,-112.36653,-41.019474,71.67735,-50.256058,-15.124463,25.417206,-23.673307
-1312.0771,216.34561,-82.11134,117.90968,63.996014,94.575134,-114.71369,-28.422548,66.142365,-45.237778,-6.0038366,15.752825,-30.02324
-1349.6228,227.70372,-74.74437,110.01233,80.60448,110.95539,-121.71402,-38.851128,61.161858,-43.48259,1.8049458,12.379608,-17.615328
-1369.3892,231.68512,-69.8595,101.47975,88.28569,107.644714,-116.343735,-36.597145,66.57317,-45.228165,-2.0108523,8.589407,-18.978075
-1395.5596,249.43132,-67.79257,92.58144,102.392426,95.03669,-115.86319,-32.675926,61.343952,-40.891357,-5.702162,3.4077072,-14.045849
-1369.9215,259.83917,-95.42107,89.52215,109.406296,96.682175,-112.4555,-48.76034,57.69835,-34.2518,-1.4104284,4.958112,-28.044123
-1375.1433,250.86923,-87.23648,92.4102,106.07049,96.43663,-124.58019,-43.26184,58.38053,-36.937607,-3.673723,9.075628,-24.028875
-1368.029,235.67429,-56.902576,94.00038,106.95759,89.188126,-131.46944,-53.23921,55.333096,-31.291965,-1.4603148,16.982311,-22.498951
-1281.1825,235.37839,-106.816605,108.03744,91.62581,105.051094,-118.79853,-67.68468,65.42446,-23.992981,-5.363289,22.582691,-25.964705
-1272.5403,213.41385,-92.95247,109.30136,81.88057,118.60896,-129.68303,-42.80844,58.711952,-38.54587,-3.6753016,23.538631,-23.332031
-1209.9412,227.69891,-128.95982,98.31813,92.97027,117.085014,-133.32355,-35.29122,54.099503,-39.523,8.69333,6.4806404,-16.514704
-1332.8145,237.23816,-84.95119,96.12849,102.690735,106.476944,-124.1069,-51.24028,72.25263,-59.722645,-4.171212,36.386845,-39.346794
-1322.5675,237.51236,-87.643005,96.302376,113.38696,96.76371,-130.7396,-49.559464,69.29888,-45.303253,-7.712733,24.619722,-31.91746
-1263.0061,231.19536,-92.3069,98.52879,93.36752,108.91764,-137.99121,-44.90036,70.10925,-50.04823,-1.2733797,23.54353,-35.66078
-1213.0122,217.9169,-96.54186,92.002205,108.36631,98.2384,-132.15007,-44.62372,50.293556,-35.1694,1.8202313,24.673191,-32.82038
-1249.2532,240.793,-90.9433,83.8375,103.41485,107.09035,-134.2976,-36.223076,41.943382,-36.84259,7.9330997,16.248756,-30.03991
-1175.7859,234.29053,-124.57572,108.6646,75.05596,98.370094,-117.77636,-43.450573,34.201054,-33.67772,13.12763,9.608582,-32.10342
-1245.6414,268.02042,-97.468124,76.109406,92.12668,107.00595,-126.92367,-43.20347,37.01652,-37.71476,3.7355366,17.774223,-25.220425
-1184.457,274.67358,-109.61324,71.920364,58.015488,103.76633,-107.76698,-29.70297,10.610352,-26.157434,18.124487,8.457651,-23.283764
-1395.9312,318.271,-38.979557,27.803917,65.163124,89.25632,-77.38965,-22.833908,15.982174,-44.919083,10.467641,24.230072,-31.041164
-1543.6005,310.3139,-11.872181,15.081737,47.748108,76.04693,-39.35267,12.194321,32.577747,-58.580803,12.664673,23.311235,-44.017147
-1712.4597,300.37396,-4.592067,6.7492065,116.60972,84.938614,-20.180782,11.863408,28.638222,-55.823685,5.212744,36.434967,-57.269737
-1731.832,312.9597,0.42229176,-7.9875326,142.53403,64.421005,-27.266823,23.170177,8.276067,-54.845325,-0.807624,35.755634,-38.316277
-1737.3594,311.24084,8.894309,3.4371297,128.98416,55.99404,-35.75067,30.795301,6.679888,-55.15554,8.617446,31.382462,-27.44686
-1759.1422,304.56583,15.353966,5.7119985,129.54164,58.328888,-21.37967,20.001123,9.317342,-51.438553,5.1421037,29.494951,-23.74102
-1773.7102,325.83417,24.442188,-6.483852,132.76407,66.54338,-25.692204,23.423122,21.23714,-35.108494,0.496796,16.29366,-30.431683
-1796.7178,306.04224,25.942354,-0.6976409,136.17482,59.990208,-23.329924,15.573725,31.314539,-25.508816,-9.724972,22.135944,-25.308046
-1805.4639,302.59186,35.289658,2.1380363,125.91423,60.310013,-18.846533,20.696915,22.02946,-29.542444,0.08749146,29.449156,-19.738232
-1815.4213,302.9804,29.417078,-18.288551,117.914,79.73932,-10.64152,14.725523,25.736513,-16.981277,5.7579317,30.640316,-7.1042423
-1843.125,277.31427,22.807592,-6.4444566,117.04618,72.02381,5.5107965,30.64323,23.00444,-20.05848,13.759232,45.579384,-2.5381556
-2026.5189,240.30597,78.59133,-7.7706623,92.87613,55.988106,17.05788,37.937088,3.9917908,-17.232067,12.718289,20.927944,-15.021423
